0
SECTION
2
HEADER
999
*** POWERPCB  HEADER ***
9
$EXTMIN
10
-121.9345246667
20
-0.227
9
$EXTMAX
10
367.5436093333
20
536.0866906667
9
$FILLMODE
70
0
9
$GRIDMODE
70
1
9
$GRIDUNIT
10
0.05
20
0.05
9
$INSBASE
10
-337.2
20
-532.6
9
$LIMCHECK
70
0
9
$PLINEWID
40
0.000254
9
$SNAPMODE
70
1
9
$SNAPUNIT
10
0.05
20
0.05
9
$TEXTSIZE
40
2.54
9
$TEXTSTYLE
7
W0$254
9
$USERI1
70
101
9
$USERI2
70
1
9
$USERI5
70
150
9
$VIEWCTR
10
-9.5875713333
20
14.9727486667
0
ENDSEC
0
SECTION
2
TABLES
999
*** POWERPCB  LTYPE ***
0
TABLE
2
LTYPE
70
4
0
LTYPE
2
CONTINUOUS
70
64
3
---
72
65
73
0
40
0
0
LTYPE
2
KEEPOUT_00001000$0
70
64
3
---
72
65
73
2
40
2
49
1
49
1
0
LTYPE
2
TRMIDX_0
70
64
3
---
72
65
73
2
40
2
49
1
49
1
0
LTYPE
2
TRMIDX_1
70
64
3
---
72
65
73
2
40
2
49
1
49
1
0
LTYPE
2
KEEPOUT_00011100$0
70
64
3
---
72
65
73
2
40
2
49
1
49
1
0
ENDTAB
999
*** POWERPCB  LAYER ***
0
TABLE
2
LAYER
70
56
0
LAYER
2
DBLAYERS
70
1
62
-255
6
CONTINUOUS
0
LAYER
2
BOARD_OUTLINE_00
70
0
62
255
6
CONTINUOUS
0
LAYER
2
BOARD_CUTOUT_00
70
0
62
255
6
CONTINUOUS
0
LAYER
2
2D_LINE_126
70
1
62
-254
6
CONTINUOUS
0
LAYER
2
LABEL_INFO
70
1
62
-255
6
CONTINUOUS
0
LAYER
2
LABEL_ATTRIBUTE
70
1
62
-255
6
CONTINUOUS
0
LAYER
2
PART_NAME_126
70
1
62
-6
6
CONTINUOUS
0
LAYER
2
ATTRIBUTE_01
70
1
62
-5
6
CONTINUOUS
0
LAYER
2
PART_TYPE_TOP
70
1
62
-250
6
CONTINUOUS
0
LAYER
2
PART_INFO
70
1
62
-255
6
CONTINUOUS
0
LAYER
2
PART_PTS
70
1
62
-255
6
CONTINUOUS
0
LAYER
2
PART_TYPE_126
70
1
62
-250
6
CONTINUOUS
0
LAYER
2
ATTRIBUTE_126
70
1
62
-254
6
CONTINUOUS
0
LAYER
2
PART_NAME_01
70
0
62
254
6
CONTINUOUS
0
LAYER
2
PART_TYPE_01
70
1
62
-250
6
CONTINUOUS
0
LAYER
2
PART_NAME_109
70
1
62
-250
6
CONTINUOUS
0
LAYER
2
ATTRIBUTE_109
70
1
62
-250
6
CONTINUOUS
0
LAYER
2
PART_NAME_TOP
70
1
62
-250
6
CONTINUOUS
0
LAYER
2
SYM_NAME
70
1
62
-255
6
CONTINUOUS
0
LAYER
2
SYM_PART_NAME_01
70
1
62
-255
6
CONTINUOUS
0
LAYER
2
SYM_ATTRIBUTE_01
70
1
62
-255
6
CONTINUOUS
0
LAYER
2
SYM_TERMINAL
70
1
62
-255
6
CONTINUOUS
0
LAYER
2
PKG_INFO
70
1
62
-255
6
CONTINUOUS
0
LAYER
2
SYM_ATTRIBUTE_126
70
1
62
-255
6
CONTINUOUS
0
LAYER
2
SYM_PART_NAME_126
70
1
62
-255
6
CONTINUOUS
0
LAYER
2
SYM_PART_TYPE_126
70
1
62
-255
6
CONTINUOUS
0
LAYER
2
SYM_PART_TYPE_01
70
1
62
-255
6
CONTINUOUS
0
LAYER
2
SYM_PART_NAME_109
70
1
62
-255
6
CONTINUOUS
0
LAYER
2
SYM_ATTRIBUTE_109
70
1
62
-255
6
CONTINUOUS
0
LAYER
2
PART_TOP_2DLINE_01
70
0
62
253
6
CONTINUOUS
0
LAYER
2
KEEPOUT_01
70
0
62
130
6
CONTINUOUS
0
LAYER
2
DRIL_PLTE_THRU_01
70
0
62
34
6
CONTINUOUS
0
LAYER
2
DRIL_PLTE_THRU_02
70
1
62
-171
6
CONTINUOUS
0
LAYER
2
DRIL_PLTE_THRU_03
70
1
62
-222
6
CONTINUOUS
0
LAYER
2
DRIL_PLTE_THRU_04
70
1
62
-2
6
CONTINUOUS
0
LAYER
2
PADS_INNER
70
0
62
43
6
CONTINUOUS
0
LAYER
2
PADS_BOT
70
1
62
-56
6
CONTINUOUS
0
LAYER
2
PADS_TOP
70
0
62
43
6
CONTINUOUS
0
LAYER
2
PART_TOP_2DLINE_00
70
0
62
253
6
CONTINUOUS
0
LAYER
2
PART_TOP_2DLINE_120
70
1
62
-6
6
CONTINUOUS
0
LAYER
2
KEEPOUT_00
70
0
62
130
6
CONTINUOUS
0
LAYER
2
PART_TOP_TEXT_126
70
1
62
-254
6
CONTINUOUS
0
LAYER
2
PART_TOP_2DLINE_126
70
1
62
-254
6
CONTINUOUS
0
LAYER
2
PART_TOP_COPPER_01
70
0
62
253
6
CONTINUOUS
0
LAYER
2
PADS_XR_121
70
1
62
-250
6
CONTINUOUS
0
LAYER
2
PADS_XR_123
70
1
62
-183
6
CONTINUOUS
0
LAYER
2
DRIL_NPLTE_THRU_01
70
0
62
34
6
CONTINUOUS
0
LAYER
2
DRIL_NPLTE_THRU_02
70
1
62
-171
6
CONTINUOUS
0
LAYER
2
DRIL_NPLTE_THRU_03
70
1
62
-222
6
CONTINUOUS
0
LAYER
2
DRIL_NPLTE_THRU_04
70
1
62
-2
6
CONTINUOUS
0
LAYER
2
PART_TOP_2DLINE_127
70
1
62
-43
6
CONTINUOUS
0
LAYER
2
PART_TOP_2DLINE_118
70
1
62
-250
6
CONTINUOUS
0
LAYER
2
PART_TOP_2DLINE_119
70
1
62
-250
6
CONTINUOUS
0
LAYER
2
PADS_TOP_THER
70
1
62
-43
6
CONTINUOUS
0
LAYER
2
PCB_PARAMS
70
1
62
-255
6
CONTINUOUS
0
LAYER
2
DRIL_SYMBOL
70
0
62
255
6
CONTINUOUS
0
ENDTAB
999
*** POWERPCB  TEXT STYLE ***
0
TABLE
2
STYLE
70
18
0
STYLE
2
W0$07
70
64
40
0
41
0.75
42
0
50
0
71
0
3
simplex
0
STYLE
2
W0$127
70
64
40
0
41
0.75
42
0
50
0
71
0
3
simplex
0
STYLE
2
W0$254
70
64
40
0
41
0.75
42
0
50
0
71
0
3
simplex
0
STYLE
2
W0$0508
70
64
40
0
41
0.75
42
0
50
0
71
0
3
simplex
0
STYLE
2
W0$1524
70
64
40
0
41
0.75
42
0
50
0
71
0
3
simplex
0
STYLE
2
W0$0381
70
64
40
0
41
0.75
42
0
50
0
71
0
3
simplex
0
STYLE
2
W0$05
70
64
40
0
41
0.75
42
0
50
0
71
0
3
simplex
0
STYLE
2
W0$1016
70
64
40
0
41
0.75
42
0
50
0
71
0
3
simplex
0
STYLE
2
W0$1
70
64
40
0
41
0.75
42
0
50
0
71
0
3
simplex
0
STYLE
2
W0$127R0
70
64
40
0
41
0.75
42
0
50
0
71
0
3
simplex
0
STYLE
2
W0$254R0
70
64
40
0
41
0.75
42
0
50
0
71
0
3
simplex
0
STYLE
2
W0$0508R0
70
64
40
0
41
0.75
42
0
50
0
71
0
3
simplex
0
STYLE
2
W0$1524R0
70
64
40
0
41
0.75
42
0
50
0
71
0
3
simplex
0
STYLE
2
W0$0381R0
70
64
40
0
41
0.75
42
0
50
0
71
0
3
simplex
0
STYLE
2
W0$05R0
70
64
40
0
41
0.75
42
0
50
0
71
0
3
simplex
0
STYLE
2
W0$127R1
70
64
40
0
41
0.75
42
0
50
0
71
0
3
simplex
0
STYLE
2
W0$1R0
70
64
40
0
41
0.75
42
0
50
0
71
0
3
simplex
0
STYLE
2
W0$1016R0
70
64
40
0
41
0.75
42
0
50
0
71
0
3
simplex
0
ENDTAB
0
ENDSEC
0
SECTION
2
BLOCKS
999
*** POWERPCB  DBLAYER ***
0
BLOCK
2
DBLAYERS
8
0
10
0
20
0
3
DBLAYERS
70
64
0
TEXT
8
DBLAYERS
10
0
20
-3.048
40
1.778
1
__It__Is__Job__Name__:=3308SHAJIN_20200410.PCB
999
 *  1.Number             2.Type                  3.RouteColor
999
 *  4.ViaColor           5.PadColor              6.CopperColor
999
 *  7.2DLineColor        8.TextColor             9.ErrorColor
999
 * 10.TopComponentColor 11.BottomComponentColor 12.RoutingDirection
999
 * 13.LayerThickness    14.CopperThickness      15.Dielectric
999
 * 16.IsRouteable       17.IsVisible            18.IsSelectable
999
 * 19.IsPrepreg         20.AssSilkScreen        21.AssPasteMask
999
 * 22.AssSolderMask     23.AssAssembly
0
TEXT
8
DBLAYERS
10
0
20
-6.096
40
1.778
1
Top:=1 1 2 2 30 2 2 2 12 7 0 0 381000 51435 4.3000001907 1 1 1 0 126 123 121 127 0 0 1 8 0 9 27 
0
TEXT
8
DBLAYERS
10
0
20
-9.144
40
1.778
1
Silkscreen Top:=126 3 0 0 0 8 8 8 0 8 0 2 0 0 3.2999999523 0 0 1 0 -1 -1 -1 -1 0 0 0 13 0 8 8 
0
ENDBLK
999
*** POWERPCB  BOARD ***
0
BLOCK
2
BOARD_33
8
0
10
0
20
0
3
BOARD_33
70
64
0
POLYLINE
8
BOARD_OUTLINE_00
66
1
40
0.1
41
0.1
70
1
0
VERTEX
8
BOARD_OUTLINE_00
10
0
20
-0.4
0
VERTEX
8
BOARD_OUTLINE_00
10
120
20
-0.4
0
VERTEX
8
BOARD_OUTLINE_00
10
120
20
-75.4
0
VERTEX
8
BOARD_OUTLINE_00
10
0
20
-75.4
0
SEQEND
0
INSERT
2
SMOOTH_0$1
8
BOARD_OUTLINE_00
10
0
20
-0.4
0
INSERT
2
SMOOTH_0$1
8
BOARD_OUTLINE_00
10
120
20
-0.4
0
INSERT
2
SMOOTH_0$1
8
BOARD_OUTLINE_00
10
120
20
-75.4
0
INSERT
2
SMOOTH_0$1
8
BOARD_OUTLINE_00
10
0
20
-75.4
0
POLYLINE
8
BOARD_CUTOUT_00
66
1
40
0.1
41
0.1
70
1
0
VERTEX
8
BOARD_CUTOUT_00
10
70.6
20
-43.55
0
VERTEX
8
BOARD_CUTOUT_00
10
97.4
20
-43.55
0
VERTEX
8
BOARD_CUTOUT_00
10
97.4
20
-46.7
0
VERTEX
8
BOARD_CUTOUT_00
10
70.6
20
-46.7
0
SEQEND
0
INSERT
2
SMOOTH_0$1
8
BOARD_CUTOUT_00
10
70.6
20
-43.55
0
INSERT
2
SMOOTH_0$1
8
BOARD_CUTOUT_00
10
97.4
20
-43.55
0
INSERT
2
SMOOTH_0$1
8
BOARD_CUTOUT_00
10
97.4
20
-46.7
0
INSERT
2
SMOOTH_0$1
8
BOARD_CUTOUT_00
10
70.6
20
-46.7
0
POLYLINE
8
BOARD_CUTOUT_00
66
1
40
0.1
41
0.1
70
1
0
VERTEX
8
BOARD_CUTOUT_00
10
15.3
20
-47.4
0
VERTEX
8
BOARD_CUTOUT_00
10
26.9
20
-47.4
0
VERTEX
8
BOARD_CUTOUT_00
10
26.9
20
-51.15
0
VERTEX
8
BOARD_CUTOUT_00
10
15.3
20
-51.15
0
SEQEND
0
INSERT
2
SMOOTH_0$1
8
BOARD_CUTOUT_00
10
15.3
20
-47.4
0
INSERT
2
SMOOTH_0$1
8
BOARD_CUTOUT_00
10
26.9
20
-47.4
0
INSERT
2
SMOOTH_0$1
8
BOARD_CUTOUT_00
10
26.9
20
-51.15
0
INSERT
2
SMOOTH_0$1
8
BOARD_CUTOUT_00
10
15.3
20
-51.15
0
POLYLINE
8
BOARD_CUTOUT_00
66
1
40
0.1
41
0.1
70
1
0
VERTEX
8
BOARD_CUTOUT_00
10
1.5
20
-30.7
0
VERTEX
8
BOARD_CUTOUT_00
10
3.3
20
-30.7
0
VERTEX
8
BOARD_CUTOUT_00
10
3.3
20
-32.5
0
VERTEX
8
BOARD_CUTOUT_00
10
1.5
20
-32.5
0
SEQEND
0
INSERT
2
SMOOTH_0$1
8
BOARD_CUTOUT_00
10
1.5
20
-30.7
0
INSERT
2
SMOOTH_0$1
8
BOARD_CUTOUT_00
10
3.3
20
-30.7
0
INSERT
2
SMOOTH_0$1
8
BOARD_CUTOUT_00
10
3.3
20
-32.5
0
INSERT
2
SMOOTH_0$1
8
BOARD_CUTOUT_00
10
1.5
20
-32.5
0
POLYLINE
8
BOARD_CUTOUT_00
66
1
40
0.1
41
0.1
70
1
0
VERTEX
8
BOARD_CUTOUT_00
10
43.8
20
-28.8
0
VERTEX
8
BOARD_CUTOUT_00
10
37.2
20
-28.8
0
VERTEX
8
BOARD_CUTOUT_00
10
37.2
20
-41.3
0
VERTEX
8
BOARD_CUTOUT_00
10
35.15
20
-41.3
0
VERTEX
8
BOARD_CUTOUT_00
10
35.15
20
-52.75
0
VERTEX
8
BOARD_CUTOUT_00
10
46.55
20
-52.75
0
VERTEX
8
BOARD_CUTOUT_00
10
46.55
20
-42.65
0
VERTEX
8
BOARD_CUTOUT_00
10
54.15
20
-42.65
0
VERTEX
8
BOARD_CUTOUT_00
10
54.15
20
-32.9
0
VERTEX
8
BOARD_CUTOUT_00
10
43.8
20
-32.9
0
SEQEND
0
INSERT
2
SMOOTH_0$1
8
BOARD_CUTOUT_00
10
43.8
20
-28.8
0
INSERT
2
SMOOTH_0$1
8
BOARD_CUTOUT_00
10
37.2
20
-28.8
0
INSERT
2
SMOOTH_0$1
8
BOARD_CUTOUT_00
10
37.2
20
-41.3
0
INSERT
2
SMOOTH_0$1
8
BOARD_CUTOUT_00
10
35.15
20
-41.3
0
INSERT
2
SMOOTH_0$1
8
BOARD_CUTOUT_00
10
35.15
20
-52.75
0
INSERT
2
SMOOTH_0$1
8
BOARD_CUTOUT_00
10
46.55
20
-52.75
0
INSERT
2
SMOOTH_0$1
8
BOARD_CUTOUT_00
10
46.55
20
-42.65
0
INSERT
2
SMOOTH_0$1
8
BOARD_CUTOUT_00
10
54.15
20
-42.65
0
INSERT
2
SMOOTH_0$1
8
BOARD_CUTOUT_00
10
54.15
20
-32.9
0
INSERT
2
SMOOTH_0$1
8
BOARD_CUTOUT_00
10
43.8
20
-32.9
0
POLYLINE
8
BOARD_CUTOUT_00
66
1
40
0.1
41
0.1
70
1
0
VERTEX
8
BOARD_CUTOUT_00
10
54.7
20
-36.25
0
VERTEX
8
BOARD_CUTOUT_00
10
59.55
20
-36.25
0
VERTEX
8
BOARD_CUTOUT_00
10
59.55
20
-41.2
0
VERTEX
8
BOARD_CUTOUT_00
10
54.7
20
-41.2
0
SEQEND
0
INSERT
2
SMOOTH_0$1
8
BOARD_CUTOUT_00
10
54.7
20
-36.25
0
INSERT
2
SMOOTH_0$1
8
BOARD_CUTOUT_00
10
59.55
20
-36.25
0
INSERT
2
SMOOTH_0$1
8
BOARD_CUTOUT_00
10
59.55
20
-41.2
0
INSERT
2
SMOOTH_0$1
8
BOARD_CUTOUT_00
10
54.7
20
-41.2
0
POLYLINE
8
BOARD_CUTOUT_00
66
1
40
0.1
41
0.1
70
1
0
VERTEX
8
BOARD_CUTOUT_00
10
60.6
20
-43.6
0
VERTEX
8
BOARD_CUTOUT_00
10
65.7
20
-43.6
0
VERTEX
8
BOARD_CUTOUT_00
10
65.7
20
-47.75
0
VERTEX
8
BOARD_CUTOUT_00
10
60.6
20
-47.75
0
SEQEND
0
INSERT
2
SMOOTH_0$1
8
BOARD_CUTOUT_00
10
60.6
20
-43.6
0
INSERT
2
SMOOTH_0$1
8
BOARD_CUTOUT_00
10
65.7
20
-43.6
0
INSERT
2
SMOOTH_0$1
8
BOARD_CUTOUT_00
10
65.7
20
-47.75
0
INSERT
2
SMOOTH_0$1
8
BOARD_CUTOUT_00
10
60.6
20
-47.75
0
ENDBLK
999
*** POWERPCB  2DLINE ***
0
BLOCK
2
DRAWING_1
8
0
10
0
20
0
3
DRAWING_1
70
64
0
POLYLINE
8
2D_LINE_126
66
1
40
0.254
41
0.254
70
1
0
VERTEX
8
2D_LINE_126
10
0
20
0
0
VERTEX
8
2D_LINE_126
10
23.9
20
0
0
VERTEX
8
2D_LINE_126
10
23.9
20
28.1
0
VERTEX
8
2D_LINE_126
10
0
20
28.1
0
SEQEND
0
INSERT
2
SMOOTH_0$254
8
2D_LINE_126
10
0
20
0
0
INSERT
2
SMOOTH_0$254
8
2D_LINE_126
10
23.9
20
0
0
INSERT
2
SMOOTH_0$254
8
2D_LINE_126
10
23.9
20
28.1
0
INSERT
2
SMOOTH_0$254
8
2D_LINE_126
10
0
20
28.1
0
ENDBLK
0
BLOCK
2
DRAWING_2
8
0
10
0
20
0
3
DRAWING_2
70
64
0
POLYLINE
8
2D_LINE_126
66
1
40
0.254
41
0.254
70
1
0
VERTEX
8
2D_LINE_126
10
0
20
0
0
VERTEX
8
2D_LINE_126
10
15.2
20
0
0
VERTEX
8
2D_LINE_126
10
15.2
20
24
0
VERTEX
8
2D_LINE_126
10
0
20
24
0
SEQEND
0
INSERT
2
SMOOTH_0$254
8
2D_LINE_126
10
0
20
0
0
INSERT
2
SMOOTH_0$254
8
2D_LINE_126
10
15.2
20
0
0
INSERT
2
SMOOTH_0$254
8
2D_LINE_126
10
15.2
20
24
0
INSERT
2
SMOOTH_0$254
8
2D_LINE_126
10
0
20
24
0
ENDBLK
999
*** POWERPCB  COMPONENT ***
0
BLOCK
2
PART_TOP_0
8
0
10
0
20
0
3
PART_TOP_0
70
64
0
INSERT
2
SYM_TOP_46
8
0
10
0
20
0
0
INSERT
2
PKG_41
8
0
10
0
20
0
0
TEXT
8
LABEL_INFO
10
0
20
-0.3591966667
40
0.49
1
0 324000000 1 1 0 1
72
1
73
1
11
0
21
-0.3591966667
50
180
41
0.75
7
W0$07
0
TEXT
8
LABEL_ATTRIBUTE
10
0
20
-0.3591966667
40
0.49
1
Ref.Des.
72
1
73
1
11
0
21
-0.3591966667
50
180
41
0.75
7
W0$07
0
TEXT
8
PART_NAME_126
10
0
20
-0.3591966667
40
0.49
1
Y3
72
1
73
2
11
0
21
-0.3591966667
50
180
41
0.75
7
W0$07
0
TEXT
8
LABEL_INFO
10
-2.1999993333
20
1.5782006667
40
0.889
1
0 0 0 0 0 1
41
0.75
7
W0$127
0
TEXT
8
LABEL_ATTRIBUTE
10
-2.1999993333
20
1.5782006667
40
0.889
1
Comment
41
0.75
7
W0$127
0
TEXT
8
ATTRIBUTE_01
10
-2.1999993333
20
1.5782006667
40
0.889
1
 
41
0.75
7
W0$127
0
TEXT
8
PART_TYPE_TOP
10
-2.1999993333
20
0.3082006667
40
0.889
1
CRY-D3225
41
0.75
7
W0$127
0
TEXT
8
PART_INFO
10
-2.1999993333
20
-0.9617993333
40
0.889
1
000000
41
0.75
7
W0$127
0
TEXT
8
PART_PTS
10
-2.1999993333
20
-2.2317993333
40
0.889
1
1 2 3 4 
41
0.75
7
W0$127
0
ENDBLK
0
BLOCK
2
PART_TOP_1
8
0
10
0
20
0
3
PART_TOP_1
70
64
0
INSERT
2
SYM_TOP_7
8
0
10
0
20
0
0
INSERT
2
PKG_3
8
0
10
0
20
0
0
TEXT
8
LABEL_INFO
10
0
20
0
40
0.49
1
0 0 1 1 0 1
72
1
73
1
11
0
21
0
41
0.75
7
W0$07
0
TEXT
8
LABEL_ATTRIBUTE
10
0
20
0
40
0.49
1
Ref.Des.
72
1
73
1
11
0
21
0
41
0.75
7
W0$07
0
TEXT
8
PART_NAME_126
10
0
20
0
40
0.49
1
C72
72
1
73
2
11
0
21
0
41
0.75
7
W0$07
0
TEXT
8
LABEL_INFO
10
0
20
0
40
1.0668
1
0 0 1 1 0 1
72
1
73
1
11
0
21
0
41
0.75
7
W0$254
0
TEXT
8
LABEL_ATTRIBUTE
10
0
20
0
40
1.0668
1
PartType
72
1
73
1
11
0
21
0
41
0.75
7
W0$254
0
TEXT
8
PART_TYPE_126
10
0
20
0
40
1.0668
1
C0805
72
1
73
2
11
0
21
0
41
0.75
7
W0$254
0
TEXT
8
LABEL_INFO
10
0
20
0
40
1.0668
1
0 0 1 1 0 0
72
1
73
1
11
0
21
0
41
0.75
7
W0$254
0
TEXT
8
LABEL_ATTRIBUTE
10
0
20
0
40
1.0668
1
Ref.Des.
72
1
73
1
11
0
21
0
41
0.75
7
W0$254
0
TEXT
8
PART_NAME_126
10
0
20
0
40
1.0668
1
C72
72
1
73
2
11
0
21
0
41
0.75
7
W0$254
0
TEXT
8
PART_INFO
10
0
20
-1.524
40
1.0668
1
000000
72
1
73
2
11
0
21
-1.524
41
0.75
7
W0$254
0
TEXT
8
PART_PTS
10
0
20
-3.048
40
1.0668
1
1 2 
72
1
73
2
11
0
21
-3.048
41
0.75
7
W0$254
0
ENDBLK
0
BLOCK
2
PART_TOP_2
8
0
10
0
20
0
3
PART_TOP_2
70
64
0
INSERT
2
SYM_TOP_4
8
0
10
0
20
0
0
INSERT
2
PKG_0
8
0
10
0
20
0
0
TEXT
8
LABEL_INFO
10
0.9650346667
20
-0.019864
40
0.49
1
0 0 1 1 0 1
72
1
73
1
11
0.9650346667
21
-0.019864
41
0.75
7
W0$07
0
TEXT
8
LABEL_ATTRIBUTE
10
0.9650346667
20
-0.019864
40
0.49
1
Ref.Des.
72
1
73
1
11
0.9650346667
21
-0.019864
41
0.75
7
W0$07
0
TEXT
8
PART_NAME_126
10
0.9650346667
20
-0.019864
40
0.49
1
ANT1
72
1
73
2
11
0.9650346667
21
-0.019864
41
0.75
7
W0$07
0
TEXT
8
LABEL_INFO
10
0.9650346667
20
-0.019864
40
0.889
1
0 0 1 1 0 1
72
1
73
1
11
0.9650346667
21
-0.019864
41
0.75
7
W0$127
0
TEXT
8
LABEL_ATTRIBUTE
10
0.9650346667
20
-0.019864
40
0.889
1
Comment
72
1
73
1
11
0.9650346667
21
-0.019864
41
0.75
7
W0$127
0
TEXT
8
ATTRIBUTE_126
10
0.9650346667
20
-0.019864
40
0.889
1
 
72
1
73
2
11
0.9650346667
21
-0.019864
41
0.75
7
W0$127
0
TEXT
8
PART_TYPE_TOP
10
0.9650346667
20
-1.289864
40
0.889
1
ANT_JACK
72
1
73
2
11
0.9650346667
21
-1.289864
41
0.75
7
W0$127
0
TEXT
8
PART_INFO
10
0.9650346667
20
-2.559864
40
0.889
1
000000
72
1
73
2
11
0.9650346667
21
-2.559864
41
0.75
7
W0$127
0
TEXT
8
PART_PTS
10
0.9650346667
20
-3.829864
40
0.889
1
1 2 3 
72
1
73
2
11
0.9650346667
21
-3.829864
41
0.75
7
W0$127
0
ENDBLK
0
BLOCK
2
PART_TOP_3
8
0
10
0
20
0
3
PART_TOP_3
70
64
0
INSERT
2
SYM_TOP_5
8
0
10
0
20
0
0
INSERT
2
PKG_1
8
0
10
0
20
0
0
TEXT
8
LABEL_INFO
10
0
20
0
40
0.49
1
0 324000000 1 1 0 1
72
1
73
1
11
0
21
0
50
180
41
0.75
7
W0$07
0
TEXT
8
LABEL_ATTRIBUTE
10
0
20
0
40
0.49
1
Ref.Des.
72
1
73
1
11
0
21
0
50
180
41
0.75
7
W0$07
0
TEXT
8
PART_NAME_126
10
0
20
0
40
0.49
1
C1
72
1
73
2
11
0
21
0
50
180
41
0.75
7
W0$07
0
TEXT
8
LABEL_INFO
10
0
20
0
40
1.0668
1
0 324000000 1 1 0 0
72
1
73
1
11
0
21
0
50
180
41
0.75
7
W0$254
0
TEXT
8
LABEL_ATTRIBUTE
10
0
20
0
40
1.0668
1
Ref.Des.
72
1
73
1
11
0
21
0
50
180
41
0.75
7
W0$254
0
TEXT
8
PART_NAME_126
10
0
20
0
40
1.0668
1
C1
72
1
73
2
11
0
21
0
50
180
41
0.75
7
W0$254
0
TEXT
8
LABEL_INFO
10
0
20
0
40
1.0668
1
0 324000000 1 1 0 1
72
1
73
1
11
0
21
0
50
180
41
0.75
7
W0$254
0
TEXT
8
LABEL_ATTRIBUTE
10
0
20
0
40
1.0668
1
PartType
72
1
73
1
11
0
21
0
50
180
41
0.75
7
W0$254
0
TEXT
8
PART_TYPE_126
10
0
20
0
40
1.0668
1
C0402
72
1
73
2
11
0
21
0
50
180
41
0.75
7
W0$254
0
TEXT
8
PART_INFO
10
0
20
-1.524
40
1.0668
1
000000
72
1
73
2
11
0
21
-1.524
50
180
41
0.75
7
W0$254
0
TEXT
8
PART_PTS
10
0
20
-3.048
40
1.0668
1
1 2 
72
1
73
2
11
0
21
-3.048
50
180
41
0.75
7
W0$254
0
ENDBLK
0
BLOCK
2
PART_TOP_4
8
0
10
0
20
0
3
PART_TOP_4
70
64
0
INSERT
2
SYM_TOP_5
8
0
10
0
20
0
0
INSERT
2
PKG_1
8
0
10
0
20
0
0
TEXT
8
LABEL_INFO
10
0
20
0
40
0.49
1
0 0 1 1 0 1
72
1
73
1
11
0
21
0
41
0.75
7
W0$07
0
TEXT
8
LABEL_ATTRIBUTE
10
0
20
0
40
0.49
1
Ref.Des.
72
1
73
1
11
0
21
0
41
0.75
7
W0$07
0
TEXT
8
PART_NAME_126
10
0
20
0
40
0.49
1
C12
72
1
73
2
11
0
21
0
41
0.75
7
W0$07
0
TEXT
8
LABEL_INFO
10
0
20
0
40
1.0668
1
0 0 1 1 0 0
72
1
73
1
11
0
21
0
41
0.75
7
W0$254
0
TEXT
8
LABEL_ATTRIBUTE
10
0
20
0
40
1.0668
1
Ref.Des.
72
1
73
1
11
0
21
0
41
0.75
7
W0$254
0
TEXT
8
PART_NAME_126
10
0
20
0
40
1.0668
1
C12
72
1
73
2
11
0
21
0
41
0.75
7
W0$254
0
TEXT
8
LABEL_INFO
10
0
20
0
40
1.0668
1
0 0 1 1 0 1
72
1
73
1
11
0
21
0
41
0.75
7
W0$254
0
TEXT
8
LABEL_ATTRIBUTE
10
0
20
0
40
1.0668
1
PartType
72
1
73
1
11
0
21
0
41
0.75
7
W0$254
0
TEXT
8
PART_TYPE_126
10
0
20
0
40
1.0668
1
C0402
72
1
73
2
11
0
21
0
41
0.75
7
W0$254
0
TEXT
8
PART_INFO
10
0
20
-1.524
40
1.0668
1
000000
72
1
73
2
11
0
21
-1.524
41
0.75
7
W0$254
0
TEXT
8
PART_PTS
10
0
20
-3.048
40
1.0668
1
1 2 
72
1
73
2
11
0
21
-3.048
41
0.75
7
W0$254
0
ENDBLK
0
BLOCK
2
PART_TOP_5
8
0
10
0
20
0
3
PART_TOP_5
70
64
0
INSERT
2
SYM_TOP_6
8
0
10
0
20
0
0
INSERT
2
PKG_2
8
0
10
0
20
0
0
TEXT
8
LABEL_INFO
10
0
20
0
40
0.49
1
0 324000000 1 1 0 1
72
1
73
1
11
0
21
0
50
180
41
0.75
7
W0$07
0
TEXT
8
LABEL_ATTRIBUTE
10
0
20
0
40
0.49
1
Ref.Des.
72
1
73
1
11
0
21
0
50
180
41
0.75
7
W0$07
0
TEXT
8
PART_NAME_126
10
0
20
0
40
0.49
1
C13
72
1
73
2
11
0
21
0
50
180
41
0.75
7
W0$07
0
TEXT
8
LABEL_INFO
10
2.2590093333
20
0.126492
40
0.889
1
0 0 0 0 0 0
41
0.75
7
W0$127
0
TEXT
8
LABEL_ATTRIBUTE
10
2.2590093333
20
0.126492
40
0.889
1
Ref.Des.
41
0.75
7
W0$127
0
TEXT
8
PART_NAME_01
10
2.2590093333
20
0.126492
40
0.889
1
C13
41
0.75
7
W0$127
0
TEXT
8
LABEL_INFO
10
2.2590093333
20
0.126492
40
0.889
1
0 0 0 2 0 1
73
2
11
2.2590093333
21
0.126492
41
0.75
7
W0$127
0
TEXT
8
LABEL_ATTRIBUTE
10
2.2590093333
20
0.126492
40
0.889
1
PartType
73
2
11
2.2590093333
21
0.126492
41
0.75
7
W0$127
0
TEXT
8
PART_TYPE_01
10
2.2590093333
20
0.126492
40
0.889
1
C0603
73
3
11
2.2590093333
21
0.126492
41
0.75
7
W0$127
0
TEXT
8
PART_INFO
10
2.2590093333
20
-1.143508
40
0.889
1
000000
73
3
11
2.2590093333
21
-1.143508
41
0.75
7
W0$127
0
TEXT
8
PART_PTS
10
2.2590093333
20
-2.413508
40
0.889
1
1 2 
73
3
11
2.2590093333
21
-2.413508
41
0.75
7
W0$127
0
ENDBLK
0
BLOCK
2
PART_TOP_6
8
0
10
0
20
0
3
PART_TOP_6
70
64
0
INSERT
2
SYM_TOP_5
8
0
10
0
20
0
0
INSERT
2
PKG_1
8
0
10
0
20
0
0
TEXT
8
LABEL_INFO
10
0
20
0
40
0.49
1
0 0 1 1 0 1
72
1
73
1
11
0
21
0
41
0.75
7
W0$07
0
TEXT
8
LABEL_ATTRIBUTE
10
0
20
0
40
0.49
1
Ref.Des.
72
1
73
1
11
0
21
0
41
0.75
7
W0$07
0
TEXT
8
PART_NAME_126
10
0
20
0
40
0.49
1
C18
72
1
73
2
11
0
21
0
41
0.75
7
W0$07
0
TEXT
8
LABEL_INFO
10
0
20
0
40
1.0668
1
0 0 1 1 0 0
72
1
73
1
11
0
21
0
41
0.75
7
W0$254
0
TEXT
8
LABEL_ATTRIBUTE
10
0
20
0
40
1.0668
1
Ref.Des.
72
1
73
1
11
0
21
0
41
0.75
7
W0$254
0
TEXT
8
PART_NAME_126
10
0
20
0
40
1.0668
1
C18
72
1
73
2
11
0
21
0
41
0.75
7
W0$254
0
TEXT
8
LABEL_INFO
10
0
20
0
40
1.0668
1
0 0 1 1 0 1
72
1
73
1
11
0
21
0
41
0.75
7
W0$254
0
TEXT
8
LABEL_ATTRIBUTE
10
0
20
0
40
1.0668
1
PartType
72
1
73
1
11
0
21
0
41
0.75
7
W0$254
0
TEXT
8
PART_TYPE_126
10
0
20
0
40
1.0668
1
C0402
72
1
73
2
11
0
21
0
41
0.75
7
W0$254
0
TEXT
8
PART_INFO
10
0
20
-1.524
40
1.0668
1
000000
72
1
73
2
11
0
21
-1.524
41
0.75
7
W0$254
0
TEXT
8
PART_PTS
10
0
20
-3.048
40
1.0668
1
1 2 
72
1
73
2
11
0
21
-3.048
41
0.75
7
W0$254
0
ENDBLK
0
BLOCK
2
PART_TOP_7
8
0
10
0
20
0
3
PART_TOP_7
70
64
0
INSERT
2
SYM_TOP_6
8
0
10
0
20
0
0
INSERT
2
PKG_2
8
0
10
0
20
0
0
TEXT
8
LABEL_INFO
10
0
20
0
40
0.49
1
0 324000000 1 1 0 1
72
1
73
1
11
0
21
0
50
180
41
0.75
7
W0$07
0
TEXT
8
LABEL_ATTRIBUTE
10
0
20
0
40
0.49
1
Ref.Des.
72
1
73
1
11
0
21
0
50
180
41
0.75
7
W0$07
0
TEXT
8
PART_NAME_126
10
0
20
0
40
0.49
1
C2
72
1
73
2
11
0
21
0
50
180
41
0.75
7
W0$07
0
TEXT
8
LABEL_INFO
10
2.2590093333
20
0.126492
40
0.889
1
0 0 0 0 0 0
41
0.75
7
W0$127
0
TEXT
8
LABEL_ATTRIBUTE
10
2.2590093333
20
0.126492
40
0.889
1
Ref.Des.
41
0.75
7
W0$127
0
TEXT
8
PART_NAME_01
10
2.2590093333
20
0.126492
40
0.889
1
C2
41
0.75
7
W0$127
0
TEXT
8
LABEL_INFO
10
2.2590093333
20
0.126492
40
0.889
1
0 0 0 2 0 1
73
2
11
2.2590093333
21
0.126492
41
0.75
7
W0$127
0
TEXT
8
LABEL_ATTRIBUTE
10
2.2590093333
20
0.126492
40
0.889
1
PartType
73
2
11
2.2590093333
21
0.126492
41
0.75
7
W0$127
0
TEXT
8
PART_TYPE_01
10
2.2590093333
20
0.126492
40
0.889
1
C0603
73
3
11
2.2590093333
21
0.126492
41
0.75
7
W0$127
0
TEXT
8
PART_INFO
10
2.2590093333
20
-1.143508
40
0.889
1
000000
73
3
11
2.2590093333
21
-1.143508
41
0.75
7
W0$127
0
TEXT
8
PART_PTS
10
2.2590093333
20
-2.413508
40
0.889
1
1 2 
73
3
11
2.2590093333
21
-2.413508
41
0.75
7
W0$127
0
ENDBLK
0
BLOCK
2
PART_TOP_8
8
0
10
0
20
0
3
PART_TOP_8
70
64
0
INSERT
2
SYM_TOP_5
8
0
10
0
20
0
0
INSERT
2
PKG_1
8
0
10
0
20
0
0
TEXT
8
LABEL_INFO
10
0
20
0
40
0.49
1
0 0 1 1 0 1
72
1
73
1
11
0
21
0
41
0.75
7
W0$07
0
TEXT
8
LABEL_ATTRIBUTE
10
0
20
0
40
0.49
1
Ref.Des.
72
1
73
1
11
0
21
0
41
0.75
7
W0$07
0
TEXT
8
PART_NAME_126
10
0
20
0
40
0.49
1
C22
72
1
73
2
11
0
21
0
41
0.75
7
W0$07
0
TEXT
8
LABEL_INFO
10
0
20
0
40
1.0668
1
0 0 1 1 0 0
72
1
73
1
11
0
21
0
41
0.75
7
W0$254
0
TEXT
8
LABEL_ATTRIBUTE
10
0
20
0
40
1.0668
1
Ref.Des.
72
1
73
1
11
0
21
0
41
0.75
7
W0$254
0
TEXT
8
PART_NAME_126
10
0
20
0
40
1.0668
1
C22
72
1
73
2
11
0
21
0
41
0.75
7
W0$254
0
TEXT
8
LABEL_INFO
10
0
20
0
40
1.0668
1
0 0 1 1 0 1
72
1
73
1
11
0
21
0
41
0.75
7
W0$254
0
TEXT
8
LABEL_ATTRIBUTE
10
0
20
0
40
1.0668
1
PartType
72
1
73
1
11
0
21
0
41
0.75
7
W0$254
0
TEXT
8
PART_TYPE_126
10
0
20
0
40
1.0668
1
C0402
72
1
73
2
11
0
21
0
41
0.75
7
W0$254
0
TEXT
8
PART_INFO
10
0
20
-1.524
40
1.0668
1
000000
72
1
73
2
11
0
21
-1.524
41
0.75
7
W0$254
0
TEXT
8
PART_PTS
10
0
20
-3.048
40
1.0668
1
1 2 
72
1
73
2
11
0
21
-3.048
41
0.75
7
W0$254
0
ENDBLK
0
BLOCK
2
PART_TOP_9
8
0
10
0
20
0
3
PART_TOP_9
70
64
0
INSERT
2
SYM_TOP_5
8
0
10
0
20
0
0
INSERT
2
PKG_1
8
0
10
0
20
0
0
TEXT
8
LABEL_INFO
10
0
20
0
40
0.49
1
0 0 1 1 0 1
72
1
73
1
11
0
21
0
41
0.75
7
W0$07
0
TEXT
8
LABEL_ATTRIBUTE
10
0
20
0
40
0.49
1
Ref.Des.
72
1
73
1
11
0
21
0
41
0.75
7
W0$07
0
TEXT
8
PART_NAME_126
10
0
20
0
40
0.49
1
C26
72
1
73
2
11
0
21
0
41
0.75
7
W0$07
0
TEXT
8
LABEL_INFO
10
0
20
0
40
1.0668
1
0 0 1 1 0 0
72
1
73
1
11
0
21
0
41
0.75
7
W0$254
0
TEXT
8
LABEL_ATTRIBUTE
10
0
20
0
40
1.0668
1
Ref.Des.
72
1
73
1
11
0
21
0
41
0.75
7
W0$254
0
TEXT
8
PART_NAME_126
10
0
20
0
40
1.0668
1
C26
72
1
73
2
11
0
21
0
41
0.75
7
W0$254
0
TEXT
8
LABEL_INFO
10
0
20
0
40
1.0668
1
0 0 1 1 0 1
72
1
73
1
11
0
21
0
41
0.75
7
W0$254
0
TEXT
8
LABEL_ATTRIBUTE
10
0
20
0
40
1.0668
1
PartType
72
1
73
1
11
0
21
0
41
0.75
7
W0$254
0
TEXT
8
PART_TYPE_126
10
0
20
0
40
1.0668
1
C0402
72
1
73
2
11
0
21
0
41
0.75
7
W0$254
0
TEXT
8
PART_INFO
10
0
20
-1.524
40
1.0668
1
000000
72
1
73
2
11
0
21
-1.524
41
0.75
7
W0$254
0
TEXT
8
PART_PTS
10
0
20
-3.048
40
1.0668
1
1 2 
72
1
73
2
11
0
21
-3.048
41
0.75
7
W0$254
0
ENDBLK
0
BLOCK
2
PART_TOP_10
8
0
10
0
20
0
3
PART_TOP_10
70
64
0
INSERT
2
SYM_TOP_7
8
0
10
0
20
0
0
INSERT
2
PKG_3
8
0
10
0
20
0
0
TEXT
8
LABEL_INFO
10
0
20
0
40
0.49
1
0 324000000 1 1 0 1
72
1
73
1
11
0
21
0
50
180
41
0.75
7
W0$07
0
TEXT
8
LABEL_ATTRIBUTE
10
0
20
0
40
0.49
1
Ref.Des.
72
1
73
1
11
0
21
0
50
180
41
0.75
7
W0$07
0
TEXT
8
PART_NAME_126
10
0
20
0
40
0.49
1
C28
72
1
73
2
11
0
21
0
50
180
41
0.75
7
W0$07
0
TEXT
8
PART_TYPE_TOP
10
0
20
-0.7
40
0.49
1
C0805
72
1
73
2
11
0
21
-0.7
50
180
41
0.75
7
W0$07
0
TEXT
8
PART_INFO
10
0
20
-1.4
40
0.49
1
000000
72
1
73
2
11
0
21
-1.4
50
180
41
0.75
7
W0$07
0
TEXT
8
PART_PTS
10
0
20
-2.1
40
0.49
1
1 2 
72
1
73
2
11
0
21
-2.1
50
180
41
0.75
7
W0$07
0
ENDBLK
0
BLOCK
2
PART_TOP_11
8
0
10
0
20
0
3
PART_TOP_11
70
64
0
INSERT
2
SYM_TOP_5
8
0
10
0
20
0
0
INSERT
2
PKG_1
8
0
10
0
20
0
0
TEXT
8
LABEL_INFO
10
0
20
0
40
0.49
1
0 324000000 1 1 0 1
72
1
73
1
11
0
21
0
50
180
41
0.75
7
W0$07
0
TEXT
8
LABEL_ATTRIBUTE
10
0
20
0
40
0.49
1
Ref.Des.
72
1
73
1
11
0
21
0
50
180
41
0.75
7
W0$07
0
TEXT
8
PART_NAME_126
10
0
20
0
40
0.49
1
C3
72
1
73
2
11
0
21
0
50
180
41
0.75
7
W0$07
0
TEXT
8
LABEL_INFO
10
0
20
0
40
1.0668
1
0 324000000 1 1 0 0
72
1
73
1
11
0
21
0
50
180
41
0.75
7
W0$254
0
TEXT
8
LABEL_ATTRIBUTE
10
0
20
0
40
1.0668
1
Ref.Des.
72
1
73
1
11
0
21
0
50
180
41
0.75
7
W0$254
0
TEXT
8
PART_NAME_126
10
0
20
0
40
1.0668
1
C3
72
1
73
2
11
0
21
0
50
180
41
0.75
7
W0$254
0
TEXT
8
LABEL_INFO
10
0
20
0
40
1.0668
1
0 324000000 1 1 0 1
72
1
73
1
11
0
21
0
50
180
41
0.75
7
W0$254
0
TEXT
8
LABEL_ATTRIBUTE
10
0
20
0
40
1.0668
1
PartType
72
1
73
1
11
0
21
0
50
180
41
0.75
7
W0$254
0
TEXT
8
PART_TYPE_126
10
0
20
0
40
1.0668
1
C0402
72
1
73
2
11
0
21
0
50
180
41
0.75
7
W0$254
0
TEXT
8
PART_INFO
10
0
20
-1.524
40
1.0668
1
000000
72
1
73
2
11
0
21
-1.524
50
180
41
0.75
7
W0$254
0
TEXT
8
PART_PTS
10
0
20
-3.048
40
1.0668
1
1 2 
72
1
73
2
11
0
21
-3.048
50
180
41
0.75
7
W0$254
0
ENDBLK
0
BLOCK
2
PART_TOP_12
8
0
10
0
20
0
3
PART_TOP_12
70
64
0
INSERT
2
SYM_TOP_5
8
0
10
0
20
0
0
INSERT
2
PKG_1
8
0
10
0
20
0
0
TEXT
8
LABEL_INFO
10
0
20
0
40
0.49
1
0 324000000 1 1 0 1
72
1
73
1
11
0
21
0
50
180
41
0.75
7
W0$07
0
TEXT
8
LABEL_ATTRIBUTE
10
0
20
0
40
0.49
1
Ref.Des.
72
1
73
1
11
0
21
0
50
180
41
0.75
7
W0$07
0
TEXT
8
PART_NAME_126
10
0
20
0
40
0.49
1
C36
72
1
73
2
11
0
21
0
50
180
41
0.75
7
W0$07
0
TEXT
8
LABEL_INFO
10
0
20
0
40
1.0668
1
0 324000000 1 1 0 0
72
1
73
1
11
0
21
0
50
180
41
0.75
7
W0$254
0
TEXT
8
LABEL_ATTRIBUTE
10
0
20
0
40
1.0668
1
Ref.Des.
72
1
73
1
11
0
21
0
50
180
41
0.75
7
W0$254
0
TEXT
8
PART_NAME_126
10
0
20
0
40
1.0668
1
C36
72
1
73
2
11
0
21
0
50
180
41
0.75
7
W0$254
0
TEXT
8
LABEL_INFO
10
0
20
0
40
1.0668
1
0 324000000 1 1 0 1
72
1
73
1
11
0
21
0
50
180
41
0.75
7
W0$254
0
TEXT
8
LABEL_ATTRIBUTE
10
0
20
0
40
1.0668
1
PartType
72
1
73
1
11
0
21
0
50
180
41
0.75
7
W0$254
0
TEXT
8
PART_TYPE_126
10
0
20
0
40
1.0668
1
C0402
72
1
73
2
11
0
21
0
50
180
41
0.75
7
W0$254
0
TEXT
8
PART_INFO
10
0
20
-1.524
40
1.0668
1
000000
72
1
73
2
11
0
21
-1.524
50
180
41
0.75
7
W0$254
0
TEXT
8
PART_PTS
10
0
20
-3.048
40
1.0668
1
1 2 
72
1
73
2
11
0
21
-3.048
50
180
41
0.75
7
W0$254
0
ENDBLK
0
BLOCK
2
PART_TOP_13
8
0
10
0
20
0
3
PART_TOP_13
70
64
0
INSERT
2
SYM_TOP_5
8
0
10
0
20
0
0
INSERT
2
PKG_1
8
0
10
0
20
0
0
TEXT
8
LABEL_INFO
10
0
20
0
40
0.49
1
0 324000000 1 1 0 1
72
1
73
1
11
0
21
0
50
180
41
0.75
7
W0$07
0
TEXT
8
LABEL_ATTRIBUTE
10
0
20
0
40
0.49
1
Ref.Des.
72
1
73
1
11
0
21
0
50
180
41
0.75
7
W0$07
0
TEXT
8
PART_NAME_126
10
0
20
0
40
0.49
1
C37
72
1
73
2
11
0
21
0
50
180
41
0.75
7
W0$07
0
TEXT
8
LABEL_INFO
10
0
20
0
40
1.0668
1
0 324000000 1 1 0 0
72
1
73
1
11
0
21
0
50
180
41
0.75
7
W0$254
0
TEXT
8
LABEL_ATTRIBUTE
10
0
20
0
40
1.0668
1
Ref.Des.
72
1
73
1
11
0
21
0
50
180
41
0.75
7
W0$254
0
TEXT
8
PART_NAME_126
10
0
20
0
40
1.0668
1
C37
72
1
73
2
11
0
21
0
50
180
41
0.75
7
W0$254
0
TEXT
8
LABEL_INFO
10
0
20
0
40
1.0668
1
0 324000000 1 1 0 1
72
1
73
1
11
0
21
0
50
180
41
0.75
7
W0$254
0
TEXT
8
LABEL_ATTRIBUTE
10
0
20
0
40
1.0668
1
PartType
72
1
73
1
11
0
21
0
50
180
41
0.75
7
W0$254
0
TEXT
8
PART_TYPE_126
10
0
20
0
40
1.0668
1
C0402
72
1
73
2
11
0
21
0
50
180
41
0.75
7
W0$254
0
TEXT
8
PART_INFO
10
0
20
-1.524
40
1.0668
1
000000
72
1
73
2
11
0
21
-1.524
50
180
41
0.75
7
W0$254
0
TEXT
8
PART_PTS
10
0
20
-3.048
40
1.0668
1
1 2 
72
1
73
2
11
0
21
-3.048
50
180
41
0.75
7
W0$254
0
ENDBLK
0
BLOCK
2
PART_TOP_14
8
0
10
0
20
0
3
PART_TOP_14
70
64
0
INSERT
2
SYM_TOP_5
8
0
10
0
20
0
0
INSERT
2
PKG_1
8
0
10
0
20
0
0
TEXT
8
LABEL_INFO
10
0
20
0
40
0.49
1
0 0 1 1 0 1
72
1
73
1
11
0
21
0
41
0.75
7
W0$07
0
TEXT
8
LABEL_ATTRIBUTE
10
0
20
0
40
0.49
1
Ref.Des.
72
1
73
1
11
0
21
0
41
0.75
7
W0$07
0
TEXT
8
PART_NAME_126
10
0
20
0
40
0.49
1
C39
72
1
73
2
11
0
21
0
41
0.75
7
W0$07
0
TEXT
8
LABEL_INFO
10
0
20
0
40
1.0668
1
0 0 1 1 0 0
72
1
73
1
11
0
21
0
41
0.75
7
W0$254
0
TEXT
8
LABEL_ATTRIBUTE
10
0
20
0
40
1.0668
1
Ref.Des.
72
1
73
1
11
0
21
0
41
0.75
7
W0$254
0
TEXT
8
PART_NAME_126
10
0
20
0
40
1.0668
1
C39
72
1
73
2
11
0
21
0
41
0.75
7
W0$254
0
TEXT
8
LABEL_INFO
10
0
20
0
40
1.0668
1
0 0 1 1 0 1
72
1
73
1
11
0
21
0
41
0.75
7
W0$254
0
TEXT
8
LABEL_ATTRIBUTE
10
0
20
0
40
1.0668
1
PartType
72
1
73
1
11
0
21
0
41
0.75
7
W0$254
0
TEXT
8
PART_TYPE_126
10
0
20
0
40
1.0668
1
C0402
72
1
73
2
11
0
21
0
41
0.75
7
W0$254
0
TEXT
8
PART_INFO
10
0
20
-1.524
40
1.0668
1
000000
72
1
73
2
11
0
21
-1.524
41
0.75
7
W0$254
0
TEXT
8
PART_PTS
10
0
20
-3.048
40
1.0668
1
1 2 
72
1
73
2
11
0
21
-3.048
41
0.75
7
W0$254
0
ENDBLK
0
BLOCK
2
PART_TOP_15
8
0
10
0
20
0
3
PART_TOP_15
70
64
0
INSERT
2
SYM_TOP_6
8
0
10
0
20
0
0
INSERT
2
PKG_2
8
0
10
0
20
0
0
TEXT
8
LABEL_INFO
10
0
20
0
40
0.49
1
0 324000000 1 1 0 1
72
1
73
1
11
0
21
0
50
180
41
0.75
7
W0$07
0
TEXT
8
LABEL_ATTRIBUTE
10
0
20
0
40
0.49
1
Ref.Des.
72
1
73
1
11
0
21
0
50
180
41
0.75
7
W0$07
0
TEXT
8
PART_NAME_126
10
0
20
0
40
0.49
1
C4
72
1
73
2
11
0
21
0
50
180
41
0.75
7
W0$07
0
TEXT
8
LABEL_INFO
10
2.2590093333
20
0.126492
40
0.889
1
0 0 0 0 0 0
41
0.75
7
W0$127
0
TEXT
8
LABEL_ATTRIBUTE
10
2.2590093333
20
0.126492
40
0.889
1
Ref.Des.
41
0.75
7
W0$127
0
TEXT
8
PART_NAME_01
10
2.2590093333
20
0.126492
40
0.889
1
C4
41
0.75
7
W0$127
0
TEXT
8
LABEL_INFO
10
2.2590093333
20
0.126492
40
0.889
1
0 0 0 2 0 1
73
2
11
2.2590093333
21
0.126492
41
0.75
7
W0$127
0
TEXT
8
LABEL_ATTRIBUTE
10
2.2590093333
20
0.126492
40
0.889
1
PartType
73
2
11
2.2590093333
21
0.126492
41
0.75
7
W0$127
0
TEXT
8
PART_TYPE_01
10
2.2590093333
20
0.126492
40
0.889
1
C0603
73
3
11
2.2590093333
21
0.126492
41
0.75
7
W0$127
0
TEXT
8
PART_INFO
10
2.2590093333
20
-1.143508
40
0.889
1
000000
73
3
11
2.2590093333
21
-1.143508
41
0.75
7
W0$127
0
TEXT
8
PART_PTS
10
2.2590093333
20
-2.413508
40
0.889
1
1 2 
73
3
11
2.2590093333
21
-2.413508
41
0.75
7
W0$127
0
ENDBLK
0
BLOCK
2
PART_TOP_16
8
0
10
0
20
0
3
PART_TOP_16
70
64
0
INSERT
2
SYM_TOP_5
8
0
10
0
20
0
0
INSERT
2
PKG_1
8
0
10
0
20
0
0
TEXT
8
LABEL_INFO
10
0
20
0
40
0.49
1
0 0 1 1 0 1
72
1
73
1
11
0
21
0
41
0.75
7
W0$07
0
TEXT
8
LABEL_ATTRIBUTE
10
0
20
0
40
0.49
1
Ref.Des.
72
1
73
1
11
0
21
0
41
0.75
7
W0$07
0
TEXT
8
PART_NAME_126
10
0
20
0
40
0.49
1
C40
72
1
73
2
11
0
21
0
41
0.75
7
W0$07
0
TEXT
8
LABEL_INFO
10
0
20
0
40
1.0668
1
0 0 1 1 0 0
72
1
73
1
11
0
21
0
41
0.75
7
W0$254
0
TEXT
8
LABEL_ATTRIBUTE
10
0
20
0
40
1.0668
1
Ref.Des.
72
1
73
1
11
0
21
0
41
0.75
7
W0$254
0
TEXT
8
PART_NAME_126
10
0
20
0
40
1.0668
1
C40
72
1
73
2
11
0
21
0
41
0.75
7
W0$254
0
TEXT
8
LABEL_INFO
10
0
20
0
40
1.0668
1
0 0 1 1 0 1
72
1
73
1
11
0
21
0
41
0.75
7
W0$254
0
TEXT
8
LABEL_ATTRIBUTE
10
0
20
0
40
1.0668
1
PartType
72
1
73
1
11
0
21
0
41
0.75
7
W0$254
0
TEXT
8
PART_TYPE_126
10
0
20
0
40
1.0668
1
C0402
72
1
73
2
11
0
21
0
41
0.75
7
W0$254
0
TEXT
8
PART_INFO
10
0
20
-1.524
40
1.0668
1
000000
72
1
73
2
11
0
21
-1.524
41
0.75
7
W0$254
0
TEXT
8
PART_PTS
10
0
20
-3.048
40
1.0668
1
1 2 
72
1
73
2
11
0
21
-3.048
41
0.75
7
W0$254
0
ENDBLK
0
BLOCK
2
PART_TOP_17
8
0
10
0
20
0
3
PART_TOP_17
70
64
0
INSERT
2
SYM_TOP_5
8
0
10
0
20
0
0
INSERT
2
PKG_1
8
0
10
0
20
0
0
TEXT
8
LABEL_INFO
10
0
20
0
40
0.49
1
0 324000000 1 1 0 1
72
1
73
1
11
0
21
0
50
180
41
0.75
7
W0$07
0
TEXT
8
LABEL_ATTRIBUTE
10
0
20
0
40
0.49
1
Ref.Des.
72
1
73
1
11
0
21
0
50
180
41
0.75
7
W0$07
0
TEXT
8
PART_NAME_126
10
0
20
0
40
0.49
1
C41
72
1
73
2
11
0
21
0
50
180
41
0.75
7
W0$07
0
TEXT
8
LABEL_INFO
10
0
20
0
40
1.0668
1
0 324000000 1 1 0 0
72
1
73
1
11
0
21
0
50
180
41
0.75
7
W0$254
0
TEXT
8
LABEL_ATTRIBUTE
10
0
20
0
40
1.0668
1
Ref.Des.
72
1
73
1
11
0
21
0
50
180
41
0.75
7
W0$254
0
TEXT
8
PART_NAME_126
10
0
20
0
40
1.0668
1
C41
72
1
73
2
11
0
21
0
50
180
41
0.75
7
W0$254
0
TEXT
8
LABEL_INFO
10
0
20
0
40
1.0668
1
0 324000000 1 1 0 1
72
1
73
1
11
0
21
0
50
180
41
0.75
7
W0$254
0
TEXT
8
LABEL_ATTRIBUTE
10
0
20
0
40
1.0668
1
PartType
72
1
73
1
11
0
21
0
50
180
41
0.75
7
W0$254
0
TEXT
8
PART_TYPE_126
10
0
20
0
40
1.0668
1
C0402
72
1
73
2
11
0
21
0
50
180
41
0.75
7
W0$254
0
TEXT
8
PART_INFO
10
0
20
-1.524
40
1.0668
1
000000
72
1
73
2
11
0
21
-1.524
50
180
41
0.75
7
W0$254
0
TEXT
8
PART_PTS
10
0
20
-3.048
40
1.0668
1
1 2 
72
1
73
2
11
0
21
-3.048
50
180
41
0.75
7
W0$254
0
ENDBLK
0
BLOCK
2
PART_TOP_18
8
0
10
0
20
0
3
PART_TOP_18
70
64
0
INSERT
2
SYM_TOP_6
8
0
10
0
20
0
0
INSERT
2
PKG_2
8
0
10
0
20
0
0
TEXT
8
LABEL_INFO
10
0
20
0
40
0.49
1
0 324000000 1 1 0 1
72
1
73
1
11
0
21
0
50
180
41
0.75
7
W0$07
0
TEXT
8
LABEL_ATTRIBUTE
10
0
20
0
40
0.49
1
Ref.Des.
72
1
73
1
11
0
21
0
50
180
41
0.75
7
W0$07
0
TEXT
8
PART_NAME_126
10
0
20
0
40
0.49
1
C49
72
1
73
2
11
0
21
0
50
180
41
0.75
7
W0$07
0
TEXT
8
LABEL_INFO
10
2.2590093333
20
0.126492
40
0.889
1
0 0 0 0 0 0
41
0.75
7
W0$127
0
TEXT
8
LABEL_ATTRIBUTE
10
2.2590093333
20
0.126492
40
0.889
1
Ref.Des.
41
0.75
7
W0$127
0
TEXT
8
PART_NAME_01
10
2.2590093333
20
0.126492
40
0.889
1
C49
41
0.75
7
W0$127
0
TEXT
8
LABEL_INFO
10
2.2590093333
20
0.126492
40
0.889
1
0 0 0 2 0 1
73
2
11
2.2590093333
21
0.126492
41
0.75
7
W0$127
0
TEXT
8
LABEL_ATTRIBUTE
10
2.2590093333
20
0.126492
40
0.889
1
PartType
73
2
11
2.2590093333
21
0.126492
41
0.75
7
W0$127
0
TEXT
8
PART_TYPE_01
10
2.2590093333
20
0.126492
40
0.889
1
C0603
73
3
11
2.2590093333
21
0.126492
41
0.75
7
W0$127
0
TEXT
8
PART_INFO
10
2.2590093333
20
-1.143508
40
0.889
1
000000
73
3
11
2.2590093333
21
-1.143508
41
0.75
7
W0$127
0
TEXT
8
PART_PTS
10
2.2590093333
20
-2.413508
40
0.889
1
1 2 
73
3
11
2.2590093333
21
-2.413508
41
0.75
7
W0$127
0
ENDBLK
0
BLOCK
2
PART_TOP_19
8
0
10
0
20
0
3
PART_TOP_19
70
64
0
INSERT
2
SYM_TOP_5
8
0
10
0
20
0
0
INSERT
2
PKG_1
8
0
10
0
20
0
0
TEXT
8
LABEL_INFO
10
0
20
0
40
0.49
1
0 0 1 1 0 1
72
1
73
1
11
0
21
0
41
0.75
7
W0$07
0
TEXT
8
LABEL_ATTRIBUTE
10
0
20
0
40
0.49
1
Ref.Des.
72
1
73
1
11
0
21
0
41
0.75
7
W0$07
0
TEXT
8
PART_NAME_126
10
0
20
0
40
0.49
1
C5
72
1
73
2
11
0
21
0
41
0.75
7
W0$07
0
TEXT
8
LABEL_INFO
10
0
20
0
40
1.0668
1
0 0 1 1 0 0
72
1
73
1
11
0
21
0
41
0.75
7
W0$254
0
TEXT
8
LABEL_ATTRIBUTE
10
0
20
0
40
1.0668
1
Ref.Des.
72
1
73
1
11
0
21
0
41
0.75
7
W0$254
0
TEXT
8
PART_NAME_126
10
0
20
0
40
1.0668
1
C5
72
1
73
2
11
0
21
0
41
0.75
7
W0$254
0
TEXT
8
LABEL_INFO
10
0
20
0
40
1.0668
1
0 0 1 1 0 1
72
1
73
1
11
0
21
0
41
0.75
7
W0$254
0
TEXT
8
LABEL_ATTRIBUTE
10
0
20
0
40
1.0668
1
PartType
72
1
73
1
11
0
21
0
41
0.75
7
W0$254
0
TEXT
8
PART_TYPE_126
10
0
20
0
40
1.0668
1
C0402
72
1
73
2
11
0
21
0
41
0.75
7
W0$254
0
TEXT
8
PART_INFO
10
0
20
-1.524
40
1.0668
1
000000
72
1
73
2
11
0
21
-1.524
41
0.75
7
W0$254
0
TEXT
8
PART_PTS
10
0
20
-3.048
40
1.0668
1
1 2 
72
1
73
2
11
0
21
-3.048
41
0.75
7
W0$254
0
ENDBLK
0
BLOCK
2
PART_TOP_20
8
0
10
0
20
0
3
PART_TOP_20
70
64
0
INSERT
2
SYM_TOP_5
8
0
10
0
20
0
0
INSERT
2
PKG_1
8
0
10
0
20
0
0
TEXT
8
LABEL_INFO
10
0
20
0
40
0.49
1
0 324000000 1 1 0 1
72
1
73
1
11
0
21
0
50
180
41
0.75
7
W0$07
0
TEXT
8
LABEL_ATTRIBUTE
10
0
20
0
40
0.49
1
Ref.Des.
72
1
73
1
11
0
21
0
50
180
41
0.75
7
W0$07
0
TEXT
8
PART_NAME_126
10
0
20
0
40
0.49
1
C51
72
1
73
2
11
0
21
0
50
180
41
0.75
7
W0$07
0
TEXT
8
LABEL_INFO
10
0
20
0
40
1.0668
1
0 324000000 1 1 0 0
72
1
73
1
11
0
21
0
50
180
41
0.75
7
W0$254
0
TEXT
8
LABEL_ATTRIBUTE
10
0
20
0
40
1.0668
1
Ref.Des.
72
1
73
1
11
0
21
0
50
180
41
0.75
7
W0$254
0
TEXT
8
PART_NAME_126
10
0
20
0
40
1.0668
1
C51
72
1
73
2
11
0
21
0
50
180
41
0.75
7
W0$254
0
TEXT
8
LABEL_INFO
10
0
20
0
40
1.0668
1
0 324000000 1 1 0 1
72
1
73
1
11
0
21
0
50
180
41
0.75
7
W0$254
0
TEXT
8
LABEL_ATTRIBUTE
10
0
20
0
40
1.0668
1
PartType
72
1
73
1
11
0
21
0
50
180
41
0.75
7
W0$254
0
TEXT
8
PART_TYPE_126
10
0
20
0
40
1.0668
1
C0402
72
1
73
2
11
0
21
0
50
180
41
0.75
7
W0$254
0
TEXT
8
PART_INFO
10
0
20
-1.524
40
1.0668
1
000000
72
1
73
2
11
0
21
-1.524
50
180
41
0.75
7
W0$254
0
TEXT
8
PART_PTS
10
0
20
-3.048
40
1.0668
1
1 2 
72
1
73
2
11
0
21
-3.048
50
180
41
0.75
7
W0$254
0
ENDBLK
0
BLOCK
2
PART_TOP_21
8
0
10
0
20
0
3
PART_TOP_21
70
64
0
INSERT
2
SYM_TOP_5
8
0
10
0
20
0
0
INSERT
2
PKG_1
8
0
10
0
20
0
0
TEXT
8
LABEL_INFO
10
0
20
0
40
0.49
1
0 324000000 1 1 0 1
72
1
73
1
11
0
21
0
50
180
41
0.75
7
W0$07
0
TEXT
8
LABEL_ATTRIBUTE
10
0
20
0
40
0.49
1
Ref.Des.
72
1
73
1
11
0
21
0
50
180
41
0.75
7
W0$07
0
TEXT
8
PART_NAME_126
10
0
20
0
40
0.49
1
C55
72
1
73
2
11
0
21
0
50
180
41
0.75
7
W0$07
0
TEXT
8
LABEL_INFO
10
0
20
0
40
1.0668
1
0 0 1 1 0 0
72
1
73
1
11
0
21
0
41
0.75
7
W0$254
0
TEXT
8
LABEL_ATTRIBUTE
10
0
20
0
40
1.0668
1
Ref.Des.
72
1
73
1
11
0
21
0
41
0.75
7
W0$254
0
TEXT
8
PART_NAME_126
10
0
20
0
40
1.0668
1
C55
72
1
73
2
11
0
21
0
41
0.75
7
W0$254
0
TEXT
8
LABEL_INFO
10
0
20
0
40
1.0668
1
0 0 1 1 0 1
72
1
73
1
11
0
21
0
41
0.75
7
W0$254
0
TEXT
8
LABEL_ATTRIBUTE
10
0
20
0
40
1.0668
1
PartType
72
1
73
1
11
0
21
0
41
0.75
7
W0$254
0
TEXT
8
PART_TYPE_126
10
0
20
0
40
1.0668
1
C0402
72
1
73
2
11
0
21
0
41
0.75
7
W0$254
0
TEXT
8
PART_INFO
10
0
20
-1.524
40
1.0668
1
000000
72
1
73
2
11
0
21
-1.524
41
0.75
7
W0$254
0
TEXT
8
PART_PTS
10
0
20
-3.048
40
1.0668
1
1 2 
72
1
73
2
11
0
21
-3.048
41
0.75
7
W0$254
0
ENDBLK
0
BLOCK
2
PART_TOP_22
8
0
10
0
20
0
3
PART_TOP_22
70
64
0
INSERT
2
SYM_TOP_5
8
0
10
0
20
0
0
INSERT
2
PKG_1
8
0
10
0
20
0
0
TEXT
8
LABEL_INFO
10
0
20
0
40
0.49
1
0 0 1 1 0 1
72
1
73
1
11
0
21
0
41
0.75
7
W0$07
0
TEXT
8
LABEL_ATTRIBUTE
10
0
20
0
40
0.49
1
Ref.Des.
72
1
73
1
11
0
21
0
41
0.75
7
W0$07
0
TEXT
8
PART_NAME_126
10
0
20
0
40
0.49
1
C56
72
1
73
2
11
0
21
0
41
0.75
7
W0$07
0
TEXT
8
LABEL_INFO
10
0
20
0
40
1.0668
1
0 0 1 1 0 0
72
1
73
1
11
0
21
0
41
0.75
7
W0$254
0
TEXT
8
LABEL_ATTRIBUTE
10
0
20
0
40
1.0668
1
Ref.Des.
72
1
73
1
11
0
21
0
41
0.75
7
W0$254
0
TEXT
8
PART_NAME_126
10
0
20
0
40
1.0668
1
C56
72
1
73
2
11
0
21
0
41
0.75
7
W0$254
0
TEXT
8
LABEL_INFO
10
0
20
0
40
1.0668
1
0 0 1 1 0 1
72
1
73
1
11
0
21
0
41
0.75
7
W0$254
0
TEXT
8
LABEL_ATTRIBUTE
10
0
20
0
40
1.0668
1
PartType
72
1
73
1
11
0
21
0
41
0.75
7
W0$254
0
TEXT
8
PART_TYPE_126
10
0
20
0
40
1.0668
1
C0402
72
1
73
2
11
0
21
0
41
0.75
7
W0$254
0
TEXT
8
PART_INFO
10
0
20
-1.524
40
1.0668
1
000000
72
1
73
2
11
0
21
-1.524
41
0.75
7
W0$254
0
TEXT
8
PART_PTS
10
0
20
-3.048
40
1.0668
1
1 2 
72
1
73
2
11
0
21
-3.048
41
0.75
7
W0$254
0
ENDBLK
0
BLOCK
2
PART_TOP_23
8
0
10
0
20
0
3
PART_TOP_23
70
64
0
INSERT
2
SYM_TOP_5
8
0
10
0
20
0
0
INSERT
2
PKG_1
8
0
10
0
20
0
0
TEXT
8
LABEL_INFO
10
0
20
0
40
0.49
1
0 0 1 1 0 1
72
1
73
1
11
0
21
0
41
0.75
7
W0$07
0
TEXT
8
LABEL_ATTRIBUTE
10
0
20
0
40
0.49
1
Ref.Des.
72
1
73
1
11
0
21
0
41
0.75
7
W0$07
0
TEXT
8
PART_NAME_126
10
0
20
0
40
0.49
1
C57
72
1
73
2
11
0
21
0
41
0.75
7
W0$07
0
TEXT
8
LABEL_INFO
10
0
20
0
40
1.0668
1
0 0 1 1 0 0
72
1
73
1
11
0
21
0
41
0.75
7
W0$254
0
TEXT
8
LABEL_ATTRIBUTE
10
0
20
0
40
1.0668
1
Ref.Des.
72
1
73
1
11
0
21
0
41
0.75
7
W0$254
0
TEXT
8
PART_NAME_126
10
0
20
0
40
1.0668
1
C57
72
1
73
2
11
0
21
0
41
0.75
7
W0$254
0
TEXT
8
LABEL_INFO
10
0
20
0
40
1.0668
1
0 0 1 1 0 1
72
1
73
1
11
0
21
0
41
0.75
7
W0$254
0
TEXT
8
LABEL_ATTRIBUTE
10
0
20
0
40
1.0668
1
PartType
72
1
73
1
11
0
21
0
41
0.75
7
W0$254
0
TEXT
8
PART_TYPE_126
10
0
20
0
40
1.0668
1
C0402
72
1
73
2
11
0
21
0
41
0.75
7
W0$254
0
TEXT
8
PART_INFO
10
0
20
-1.524
40
1.0668
1
000000
72
1
73
2
11
0
21
-1.524
41
0.75
7
W0$254
0
TEXT
8
PART_PTS
10
0
20
-3.048
40
1.0668
1
1 2 
72
1
73
2
11
0
21
-3.048
41
0.75
7
W0$254
0
ENDBLK
0
BLOCK
2
PART_TOP_24
8
0
10
0
20
0
3
PART_TOP_24
70
64
0
INSERT
2
SYM_TOP_5
8
0
10
0
20
0
0
INSERT
2
PKG_1
8
0
10
0
20
0
0
TEXT
8
LABEL_INFO
10
0
20
0
40
0.49
1
0 0 1 1 0 1
72
1
73
1
11
0
21
0
41
0.75
7
W0$07
0
TEXT
8
LABEL_ATTRIBUTE
10
0
20
0
40
0.49
1
Ref.Des.
72
1
73
1
11
0
21
0
41
0.75
7
W0$07
0
TEXT
8
PART_NAME_126
10
0
20
0
40
0.49
1
CD1
72
1
73
2
11
0
21
0
41
0.75
7
W0$07
0
TEXT
8
LABEL_INFO
10
0
20
0
40
1.0668
1
0 0 1 1 0 0
72
1
73
1
11
0
21
0
41
0.75
7
W0$254
0
TEXT
8
LABEL_ATTRIBUTE
10
0
20
0
40
1.0668
1
Ref.Des.
72
1
73
1
11
0
21
0
41
0.75
7
W0$254
0
TEXT
8
PART_NAME_126
10
0
20
0
40
1.0668
1
CD1
72
1
73
2
11
0
21
0
41
0.75
7
W0$254
0
TEXT
8
LABEL_INFO
10
0
20
0
40
1.0668
1
0 0 1 1 0 1
72
1
73
1
11
0
21
0
41
0.75
7
W0$254
0
TEXT
8
LABEL_ATTRIBUTE
10
0
20
0
40
1.0668
1
PartType
72
1
73
1
11
0
21
0
41
0.75
7
W0$254
0
TEXT
8
PART_TYPE_126
10
0
20
0
40
1.0668
1
C0402
72
1
73
2
11
0
21
0
41
0.75
7
W0$254
0
TEXT
8
PART_INFO
10
0
20
-1.524
40
1.0668
1
000000
72
1
73
2
11
0
21
-1.524
41
0.75
7
W0$254
0
TEXT
8
PART_PTS
10
0
20
-3.048
40
1.0668
1
1 2 
72
1
73
2
11
0
21
-3.048
41
0.75
7
W0$254
0
ENDBLK
0
BLOCK
2
PART_TOP_25
8
0
10
0
20
0
3
PART_TOP_25
70
64
0
INSERT
2
SYM_TOP_5
8
0
10
0
20
0
0
INSERT
2
PKG_1
8
0
10
0
20
0
0
TEXT
8
LABEL_INFO
10
0
20
0
40
0.49
1
0 0 1 1 0 1
72
1
73
1
11
0
21
0
41
0.75
7
W0$07
0
TEXT
8
LABEL_ATTRIBUTE
10
0
20
0
40
0.49
1
Ref.Des.
72
1
73
1
11
0
21
0
41
0.75
7
W0$07
0
TEXT
8
PART_NAME_126
10
0
20
0
40
0.49
1
CD2
72
1
73
2
11
0
21
0
41
0.75
7
W0$07
0
TEXT
8
LABEL_INFO
10
0
20
0
40
1.0668
1
0 0 1 1 0 0
72
1
73
1
11
0
21
0
41
0.75
7
W0$254
0
TEXT
8
LABEL_ATTRIBUTE
10
0
20
0
40
1.0668
1
Ref.Des.
72
1
73
1
11
0
21
0
41
0.75
7
W0$254
0
TEXT
8
PART_NAME_126
10
0
20
0
40
1.0668
1
CD2
72
1
73
2
11
0
21
0
41
0.75
7
W0$254
0
TEXT
8
LABEL_INFO
10
0
20
0
40
1.0668
1
0 0 1 1 0 1
72
1
73
1
11
0
21
0
41
0.75
7
W0$254
0
TEXT
8
LABEL_ATTRIBUTE
10
0
20
0
40
1.0668
1
PartType
72
1
73
1
11
0
21
0
41
0.75
7
W0$254
0
TEXT
8
PART_TYPE_126
10
0
20
0
40
1.0668
1
C0402
72
1
73
2
11
0
21
0
41
0.75
7
W0$254
0
TEXT
8
PART_INFO
10
0
20
-1.524
40
1.0668
1
000000
72
1
73
2
11
0
21
-1.524
41
0.75
7
W0$254
0
TEXT
8
PART_PTS
10
0
20
-3.048
40
1.0668
1
1 2 
72
1
73
2
11
0
21
-3.048
41
0.75
7
W0$254
0
ENDBLK
0
BLOCK
2
PART_TOP_26
8
0
10
0
20
0
3
PART_TOP_26
70
64
0
INSERT
2
SYM_TOP_5
8
0
10
0
20
0
0
INSERT
2
PKG_1
8
0
10
0
20
0
0
TEXT
8
LABEL_INFO
10
0
20
0
40
0.49
1
0 324000000 1 1 0 1
72
1
73
1
11
0
21
0
50
180
41
0.75
7
W0$07
0
TEXT
8
LABEL_ATTRIBUTE
10
0
20
0
40
0.49
1
Ref.Des.
72
1
73
1
11
0
21
0
50
180
41
0.75
7
W0$07
0
TEXT
8
PART_NAME_126
10
0
20
0
40
0.49
1
CD3
72
1
73
2
11
0
21
0
50
180
41
0.75
7
W0$07
0
TEXT
8
LABEL_INFO
10
0
20
0
40
1.0668
1
0 324000000 1 1 0 0
72
1
73
1
11
0
21
0
50
180
41
0.75
7
W0$254
0
TEXT
8
LABEL_ATTRIBUTE
10
0
20
0
40
1.0668
1
Ref.Des.
72
1
73
1
11
0
21
0
50
180
41
0.75
7
W0$254
0
TEXT
8
PART_NAME_126
10
0
20
0
40
1.0668
1
CD3
72
1
73
2
11
0
21
0
50
180
41
0.75
7
W0$254
0
TEXT
8
LABEL_INFO
10
0
20
0
40
1.0668
1
0 324000000 1 1 0 1
72
1
73
1
11
0
21
0
50
180
41
0.75
7
W0$254
0
TEXT
8
LABEL_ATTRIBUTE
10
0
20
0
40
1.0668
1
PartType
72
1
73
1
11
0
21
0
50
180
41
0.75
7
W0$254
0
TEXT
8
PART_TYPE_126
10
0
20
0
40
1.0668
1
C0402
72
1
73
2
11
0
21
0
50
180
41
0.75
7
W0$254
0
TEXT
8
PART_INFO
10
0
20
-1.524
40
1.0668
1
000000
72
1
73
2
11
0
21
-1.524
50
180
41
0.75
7
W0$254
0
TEXT
8
PART_PTS
10
0
20
-3.048
40
1.0668
1
1 2 
72
1
73
2
11
0
21
-3.048
50
180
41
0.75
7
W0$254
0
ENDBLK
0
BLOCK
2
PART_TOP_27
8
0
10
0
20
0
3
PART_TOP_27
70
64
0
INSERT
2
SYM_TOP_9
8
0
10
0
20
0
0
INSERT
2
PKG_5
8
0
10
0
20
0
0
TEXT
8
LABEL_INFO
10
10.0104606667
20
-0.0923726667
40
0.49
1
0 0 1 1 0 1
72
1
73
1
11
10.0104606667
21
-0.0923726667
41
0.75
7
W0$07
0
TEXT
8
LABEL_ATTRIBUTE
10
10.0104606667
20
-0.0923726667
40
0.49
1
Ref.Des.
72
1
73
1
11
10.0104606667
21
-0.0923726667
41
0.75
7
W0$07
0
TEXT
8
PART_NAME_126
10
10.0104606667
20
-0.0923726667
40
0.49
1
CON1
72
1
73
2
11
10.0104606667
21
-0.0923726667
41
0.75
7
W0$07
0
TEXT
8
LABEL_INFO
10
10.0104606667
20
-0.0923726667
40
0.889
1
0 0 1 1 0 1
72
1
73
1
11
10.0104606667
21
-0.0923726667
41
0.75
7
W0$127
0
TEXT
8
LABEL_ATTRIBUTE
10
10.0104606667
20
-0.0923726667
40
0.889
1
Comment
72
1
73
1
11
10.0104606667
21
-0.0923726667
41
0.75
7
W0$127
0
TEXT
8
ATTRIBUTE_126
10
10.0104606667
20
-0.0923726667
40
0.889
1
 
72
1
73
2
11
10.0104606667
21
-0.0923726667
41
0.75
7
W0$127
0
TEXT
8
PART_TYPE_TOP
10
10.0104606667
20
-1.3623726667
40
0.889
1
DIP40_2X20
72
1
73
2
11
10.0104606667
21
-1.3623726667
41
0.75
7
W0$127
0
TEXT
8
PART_INFO
10
10.0104606667
20
-2.6323726667
40
0.889
1
000010
72
1
73
2
11
10.0104606667
21
-2.6323726667
41
0.75
7
W0$127
0
TEXT
8
PART_PTS
10
10.0104606667
20
-3.9023726667
40
0.889
1
1 2 3 4 5 6 7 8 9 10 11 12 13 14 15 16 17 18 19 20 21 22 23 24 25 26 27 28 29 30 31 32 33 34 35 36 37 38 39 40 
72
1
73
2
11
10.0104606667
21
-3.9023726667
41
0.75
7
W0$127
0
ENDBLK
0
BLOCK
2
PART_TOP_28
8
0
10
0
20
0
3
PART_TOP_28
70
64
0
INSERT
2
SYM_TOP_10
8
0
10
0
20
0
0
INSERT
2
PKG_6
8
0
10
0
20
0
0
TEXT
8
LABEL_INFO
10
1.685
20
-0.0499993333
40
0.49
1
0 324000000 1 1 0 1
72
1
73
1
11
1.685
21
-0.0499993333
50
180
41
0.75
7
W0$07
0
TEXT
8
LABEL_ATTRIBUTE
10
1.685
20
-0.0499993333
40
0.49
1
Ref.Des.
72
1
73
1
11
1.685
21
-0.0499993333
50
180
41
0.75
7
W0$07
0
TEXT
8
PART_NAME_126
10
1.685
20
-0.0499993333
40
0.49
1
D1
72
1
73
2
11
1.685
21
-0.0499993333
50
180
41
0.75
7
W0$07
0
TEXT
8
LABEL_INFO
10
0
20
0
40
0.889
1
0 324000000 1 1 0 1
72
1
73
1
11
0
21
0
50
180
41
0.75
7
W0$127
0
TEXT
8
LABEL_ATTRIBUTE
10
0
20
0
40
0.889
1
Comment
72
1
73
1
11
0
21
0
50
180
41
0.75
7
W0$127
0
TEXT
8
ATTRIBUTE_126
10
0
20
0
40
0.889
1
 
72
1
73
2
11
0
21
0
50
180
41
0.75
7
W0$127
0
TEXT
8
PART_TYPE_TOP
10
0
20
-1.27
40
0.889
1
SOD123
72
1
73
2
11
0
21
-1.27
50
180
41
0.75
7
W0$127
0
TEXT
8
PART_INFO
10
0
20
-2.54
40
0.889
1
000000
72
1
73
2
11
0
21
-2.54
50
180
41
0.75
7
W0$127
0
TEXT
8
PART_PTS
10
0
20
-3.81
40
0.889
1
1 2 
72
1
73
2
11
0
21
-3.81
50
180
41
0.75
7
W0$127
0
ENDBLK
0
BLOCK
2
PART_TOP_29
8
0
10
0
20
0
3
PART_TOP_29
70
64
0
INSERT
2
SYM_TOP_11
8
0
10
0
20
0
0
INSERT
2
PKG_7
8
0
10
0
20
0
0
TEXT
8
LABEL_INFO
10
0.035
20
0
40
0.49
1
0 324000000 1 1 0 1
72
1
73
1
11
0.035
21
0
50
180
41
0.75
7
W0$07
0
TEXT
8
LABEL_ATTRIBUTE
10
0.035
20
0
40
0.49
1
Ref.Des.
72
1
73
1
11
0.035
21
0
50
180
41
0.75
7
W0$07
0
TEXT
8
PART_NAME_126
10
0.035
20
0
40
0.49
1
D10
72
1
73
2
11
0.035
21
0
50
180
41
0.75
7
W0$07
0
TEXT
8
LABEL_INFO
10
-1.08585
20
1.9773893333
40
0.889
1
0 0 0 0 0 1
41
0.75
7
W0$127
0
TEXT
8
LABEL_ATTRIBUTE
10
-1.08585
20
1.9773893333
40
0.889
1
Ref.Des.
41
0.75
7
W0$127
0
TEXT
8
PART_NAME_109
10
-1.08585
20
1.9773893333
40
0.889
1
D10
41
0.75
7
W0$127
0
TEXT
8
LABEL_INFO
10
-1.08585
20
0.7073893333
40
0.889
1
0 0 0 0 0 1
41
0.75
7
W0$127
0
TEXT
8
LABEL_ATTRIBUTE
10
-1.08585
20
0.7073893333
40
0.889
1
Comment
41
0.75
7
W0$127
0
TEXT
8
ATTRIBUTE_109
10
-1.08585
20
0.7073893333
40
0.889
1
 
41
0.75
7
W0$127
0
TEXT
8
PART_TYPE_TOP
10
-1.08585
20
-0.5626106667
40
0.889
1
ESD0402
41
0.75
7
W0$127
0
TEXT
8
PART_INFO
10
-1.08585
20
-1.8326106667
40
0.889
1
000000
41
0.75
7
W0$127
0
TEXT
8
PART_PTS
10
-1.08585
20
-3.1026106667
40
0.889
1
1 2 
41
0.75
7
W0$127
0
ENDBLK
0
BLOCK
2
PART_TOP_30
8
0
10
0
20
0
3
PART_TOP_30
70
64
0
INSERT
2
SYM_TOP_11
8
0
10
0
20
0
0
INSERT
2
PKG_7
8
0
10
0
20
0
0
TEXT
8
LABEL_INFO
10
0.035
20
0
40
0.49
1
0 324000000 1 1 0 1
72
1
73
1
11
0.035
21
0
50
180
41
0.75
7
W0$07
0
TEXT
8
LABEL_ATTRIBUTE
10
0.035
20
0
40
0.49
1
Ref.Des.
72
1
73
1
11
0.035
21
0
50
180
41
0.75
7
W0$07
0
TEXT
8
PART_NAME_126
10
0.035
20
0
40
0.49
1
D11
72
1
73
2
11
0.035
21
0
50
180
41
0.75
7
W0$07
0
TEXT
8
LABEL_INFO
10
-1.08585
20
1.9773893333
40
0.889
1
0 0 0 0 0 1
41
0.75
7
W0$127
0
TEXT
8
LABEL_ATTRIBUTE
10
-1.08585
20
1.9773893333
40
0.889
1
Ref.Des.
41
0.75
7
W0$127
0
TEXT
8
PART_NAME_109
10
-1.08585
20
1.9773893333
40
0.889
1
D11
41
0.75
7
W0$127
0
TEXT
8
LABEL_INFO
10
-1.08585
20
0.7073893333
40
0.889
1
0 0 0 0 0 1
41
0.75
7
W0$127
0
TEXT
8
LABEL_ATTRIBUTE
10
-1.08585
20
0.7073893333
40
0.889
1
Comment
41
0.75
7
W0$127
0
TEXT
8
ATTRIBUTE_109
10
-1.08585
20
0.7073893333
40
0.889
1
 
41
0.75
7
W0$127
0
TEXT
8
PART_TYPE_TOP
10
-1.08585
20
-0.5626106667
40
0.889
1
ESD0402
41
0.75
7
W0$127
0
TEXT
8
PART_INFO
10
-1.08585
20
-1.8326106667
40
0.889
1
000000
41
0.75
7
W0$127
0
TEXT
8
PART_PTS
10
-1.08585
20
-3.1026106667
40
0.889
1
1 2 
41
0.75
7
W0$127
0
ENDBLK
0
BLOCK
2
PART_TOP_31
8
0
10
0
20
0
3
PART_TOP_31
70
64
0
INSERT
2
SYM_TOP_11
8
0
10
0
20
0
0
INSERT
2
PKG_7
8
0
10
0
20
0
0
TEXT
8
LABEL_INFO
10
0.035
20
0
40
0.49
1
0 324000000 1 1 0 1
72
1
73
1
11
0.035
21
0
50
180
41
0.75
7
W0$07
0
TEXT
8
LABEL_ATTRIBUTE
10
0.035
20
0
40
0.49
1
Ref.Des.
72
1
73
1
11
0.035
21
0
50
180
41
0.75
7
W0$07
0
TEXT
8
PART_NAME_126
10
0.035
20
0
40
0.49
1
D12
72
1
73
2
11
0.035
21
0
50
180
41
0.75
7
W0$07
0
TEXT
8
LABEL_INFO
10
-1.08585
20
1.9773893333
40
0.889
1
0 0 0 0 0 1
41
0.75
7
W0$127
0
TEXT
8
LABEL_ATTRIBUTE
10
-1.08585
20
1.9773893333
40
0.889
1
Ref.Des.
41
0.75
7
W0$127
0
TEXT
8
PART_NAME_109
10
-1.08585
20
1.9773893333
40
0.889
1
D12
41
0.75
7
W0$127
0
TEXT
8
LABEL_INFO
10
-1.08585
20
0.7073893333
40
0.889
1
0 0 0 0 0 1
41
0.75
7
W0$127
0
TEXT
8
LABEL_ATTRIBUTE
10
-1.08585
20
0.7073893333
40
0.889
1
Comment
41
0.75
7
W0$127
0
TEXT
8
ATTRIBUTE_109
10
-1.08585
20
0.7073893333
40
0.889
1
 
41
0.75
7
W0$127
0
TEXT
8
PART_TYPE_TOP
10
-1.08585
20
-0.5626106667
40
0.889
1
ESD0402
41
0.75
7
W0$127
0
TEXT
8
PART_INFO
10
-1.08585
20
-1.8326106667
40
0.889
1
000000
41
0.75
7
W0$127
0
TEXT
8
PART_PTS
10
-1.08585
20
-3.1026106667
40
0.889
1
1 2 
41
0.75
7
W0$127
0
ENDBLK
0
BLOCK
2
PART_TOP_32
8
0
10
0
20
0
3
PART_TOP_32
70
64
0
INSERT
2
SYM_TOP_11
8
0
10
0
20
0
0
INSERT
2
PKG_7
8
0
10
0
20
0
0
TEXT
8
LABEL_INFO
10
0.135
20
0.05
40
0.49
1
0 0 1 1 0 1
72
1
73
1
11
0.135
21
0.05
41
0.75
7
W0$07
0
TEXT
8
LABEL_ATTRIBUTE
10
0.135
20
0.05
40
0.49
1
Ref.Des.
72
1
73
1
11
0.135
21
0.05
41
0.75
7
W0$07
0
TEXT
8
PART_NAME_126
10
0.135
20
0.05
40
0.49
1
D2
72
1
73
2
11
0.135
21
0.05
41
0.75
7
W0$07
0
TEXT
8
LABEL_INFO
10
-1.08585
20
1.9773893333
40
0.889
1
0 0 0 0 0 1
41
0.75
7
W0$127
0
TEXT
8
LABEL_ATTRIBUTE
10
-1.08585
20
1.9773893333
40
0.889
1
Ref.Des.
41
0.75
7
W0$127
0
TEXT
8
PART_NAME_109
10
-1.08585
20
1.9773893333
40
0.889
1
D2
41
0.75
7
W0$127
0
TEXT
8
LABEL_INFO
10
-1.08585
20
0.7073893333
40
0.889
1
0 0 0 0 0 1
41
0.75
7
W0$127
0
TEXT
8
LABEL_ATTRIBUTE
10
-1.08585
20
0.7073893333
40
0.889
1
Comment
41
0.75
7
W0$127
0
TEXT
8
ATTRIBUTE_109
10
-1.08585
20
0.7073893333
40
0.889
1
 
41
0.75
7
W0$127
0
TEXT
8
PART_TYPE_TOP
10
-1.08585
20
-0.5626106667
40
0.889
1
ESD0402
41
0.75
7
W0$127
0
TEXT
8
PART_INFO
10
-1.08585
20
-1.8326106667
40
0.889
1
000000
41
0.75
7
W0$127
0
TEXT
8
PART_PTS
10
-1.08585
20
-3.1026106667
40
0.889
1
1 2 
41
0.75
7
W0$127
0
ENDBLK
0
BLOCK
2
PART_TOP_33
8
0
10
0
20
0
3
PART_TOP_33
70
64
0
INSERT
2
SYM_TOP_11
8
0
10
0
20
0
0
INSERT
2
PKG_7
8
0
10
0
20
0
0
TEXT
8
LABEL_INFO
10
0.135
20
0.05
40
0.49
1
0 0 1 1 0 1
72
1
73
1
11
0.135
21
0.05
41
0.75
7
W0$07
0
TEXT
8
LABEL_ATTRIBUTE
10
0.135
20
0.05
40
0.49
1
Ref.Des.
72
1
73
1
11
0.135
21
0.05
41
0.75
7
W0$07
0
TEXT
8
PART_NAME_126
10
0.135
20
0.05
40
0.49
1
D3
72
1
73
2
11
0.135
21
0.05
41
0.75
7
W0$07
0
TEXT
8
LABEL_INFO
10
-1.08585
20
1.9773893333
40
0.889
1
0 0 0 0 0 1
41
0.75
7
W0$127
0
TEXT
8
LABEL_ATTRIBUTE
10
-1.08585
20
1.9773893333
40
0.889
1
Ref.Des.
41
0.75
7
W0$127
0
TEXT
8
PART_NAME_109
10
-1.08585
20
1.9773893333
40
0.889
1
D3
41
0.75
7
W0$127
0
TEXT
8
LABEL_INFO
10
-1.08585
20
0.7073893333
40
0.889
1
0 0 0 0 0 1
41
0.75
7
W0$127
0
TEXT
8
LABEL_ATTRIBUTE
10
-1.08585
20
0.7073893333
40
0.889
1
Comment
41
0.75
7
W0$127
0
TEXT
8
ATTRIBUTE_109
10
-1.08585
20
0.7073893333
40
0.889
1
 
41
0.75
7
W0$127
0
TEXT
8
PART_TYPE_TOP
10
-1.08585
20
-0.5626106667
40
0.889
1
ESD0402
41
0.75
7
W0$127
0
TEXT
8
PART_INFO
10
-1.08585
20
-1.8326106667
40
0.889
1
000000
41
0.75
7
W0$127
0
TEXT
8
PART_PTS
10
-1.08585
20
-3.1026106667
40
0.889
1
1 2 
41
0.75
7
W0$127
0
ENDBLK
0
BLOCK
2
PART_TOP_34
8
0
10
0
20
0
3
PART_TOP_34
70
64
0
INSERT
2
SYM_TOP_11
8
0
10
0
20
0
0
INSERT
2
PKG_7
8
0
10
0
20
0
0
TEXT
8
LABEL_INFO
10
0.135
20
0.05
40
0.49
1
0 0 1 1 0 1
72
1
73
1
11
0.135
21
0.05
41
0.75
7
W0$07
0
TEXT
8
LABEL_ATTRIBUTE
10
0.135
20
0.05
40
0.49
1
Ref.Des.
72
1
73
1
11
0.135
21
0.05
41
0.75
7
W0$07
0
TEXT
8
PART_NAME_126
10
0.135
20
0.05
40
0.49
1
D4
72
1
73
2
11
0.135
21
0.05
41
0.75
7
W0$07
0
TEXT
8
LABEL_INFO
10
-1.08585
20
1.9773893333
40
0.889
1
0 0 0 0 0 1
41
0.75
7
W0$127
0
TEXT
8
LABEL_ATTRIBUTE
10
-1.08585
20
1.9773893333
40
0.889
1
Ref.Des.
41
0.75
7
W0$127
0
TEXT
8
PART_NAME_109
10
-1.08585
20
1.9773893333
40
0.889
1
D4
41
0.75
7
W0$127
0
TEXT
8
LABEL_INFO
10
-1.08585
20
0.7073893333
40
0.889
1
0 0 0 0 0 1
41
0.75
7
W0$127
0
TEXT
8
LABEL_ATTRIBUTE
10
-1.08585
20
0.7073893333
40
0.889
1
Comment
41
0.75
7
W0$127
0
TEXT
8
ATTRIBUTE_109
10
-1.08585
20
0.7073893333
40
0.889
1
 
41
0.75
7
W0$127
0
TEXT
8
PART_TYPE_TOP
10
-1.08585
20
-0.5626106667
40
0.889
1
ESD0402
41
0.75
7
W0$127
0
TEXT
8
PART_INFO
10
-1.08585
20
-1.8326106667
40
0.889
1
000000
41
0.75
7
W0$127
0
TEXT
8
PART_PTS
10
-1.08585
20
-3.1026106667
40
0.889
1
1 2 
41
0.75
7
W0$127
0
ENDBLK
0
BLOCK
2
PART_TOP_35
8
0
10
0
20
0
3
PART_TOP_35
70
64
0
INSERT
2
SYM_TOP_11
8
0
10
0
20
0
0
INSERT
2
PKG_7
8
0
10
0
20
0
0
TEXT
8
LABEL_INFO
10
0.135
20
0.05
40
0.49
1
0 0 1 1 0 1
72
1
73
1
11
0.135
21
0.05
41
0.75
7
W0$07
0
TEXT
8
LABEL_ATTRIBUTE
10
0.135
20
0.05
40
0.49
1
Ref.Des.
72
1
73
1
11
0.135
21
0.05
41
0.75
7
W0$07
0
TEXT
8
PART_NAME_126
10
0.135
20
0.05
40
0.49
1
D5
72
1
73
2
11
0.135
21
0.05
41
0.75
7
W0$07
0
TEXT
8
LABEL_INFO
10
-1.08585
20
1.9773893333
40
0.889
1
0 0 0 0 0 1
41
0.75
7
W0$127
0
TEXT
8
LABEL_ATTRIBUTE
10
-1.08585
20
1.9773893333
40
0.889
1
Ref.Des.
41
0.75
7
W0$127
0
TEXT
8
PART_NAME_109
10
-1.08585
20
1.9773893333
40
0.889
1
D5
41
0.75
7
W0$127
0
TEXT
8
LABEL_INFO
10
-1.08585
20
0.7073893333
40
0.889
1
0 0 0 0 0 1
41
0.75
7
W0$127
0
TEXT
8
LABEL_ATTRIBUTE
10
-1.08585
20
0.7073893333
40
0.889
1
Comment
41
0.75
7
W0$127
0
TEXT
8
ATTRIBUTE_109
10
-1.08585
20
0.7073893333
40
0.889
1
 
41
0.75
7
W0$127
0
TEXT
8
PART_TYPE_TOP
10
-1.08585
20
-0.5626106667
40
0.889
1
ESD0402
41
0.75
7
W0$127
0
TEXT
8
PART_INFO
10
-1.08585
20
-1.8326106667
40
0.889
1
000000
41
0.75
7
W0$127
0
TEXT
8
PART_PTS
10
-1.08585
20
-3.1026106667
40
0.889
1
1 2 
41
0.75
7
W0$127
0
ENDBLK
0
BLOCK
2
PART_TOP_36
8
0
10
0
20
0
3
PART_TOP_36
70
64
0
INSERT
2
SYM_TOP_11
8
0
10
0
20
0
0
INSERT
2
PKG_7
8
0
10
0
20
0
0
TEXT
8
LABEL_INFO
10
-0.0149993333
20
-0.05
40
0.49
1
0 324000000 1 1 0 1
72
1
73
1
11
-0.0149993333
21
-0.05
50
180
41
0.75
7
W0$07
0
TEXT
8
LABEL_ATTRIBUTE
10
-0.0149993333
20
-0.05
40
0.49
1
Ref.Des.
72
1
73
1
11
-0.0149993333
21
-0.05
50
180
41
0.75
7
W0$07
0
TEXT
8
PART_NAME_126
10
-0.0149993333
20
-0.05
40
0.49
1
D6
72
1
73
2
11
-0.0149993333
21
-0.05
50
180
41
0.75
7
W0$07
0
TEXT
8
LABEL_INFO
10
-1.08585
20
1.9773893333
40
0.889
1
0 0 0 0 0 1
41
0.75
7
W0$127
0
TEXT
8
LABEL_ATTRIBUTE
10
-1.08585
20
1.9773893333
40
0.889
1
Ref.Des.
41
0.75
7
W0$127
0
TEXT
8
PART_NAME_109
10
-1.08585
20
1.9773893333
40
0.889
1
D6
41
0.75
7
W0$127
0
TEXT
8
LABEL_INFO
10
-1.08585
20
0.7073893333
40
0.889
1
0 0 0 0 0 1
41
0.75
7
W0$127
0
TEXT
8
LABEL_ATTRIBUTE
10
-1.08585
20
0.7073893333
40
0.889
1
Comment
41
0.75
7
W0$127
0
TEXT
8
ATTRIBUTE_109
10
-1.08585
20
0.7073893333
40
0.889
1
 
41
0.75
7
W0$127
0
TEXT
8
PART_TYPE_TOP
10
-1.08585
20
-0.5626106667
40
0.889
1
ESD0402
41
0.75
7
W0$127
0
TEXT
8
PART_INFO
10
-1.08585
20
-1.8326106667
40
0.889
1
000000
41
0.75
7
W0$127
0
TEXT
8
PART_PTS
10
-1.08585
20
-3.1026106667
40
0.889
1
1 2 
41
0.75
7
W0$127
0
ENDBLK
0
BLOCK
2
PART_TOP_37
8
0
10
0
20
0
3
PART_TOP_37
70
64
0
INSERT
2
SYM_TOP_11
8
0
10
0
20
0
0
INSERT
2
PKG_7
8
0
10
0
20
0
0
TEXT
8
LABEL_INFO
10
-0.0149993333
20
-0.05
40
0.49
1
0 324000000 1 1 0 1
72
1
73
1
11
-0.0149993333
21
-0.05
50
180
41
0.75
7
W0$07
0
TEXT
8
LABEL_ATTRIBUTE
10
-0.0149993333
20
-0.05
40
0.49
1
Ref.Des.
72
1
73
1
11
-0.0149993333
21
-0.05
50
180
41
0.75
7
W0$07
0
TEXT
8
PART_NAME_126
10
-0.0149993333
20
-0.05
40
0.49
1
D7
72
1
73
2
11
-0.0149993333
21
-0.05
50
180
41
0.75
7
W0$07
0
TEXT
8
LABEL_INFO
10
-1.08585
20
1.9773893333
40
0.889
1
0 0 0 0 0 1
41
0.75
7
W0$127
0
TEXT
8
LABEL_ATTRIBUTE
10
-1.08585
20
1.9773893333
40
0.889
1
Ref.Des.
41
0.75
7
W0$127
0
TEXT
8
PART_NAME_109
10
-1.08585
20
1.9773893333
40
0.889
1
D7
41
0.75
7
W0$127
0
TEXT
8
LABEL_INFO
10
-1.08585
20
0.7073893333
40
0.889
1
0 0 0 0 0 1
41
0.75
7
W0$127
0
TEXT
8
LABEL_ATTRIBUTE
10
-1.08585
20
0.7073893333
40
0.889
1
Comment
41
0.75
7
W0$127
0
TEXT
8
ATTRIBUTE_109
10
-1.08585
20
0.7073893333
40
0.889
1
 
41
0.75
7
W0$127
0
TEXT
8
PART_TYPE_TOP
10
-1.08585
20
-0.5626106667
40
0.889
1
ESD0402
41
0.75
7
W0$127
0
TEXT
8
PART_INFO
10
-1.08585
20
-1.8326106667
40
0.889
1
000000
41
0.75
7
W0$127
0
TEXT
8
PART_PTS
10
-1.08585
20
-3.1026106667
40
0.889
1
1 2 
41
0.75
7
W0$127
0
ENDBLK
0
BLOCK
2
PART_TOP_38
8
0
10
0
20
0
3
PART_TOP_38
70
64
0
INSERT
2
SYM_TOP_11
8
0
10
0
20
0
0
INSERT
2
PKG_7
8
0
10
0
20
0
0
TEXT
8
LABEL_INFO
10
-0.0149993333
20
-0.05
40
0.49
1
0 324000000 1 1 0 1
72
1
73
1
11
-0.0149993333
21
-0.05
50
180
41
0.75
7
W0$07
0
TEXT
8
LABEL_ATTRIBUTE
10
-0.0149993333
20
-0.05
40
0.49
1
Ref.Des.
72
1
73
1
11
-0.0149993333
21
-0.05
50
180
41
0.75
7
W0$07
0
TEXT
8
PART_NAME_126
10
-0.0149993333
20
-0.05
40
0.49
1
D8
72
1
73
2
11
-0.0149993333
21
-0.05
50
180
41
0.75
7
W0$07
0
TEXT
8
LABEL_INFO
10
-1.08585
20
1.9773893333
40
0.889
1
0 0 0 0 0 1
41
0.75
7
W0$127
0
TEXT
8
LABEL_ATTRIBUTE
10
-1.08585
20
1.9773893333
40
0.889
1
Ref.Des.
41
0.75
7
W0$127
0
TEXT
8
PART_NAME_109
10
-1.08585
20
1.9773893333
40
0.889
1
D8
41
0.75
7
W0$127
0
TEXT
8
LABEL_INFO
10
-1.08585
20
0.7073893333
40
0.889
1
0 0 0 0 0 1
41
0.75
7
W0$127
0
TEXT
8
LABEL_ATTRIBUTE
10
-1.08585
20
0.7073893333
40
0.889
1
Comment
41
0.75
7
W0$127
0
TEXT
8
ATTRIBUTE_109
10
-1.08585
20
0.7073893333
40
0.889
1
 
41
0.75
7
W0$127
0
TEXT
8
PART_TYPE_TOP
10
-1.08585
20
-0.5626106667
40
0.889
1
ESD0402
41
0.75
7
W0$127
0
TEXT
8
PART_INFO
10
-1.08585
20
-1.8326106667
40
0.889
1
000000
41
0.75
7
W0$127
0
TEXT
8
PART_PTS
10
-1.08585
20
-3.1026106667
40
0.889
1
1 2 
41
0.75
7
W0$127
0
ENDBLK
0
BLOCK
2
PART_TOP_39
8
0
10
0
20
0
3
PART_TOP_39
70
64
0
INSERT
2
SYM_TOP_11
8
0
10
0
20
0
0
INSERT
2
PKG_7
8
0
10
0
20
0
0
TEXT
8
LABEL_INFO
10
-0.0149993333
20
-0.05
40
0.49
1
0 324000000 1 1 0 1
72
1
73
1
11
-0.0149993333
21
-0.05
50
180
41
0.75
7
W0$07
0
TEXT
8
LABEL_ATTRIBUTE
10
-0.0149993333
20
-0.05
40
0.49
1
Ref.Des.
72
1
73
1
11
-0.0149993333
21
-0.05
50
180
41
0.75
7
W0$07
0
TEXT
8
PART_NAME_126
10
-0.0149993333
20
-0.05
40
0.49
1
D9
72
1
73
2
11
-0.0149993333
21
-0.05
50
180
41
0.75
7
W0$07
0
TEXT
8
LABEL_INFO
10
-1.08585
20
1.9773893333
40
0.889
1
0 0 0 0 0 1
41
0.75
7
W0$127
0
TEXT
8
LABEL_ATTRIBUTE
10
-1.08585
20
1.9773893333
40
0.889
1
Ref.Des.
41
0.75
7
W0$127
0
TEXT
8
PART_NAME_109
10
-1.08585
20
1.9773893333
40
0.889
1
D9
41
0.75
7
W0$127
0
TEXT
8
LABEL_INFO
10
-1.08585
20
0.7073893333
40
0.889
1
0 0 0 0 0 1
41
0.75
7
W0$127
0
TEXT
8
LABEL_ATTRIBUTE
10
-1.08585
20
0.7073893333
40
0.889
1
Comment
41
0.75
7
W0$127
0
TEXT
8
ATTRIBUTE_109
10
-1.08585
20
0.7073893333
40
0.889
1
 
41
0.75
7
W0$127
0
TEXT
8
PART_TYPE_TOP
10
-1.08585
20
-0.5626106667
40
0.889
1
ESD0402
41
0.75
7
W0$127
0
TEXT
8
PART_INFO
10
-1.08585
20
-1.8326106667
40
0.889
1
000000
41
0.75
7
W0$127
0
TEXT
8
PART_PTS
10
-1.08585
20
-3.1026106667
40
0.889
1
1 2 
41
0.75
7
W0$127
0
ENDBLK
0
BLOCK
2
PART_TOP_40
8
0
10
0
20
0
3
PART_TOP_40
70
64
0
INSERT
2
SYM_TOP_7
8
0
10
0
20
0
0
INSERT
2
PKG_3
8
0
10
0
20
0
0
TEXT
8
LABEL_INFO
10
0
20
0
40
0.49
1
0 324000000 1 1 0 1
72
1
73
1
11
0
21
0
50
180
41
0.75
7
W0$07
0
TEXT
8
LABEL_ATTRIBUTE
10
0
20
0
40
0.49
1
Ref.Des.
72
1
73
1
11
0
21
0
50
180
41
0.75
7
W0$07
0
TEXT
8
PART_NAME_126
10
0
20
0
40
0.49
1
E1
72
1
73
2
11
0
21
0
50
180
41
0.75
7
W0$07
0
TEXT
8
PART_TYPE_TOP
10
0
20
-0.7
40
0.49
1
C0805
72
1
73
2
11
0
21
-0.7
50
180
41
0.75
7
W0$07
0
TEXT
8
PART_INFO
10
0
20
-1.4
40
0.49
1
000000
72
1
73
2
11
0
21
-1.4
50
180
41
0.75
7
W0$07
0
TEXT
8
PART_PTS
10
0
20
-2.1
40
0.49
1
1 2 
72
1
73
2
11
0
21
-2.1
50
180
41
0.75
7
W0$07
0
ENDBLK
0
BLOCK
2
PART_TOP_41
8
0
10
0
20
0
3
PART_TOP_41
70
64
0
INSERT
2
SYM_TOP_7
8
0
10
0
20
0
0
INSERT
2
PKG_3
8
0
10
0
20
0
0
TEXT
8
LABEL_INFO
10
0
20
0
40
0.49
1
0 324000000 1 1 0 1
72
1
73
1
11
0
21
0
50
180
41
0.75
7
W0$07
0
TEXT
8
LABEL_ATTRIBUTE
10
0
20
0
40
0.49
1
Ref.Des.
72
1
73
1
11
0
21
0
50
180
41
0.75
7
W0$07
0
TEXT
8
PART_NAME_126
10
0
20
0
40
0.49
1
E2
72
1
73
2
11
0
21
0
50
180
41
0.75
7
W0$07
0
TEXT
8
PART_TYPE_TOP
10
0
20
-0.7
40
0.49
1
C0805
72
1
73
2
11
0
21
-0.7
50
180
41
0.75
7
W0$07
0
TEXT
8
PART_INFO
10
0
20
-1.4
40
0.49
1
000000
72
1
73
2
11
0
21
-1.4
50
180
41
0.75
7
W0$07
0
TEXT
8
PART_PTS
10
0
20
-2.1
40
0.49
1
1 2 
72
1
73
2
11
0
21
-2.1
50
180
41
0.75
7
W0$07
0
ENDBLK
0
BLOCK
2
PART_TOP_42
8
0
10
0
20
0
3
PART_TOP_42
70
64
0
INSERT
2
SYM_TOP_11
8
0
10
0
20
0
0
INSERT
2
PKG_7
8
0
10
0
20
0
0
TEXT
8
LABEL_INFO
10
0.035
20
-0.05
40
0.49
1
0 324000000 1 1 0 1
72
1
73
1
11
0.035
21
-0.05
50
180
41
0.75
7
W0$07
0
TEXT
8
LABEL_ATTRIBUTE
10
0.035
20
-0.05
40
0.49
1
Ref.Des.
72
1
73
1
11
0.035
21
-0.05
50
180
41
0.75
7
W0$07
0
TEXT
8
PART_NAME_126
10
0.035
20
-0.05
40
0.49
1
ED1
72
1
73
2
11
0.035
21
-0.05
50
180
41
0.75
7
W0$07
0
TEXT
8
LABEL_INFO
10
-1.08585
20
1.9773893333
40
0.889
1
0 0 0 0 0 1
41
0.75
7
W0$127
0
TEXT
8
LABEL_ATTRIBUTE
10
-1.08585
20
1.9773893333
40
0.889
1
Ref.Des.
41
0.75
7
W0$127
0
TEXT
8
PART_NAME_109
10
-1.08585
20
1.9773893333
40
0.889
1
ED1
41
0.75
7
W0$127
0
TEXT
8
LABEL_INFO
10
-1.08585
20
0.7073893333
40
0.889
1
0 0 0 0 0 1
41
0.75
7
W0$127
0
TEXT
8
LABEL_ATTRIBUTE
10
-1.08585
20
0.7073893333
40
0.889
1
Comment
41
0.75
7
W0$127
0
TEXT
8
ATTRIBUTE_109
10
-1.08585
20
0.7073893333
40
0.889
1
 
41
0.75
7
W0$127
0
TEXT
8
PART_TYPE_TOP
10
-1.08585
20
-0.5626106667
40
0.889
1
ESD0402
41
0.75
7
W0$127
0
TEXT
8
PART_INFO
10
-1.08585
20
-1.8326106667
40
0.889
1
000000
41
0.75
7
W0$127
0
TEXT
8
PART_PTS
10
-1.08585
20
-3.1026106667
40
0.889
1
1 2 
41
0.75
7
W0$127
0
ENDBLK
0
BLOCK
2
PART_TOP_43
8
0
10
0
20
0
3
PART_TOP_43
70
64
0
INSERT
2
SYM_TOP_12
8
0
10
0
20
0
0
INSERT
2
PKG_8
8
0
10
0
20
0
0
TEXT
8
LABEL_INFO
10
0
20
0
40
0.49
1
0 0 1 1 0 1
72
1
73
1
11
0
21
0
41
0.75
7
W0$07
0
TEXT
8
LABEL_ATTRIBUTE
10
0
20
0
40
0.49
1
Ref.Des.
72
1
73
1
11
0
21
0
41
0.75
7
W0$07
0
TEXT
8
PART_NAME_126
10
0
20
0
40
0.49
1
ED10
72
1
73
2
11
0
21
0
41
0.75
7
W0$07
0
TEXT
8
LABEL_INFO
10
-1.699372
20
1.065566
40
0.889
1
0 0 0 0 0 1
41
0.75
7
W0$127
0
TEXT
8
LABEL_ATTRIBUTE
10
-1.699372
20
1.065566
40
0.889
1
Comment
41
0.75
7
W0$127
0
TEXT
8
ATTRIBUTE_01
10
-1.699372
20
1.065566
40
0.889
1
 
41
0.75
7
W0$127
0
TEXT
8
PART_TYPE_TOP
10
-1.699372
20
-0.204434
40
0.889
1
E0402N
41
0.75
7
W0$127
0
TEXT
8
PART_INFO
10
-1.699372
20
-1.474434
40
0.889
1
000000
41
0.75
7
W0$127
0
TEXT
8
PART_PTS
10
-1.699372
20
-2.744434
40
0.889
1
1 2 
41
0.75
7
W0$127
0
ENDBLK
0
BLOCK
2
PART_TOP_44
8
0
10
0
20
0
3
PART_TOP_44
70
64
0
INSERT
2
SYM_TOP_11
8
0
10
0
20
0
0
INSERT
2
PKG_7
8
0
10
0
20
0
0
TEXT
8
LABEL_INFO
10
0.085
20
0.05
40
0.49
1
0 0 1 1 0 1
72
1
73
1
11
0.085
21
0.05
41
0.75
7
W0$07
0
TEXT
8
LABEL_ATTRIBUTE
10
0.085
20
0.05
40
0.49
1
Ref.Des.
72
1
73
1
11
0.085
21
0.05
41
0.75
7
W0$07
0
TEXT
8
PART_NAME_126
10
0.085
20
0.05
40
0.49
1
ED2
72
1
73
2
11
0.085
21
0.05
41
0.75
7
W0$07
0
TEXT
8
LABEL_INFO
10
-1.08585
20
1.9773893333
40
0.889
1
0 0 0 0 0 1
41
0.75
7
W0$127
0
TEXT
8
LABEL_ATTRIBUTE
10
-1.08585
20
1.9773893333
40
0.889
1
Ref.Des.
41
0.75
7
W0$127
0
TEXT
8
PART_NAME_109
10
-1.08585
20
1.9773893333
40
0.889
1
ED2
41
0.75
7
W0$127
0
TEXT
8
LABEL_INFO
10
-1.08585
20
0.7073893333
40
0.889
1
0 0 0 0 0 1
41
0.75
7
W0$127
0
TEXT
8
LABEL_ATTRIBUTE
10
-1.08585
20
0.7073893333
40
0.889
1
Comment
41
0.75
7
W0$127
0
TEXT
8
ATTRIBUTE_109
10
-1.08585
20
0.7073893333
40
0.889
1
 
41
0.75
7
W0$127
0
TEXT
8
PART_TYPE_TOP
10
-1.08585
20
-0.5626106667
40
0.889
1
ESD0402
41
0.75
7
W0$127
0
TEXT
8
PART_INFO
10
-1.08585
20
-1.8326106667
40
0.889
1
000000
41
0.75
7
W0$127
0
TEXT
8
PART_PTS
10
-1.08585
20
-3.1026106667
40
0.889
1
1 2 
41
0.75
7
W0$127
0
ENDBLK
0
BLOCK
2
PART_TOP_45
8
0
10
0
20
0
3
PART_TOP_45
70
64
0
INSERT
2
SYM_TOP_11
8
0
10
0
20
0
0
INSERT
2
PKG_7
8
0
10
0
20
0
0
TEXT
8
LABEL_INFO
10
-0.015
20
0
40
0.49
1
0 324000000 1 1 0 1
72
1
73
1
11
-0.015
21
0
50
180
41
0.75
7
W0$07
0
TEXT
8
LABEL_ATTRIBUTE
10
-0.015
20
0
40
0.49
1
Ref.Des.
72
1
73
1
11
-0.015
21
0
50
180
41
0.75
7
W0$07
0
TEXT
8
PART_NAME_126
10
-0.015
20
0
40
0.49
1
ED3
72
1
73
2
11
-0.015
21
0
50
180
41
0.75
7
W0$07
0
TEXT
8
LABEL_INFO
10
-1.08585
20
1.9773893333
40
0.889
1
0 0 0 0 0 1
41
0.75
7
W0$127
0
TEXT
8
LABEL_ATTRIBUTE
10
-1.08585
20
1.9773893333
40
0.889
1
Ref.Des.
41
0.75
7
W0$127
0
TEXT
8
PART_NAME_109
10
-1.08585
20
1.9773893333
40
0.889
1
ED3
41
0.75
7
W0$127
0
TEXT
8
LABEL_INFO
10
-1.08585
20
0.7073893333
40
0.889
1
0 0 0 0 0 1
41
0.75
7
W0$127
0
TEXT
8
LABEL_ATTRIBUTE
10
-1.08585
20
0.7073893333
40
0.889
1
Comment
41
0.75
7
W0$127
0
TEXT
8
ATTRIBUTE_109
10
-1.08585
20
0.7073893333
40
0.889
1
 
41
0.75
7
W0$127
0
TEXT
8
PART_TYPE_TOP
10
-1.08585
20
-0.5626106667
40
0.889
1
ESD0402
41
0.75
7
W0$127
0
TEXT
8
PART_INFO
10
-1.08585
20
-1.8326106667
40
0.889
1
000000
41
0.75
7
W0$127
0
TEXT
8
PART_PTS
10
-1.08585
20
-3.1026106667
40
0.889
1
1 2 
41
0.75
7
W0$127
0
ENDBLK
0
BLOCK
2
PART_TOP_46
8
0
10
0
20
0
3
PART_TOP_46
70
64
0
INSERT
2
SYM_TOP_11
8
0
10
0
20
0
0
INSERT
2
PKG_7
8
0
10
0
20
0
0
TEXT
8
LABEL_INFO
10
0.035
20
0.05
40
0.49
1
0 0 1 1 0 1
72
1
73
1
11
0.035
21
0.05
41
0.75
7
W0$07
0
TEXT
8
LABEL_ATTRIBUTE
10
0.035
20
0.05
40
0.49
1
Ref.Des.
72
1
73
1
11
0.035
21
0.05
41
0.75
7
W0$07
0
TEXT
8
PART_NAME_126
10
0.035
20
0.05
40
0.49
1
ED4
72
1
73
2
11
0.035
21
0.05
41
0.75
7
W0$07
0
TEXT
8
LABEL_INFO
10
-1.08585
20
1.9773893333
40
0.889
1
0 0 0 0 0 1
41
0.75
7
W0$127
0
TEXT
8
LABEL_ATTRIBUTE
10
-1.08585
20
1.9773893333
40
0.889
1
Ref.Des.
41
0.75
7
W0$127
0
TEXT
8
PART_NAME_109
10
-1.08585
20
1.9773893333
40
0.889
1
ED4
41
0.75
7
W0$127
0
TEXT
8
LABEL_INFO
10
-1.08585
20
0.7073893333
40
0.889
1
0 0 0 0 0 1
41
0.75
7
W0$127
0
TEXT
8
LABEL_ATTRIBUTE
10
-1.08585
20
0.7073893333
40
0.889
1
Comment
41
0.75
7
W0$127
0
TEXT
8
ATTRIBUTE_109
10
-1.08585
20
0.7073893333
40
0.889
1
 
41
0.75
7
W0$127
0
TEXT
8
PART_TYPE_TOP
10
-1.08585
20
-0.5626106667
40
0.889
1
ESD0402
41
0.75
7
W0$127
0
TEXT
8
PART_INFO
10
-1.08585
20
-1.8326106667
40
0.889
1
000000
41
0.75
7
W0$127
0
TEXT
8
PART_PTS
10
-1.08585
20
-3.1026106667
40
0.889
1
1 2 
41
0.75
7
W0$127
0
ENDBLK
0
BLOCK
2
PART_TOP_47
8
0
10
0
20
0
3
PART_TOP_47
70
64
0
INSERT
2
SYM_TOP_11
8
0
10
0
20
0
0
INSERT
2
PKG_7
8
0
10
0
20
0
0
TEXT
8
LABEL_INFO
10
0.035
20
-0.05
40
0.49
1
0 324000000 1 1 0 1
72
1
73
1
11
0.035
21
-0.05
50
180
41
0.75
7
W0$07
0
TEXT
8
LABEL_ATTRIBUTE
10
0.035
20
-0.05
40
0.49
1
Ref.Des.
72
1
73
1
11
0.035
21
-0.05
50
180
41
0.75
7
W0$07
0
TEXT
8
PART_NAME_126
10
0.035
20
-0.05
40
0.49
1
ED5
72
1
73
2
11
0.035
21
-0.05
50
180
41
0.75
7
W0$07
0
TEXT
8
LABEL_INFO
10
-1.08585
20
1.9773893333
40
0.889
1
0 0 0 0 0 1
41
0.75
7
W0$127
0
TEXT
8
LABEL_ATTRIBUTE
10
-1.08585
20
1.9773893333
40
0.889
1
Ref.Des.
41
0.75
7
W0$127
0
TEXT
8
PART_NAME_109
10
-1.08585
20
1.9773893333
40
0.889
1
ED5
41
0.75
7
W0$127
0
TEXT
8
LABEL_INFO
10
-1.08585
20
0.7073893333
40
0.889
1
0 0 0 0 0 1
41
0.75
7
W0$127
0
TEXT
8
LABEL_ATTRIBUTE
10
-1.08585
20
0.7073893333
40
0.889
1
Comment
41
0.75
7
W0$127
0
TEXT
8
ATTRIBUTE_109
10
-1.08585
20
0.7073893333
40
0.889
1
 
41
0.75
7
W0$127
0
TEXT
8
PART_TYPE_TOP
10
-1.08585
20
-0.5626106667
40
0.889
1
ESD0402
41
0.75
7
W0$127
0
TEXT
8
PART_INFO
10
-1.08585
20
-1.8326106667
40
0.889
1
000000
41
0.75
7
W0$127
0
TEXT
8
PART_PTS
10
-1.08585
20
-3.1026106667
40
0.889
1
1 2 
41
0.75
7
W0$127
0
ENDBLK
0
BLOCK
2
PART_TOP_48
8
0
10
0
20
0
3
PART_TOP_48
70
64
0
INSERT
2
SYM_TOP_11
8
0
10
0
20
0
0
INSERT
2
PKG_7
8
0
10
0
20
0
0
TEXT
8
LABEL_INFO
10
-0.015
20
0.05
40
0.49
1
0 0 1 1 0 1
72
1
73
1
11
-0.015
21
0.05
41
0.75
7
W0$07
0
TEXT
8
LABEL_ATTRIBUTE
10
-0.015
20
0.05
40
0.49
1
Ref.Des.
72
1
73
1
11
-0.015
21
0.05
41
0.75
7
W0$07
0
TEXT
8
PART_NAME_126
10
-0.015
20
0.05
40
0.49
1
ED6
72
1
73
2
11
-0.015
21
0.05
41
0.75
7
W0$07
0
TEXT
8
LABEL_INFO
10
-1.08585
20
1.9773893333
40
0.889
1
0 0 0 0 0 1
41
0.75
7
W0$127
0
TEXT
8
LABEL_ATTRIBUTE
10
-1.08585
20
1.9773893333
40
0.889
1
Ref.Des.
41
0.75
7
W0$127
0
TEXT
8
PART_NAME_109
10
-1.08585
20
1.9773893333
40
0.889
1
ED6
41
0.75
7
W0$127
0
TEXT
8
LABEL_INFO
10
-1.08585
20
0.7073893333
40
0.889
1
0 0 0 0 0 1
41
0.75
7
W0$127
0
TEXT
8
LABEL_ATTRIBUTE
10
-1.08585
20
0.7073893333
40
0.889
1
Comment
41
0.75
7
W0$127
0
TEXT
8
ATTRIBUTE_109
10
-1.08585
20
0.7073893333
40
0.889
1
 
41
0.75
7
W0$127
0
TEXT
8
PART_TYPE_TOP
10
-1.08585
20
-0.5626106667
40
0.889
1
ESD0402
41
0.75
7
W0$127
0
TEXT
8
PART_INFO
10
-1.08585
20
-1.8326106667
40
0.889
1
000000
41
0.75
7
W0$127
0
TEXT
8
PART_PTS
10
-1.08585
20
-3.1026106667
40
0.889
1
1 2 
41
0.75
7
W0$127
0
ENDBLK
0
BLOCK
2
PART_TOP_49
8
0
10
0
20
0
3
PART_TOP_49
70
64
0
INSERT
2
SYM_TOP_12
8
0
10
0
20
0
0
INSERT
2
PKG_8
8
0
10
0
20
0
0
TEXT
8
LABEL_INFO
10
0
20
0
40
0.49
1
0 0 1 1 0 1
72
1
73
1
11
0
21
0
41
0.75
7
W0$07
0
TEXT
8
LABEL_ATTRIBUTE
10
0
20
0
40
0.49
1
Ref.Des.
72
1
73
1
11
0
21
0
41
0.75
7
W0$07
0
TEXT
8
PART_NAME_126
10
0
20
0
40
0.49
1
ED7
72
1
73
2
11
0
21
0
41
0.75
7
W0$07
0
TEXT
8
LABEL_INFO
10
-1.699372
20
1.065566
40
0.889
1
0 0 0 0 0 1
41
0.75
7
W0$127
0
TEXT
8
LABEL_ATTRIBUTE
10
-1.699372
20
1.065566
40
0.889
1
Comment
41
0.75
7
W0$127
0
TEXT
8
ATTRIBUTE_01
10
-1.699372
20
1.065566
40
0.889
1
 
41
0.75
7
W0$127
0
TEXT
8
PART_TYPE_TOP
10
-1.699372
20
-0.204434
40
0.889
1
E0402N
41
0.75
7
W0$127
0
TEXT
8
PART_INFO
10
-1.699372
20
-1.474434
40
0.889
1
000000
41
0.75
7
W0$127
0
TEXT
8
PART_PTS
10
-1.699372
20
-2.744434
40
0.889
1
1 2 
41
0.75
7
W0$127
0
ENDBLK
0
BLOCK
2
PART_TOP_50
8
0
10
0
20
0
3
PART_TOP_50
70
64
0
INSERT
2
SYM_TOP_12
8
0
10
0
20
0
0
INSERT
2
PKG_8
8
0
10
0
20
0
0
TEXT
8
LABEL_INFO
10
0
20
0
40
0.49
1
0 0 1 1 0 1
72
1
73
1
11
0
21
0
41
0.75
7
W0$07
0
TEXT
8
LABEL_ATTRIBUTE
10
0
20
0
40
0.49
1
Ref.Des.
72
1
73
1
11
0
21
0
41
0.75
7
W0$07
0
TEXT
8
PART_NAME_126
10
0
20
0
40
0.49
1
ED8
72
1
73
2
11
0
21
0
41
0.75
7
W0$07
0
TEXT
8
LABEL_INFO
10
-1.699372
20
1.065566
40
0.889
1
0 0 0 0 0 1
41
0.75
7
W0$127
0
TEXT
8
LABEL_ATTRIBUTE
10
-1.699372
20
1.065566
40
0.889
1
Comment
41
0.75
7
W0$127
0
TEXT
8
ATTRIBUTE_01
10
-1.699372
20
1.065566
40
0.889
1
 
41
0.75
7
W0$127
0
TEXT
8
PART_TYPE_TOP
10
-1.699372
20
-0.204434
40
0.889
1
E0402N
41
0.75
7
W0$127
0
TEXT
8
PART_INFO
10
-1.699372
20
-1.474434
40
0.889
1
000000
41
0.75
7
W0$127
0
TEXT
8
PART_PTS
10
-1.699372
20
-2.744434
40
0.889
1
1 2 
41
0.75
7
W0$127
0
ENDBLK
0
BLOCK
2
PART_TOP_51
8
0
10
0
20
0
3
PART_TOP_51
70
64
0
INSERT
2
SYM_TOP_12
8
0
10
0
20
0
0
INSERT
2
PKG_8
8
0
10
0
20
0
0
TEXT
8
LABEL_INFO
10
0
20
0
40
0.49
1
0 0 1 1 0 1
72
1
73
1
11
0
21
0
41
0.75
7
W0$07
0
TEXT
8
LABEL_ATTRIBUTE
10
0
20
0
40
0.49
1
Ref.Des.
72
1
73
1
11
0
21
0
41
0.75
7
W0$07
0
TEXT
8
PART_NAME_126
10
0
20
0
40
0.49
1
ED9
72
1
73
2
11
0
21
0
41
0.75
7
W0$07
0
TEXT
8
LABEL_INFO
10
-1.699372
20
1.065566
40
0.889
1
0 0 0 0 0 1
41
0.75
7
W0$127
0
TEXT
8
LABEL_ATTRIBUTE
10
-1.699372
20
1.065566
40
0.889
1
Comment
41
0.75
7
W0$127
0
TEXT
8
ATTRIBUTE_01
10
-1.699372
20
1.065566
40
0.889
1
 
41
0.75
7
W0$127
0
TEXT
8
PART_TYPE_TOP
10
-1.699372
20
-0.204434
40
0.889
1
E0402N
41
0.75
7
W0$127
0
TEXT
8
PART_INFO
10
-1.699372
20
-1.474434
40
0.889
1
000000
41
0.75
7
W0$127
0
TEXT
8
PART_PTS
10
-1.699372
20
-2.744434
40
0.889
1
1 2 
41
0.75
7
W0$127
0
ENDBLK
0
BLOCK
2
PART_TOP_52
8
0
10
0
20
0
3
PART_TOP_52
70
64
0
INSERT
2
SYM_TOP_13
8
0
10
0
20
0
0
INSERT
2
PKG_9
8
0
10
0
20
0
0
TEXT
8
LABEL_INFO
10
0
20
-2.1955
40
0.49
1
0 0 1 1 0 1
72
1
73
1
11
0
21
-2.1955
41
0.75
7
W0$07
0
TEXT
8
LABEL_ATTRIBUTE
10
0
20
-2.1955
40
0.49
1
Ref.Des.
72
1
73
1
11
0
21
-2.1955
41
0.75
7
W0$07
0
TEXT
8
PART_NAME_126
10
0
20
-2.1955
40
0.49
1
J2
72
1
73
2
11
0
21
-2.1955
41
0.75
7
W0$07
0
TEXT
8
LABEL_INFO
10
-1.35
20
-7.3
40
1.778
1
0 0 0 2 0 1
73
2
11
-1.35
21
-7.3
41
0.75
7
W0$254
0
TEXT
8
LABEL_ATTRIBUTE
10
-1.35
20
-7.3
40
1.778
1
PartType
73
2
11
-1.35
21
-7.3
41
0.75
7
W0$254
0
TEXT
8
PART_TYPE_01
10
-1.35
20
-7.3
40
1.778
1
FPC6-0.5MM-2660H
73
3
11
-1.35
21
-7.3
41
0.75
7
W0$254
0
TEXT
8
PART_INFO
10
-1.35
20
-9.84
40
1.778
1
000010
73
3
11
-1.35
21
-9.84
41
0.75
7
W0$254
0
TEXT
8
PART_PTS
10
-1.35
20
-12.38
40
1.778
1
1 2 3 4 5 6 7 8 
73
3
11
-1.35
21
-12.38
41
0.75
7
W0$254
0
ENDBLK
0
BLOCK
2
PART_TOP_53
8
0
10
0
20
0
3
PART_TOP_53
70
64
0
INSERT
2
SYM_TOP_14
8
0
10
0
20
0
0
INSERT
2
PKG_10
8
0
10
0
20
0
0
TEXT
8
LABEL_INFO
10
-4.32
20
1.49748
40
0.49
1
0 0 1 1 0 1
72
1
73
1
11
-4.32
21
1.49748
41
0.75
7
W0$07
0
TEXT
8
LABEL_ATTRIBUTE
10
-4.32
20
1.49748
40
0.49
1
Ref.Des.
72
1
73
1
11
-4.32
21
1.49748
41
0.75
7
W0$07
0
TEXT
8
PART_NAME_126
10
-4.32
20
1.49748
40
0.49
1
J10
72
1
73
2
11
-4.32
21
1.49748
41
0.75
7
W0$07
0
TEXT
8
LABEL_INFO
10
-8.64
20
0
40
0.889
1
0 0 0 2 0 1
73
2
11
-8.64
21
0
41
0.75
7
W0$127
0
TEXT
8
LABEL_ATTRIBUTE
10
-8.64
20
0
40
0.889
1
PartType
73
2
11
-8.64
21
0
41
0.75
7
W0$127
0
TEXT
8
PART_TYPE_01
10
-8.64
20
0
40
0.889
1
TYPEC-16PIN-SMD1
73
3
11
-8.64
21
0
41
0.75
7
W0$127
0
TEXT
8
PART_INFO
10
-8.64
20
-1.27
40
0.889
1
000000
73
3
11
-8.64
21
-1.27
41
0.75
7
W0$127
0
TEXT
8
PART_PTS
10
-8.64
20
-2.54
40
0.889
1
1 2 3 4 7 8 9 10 11 12 13 14 15 16 17 19 20 22 
73
3
11
-8.64
21
-2.54
41
0.75
7
W0$127
0
ENDBLK
0
BLOCK
2
PART_TOP_54
8
0
10
0
20
0
3
PART_TOP_54
70
64
0
INSERT
2
SYM_TOP_15
8
0
10
0
20
0
0
INSERT
2
PKG_11
8
0
10
0
20
0
0
TEXT
8
LABEL_INFO
10
-7.25
20
-2.11925
40
0.49
1
0 0 1 1 0 1
72
1
73
1
11
-7.25
21
-2.11925
41
0.75
7
W0$07
0
TEXT
8
LABEL_ATTRIBUTE
10
-7.25
20
-2.11925
40
0.49
1
Ref.Des.
72
1
73
1
11
-7.25
21
-2.11925
41
0.75
7
W0$07
0
TEXT
8
PART_NAME_126
10
-7.25
20
-2.11925
40
0.49
1
J1
72
1
73
2
11
-7.25
21
-2.11925
41
0.75
7
W0$07
0
TEXT
8
LABEL_INFO
10
-6.146
20
-2.722
40
0.889
1
0 0 0 2 0 1
73
2
11
-6.146
21
-2.722
41
0.75
7
W0$127
0
TEXT
8
LABEL_ATTRIBUTE
10
-6.146
20
-2.722
40
0.889
1
PartType
73
2
11
-6.146
21
-2.722
41
0.75
7
W0$127
0
TEXT
8
PART_TYPE_01
10
-6.146
20
-2.722
40
0.889
1
FPC30R_0R50_DOWN
73
3
11
-6.146
21
-2.722
41
0.75
7
W0$127
0
TEXT
8
PART_INFO
10
-6.146
20
-3.992
40
0.889
1
000000
73
3
11
-6.146
21
-3.992
41
0.75
7
W0$127
0
TEXT
8
PART_PTS
10
-6.146
20
-5.262
40
0.889
1
1 2 3 4 5 7 8 9 10 11 13 14 15 16 17 19 20 21 23 24 25 26 27 29 30 
73
3
11
-6.146
21
-5.262
41
0.75
7
W0$127
0
ENDBLK
0
BLOCK
2
PART_TOP_55
8
0
10
0
20
0
3
PART_TOP_55
70
64
0
INSERT
2
SYM_TOP_16
8
0
10
0
20
0
0
INSERT
2
PKG_12
8
0
10
0
20
0
0
TEXT
8
LABEL_INFO
10
-3.6405826667
20
0.8500046667
40
0.49
1
0 0 1 1 0 1
72
1
73
1
11
-3.6405826667
21
0.8500046667
41
0.75
7
W0$07
0
TEXT
8
LABEL_ATTRIBUTE
10
-3.6405826667
20
0.8500046667
40
0.49
1
Ref.Des.
72
1
73
1
11
-3.6405826667
21
0.8500046667
41
0.75
7
W0$07
0
TEXT
8
PART_NAME_126
10
-3.6405826667
20
0.8500046667
40
0.49
1
J3
72
1
73
2
11
-3.6405826667
21
0.8500046667
41
0.75
7
W0$07
0
TEXT
8
LABEL_INFO
10
-3.6405826667
20
0.8500046667
40
0.889
1
0 0 1 1 0 1
72
1
73
1
11
-3.6405826667
21
0.8500046667
41
0.75
7
W0$127
0
TEXT
8
LABEL_ATTRIBUTE
10
-3.6405826667
20
0.8500046667
40
0.889
1
Comment
72
1
73
1
11
-3.6405826667
21
0.8500046667
41
0.75
7
W0$127
0
TEXT
8
ATTRIBUTE_126
10
-3.6405826667
20
0.8500046667
40
0.889
1
 
72
1
73
2
11
-3.6405826667
21
0.8500046667
41
0.75
7
W0$127
0
TEXT
8
PART_TYPE_TOP
10
-3.6405826667
20
-0.4199953333
40
0.889
1
TF-CKT01-009D
72
1
73
2
11
-3.6405826667
21
-0.4199953333
41
0.75
7
W0$127
0
TEXT
8
PART_INFO
10
-3.6405826667
20
-1.6899953333
40
0.889
1
000000
72
1
73
2
11
-3.6405826667
21
-1.6899953333
41
0.75
7
W0$127
0
TEXT
8
PART_PTS
10
-3.6405826667
20
-2.9599953333
40
0.889
1
1 2 3 4 5 6 7 8 9 10 11 12 13 
72
1
73
2
11
-3.6405826667
21
-2.9599953333
41
0.75
7
W0$127
0
ENDBLK
0
BLOCK
2
PART_TOP_56
8
0
10
0
20
0
3
PART_TOP_56
70
64
0
INSERT
2
SYM_TOP_17
8
0
10
0
20
0
0
INSERT
2
PKG_13
8
0
10
0
20
0
0
TEXT
8
LABEL_INFO
10
-1.12498
20
5.8
40
0.49
1
0 324000000 1 1 0 1
72
1
73
1
11
-1.12498
21
5.8
50
180
41
0.75
7
W0$07
0
TEXT
8
LABEL_ATTRIBUTE
10
-1.12498
20
5.8
40
0.49
1
Ref.Des.
72
1
73
1
11
-1.12498
21
5.8
50
180
41
0.75
7
W0$07
0
TEXT
8
PART_NAME_126
10
-1.12498
20
5.8
40
0.49
1
J4
72
1
73
2
11
-1.12498
21
5.8
50
180
41
0.75
7
W0$07
0
TEXT
8
LABEL_INFO
10
0
20
0
40
0.32004
1
0 0 0 2 0 1
73
2
11
0
21
0
41
0.75
7
W0$0508
0
TEXT
8
LABEL_ATTRIBUTE
10
0
20
0
40
0.32004
1
PartType
73
2
11
0
21
0
41
0.75
7
W0$0508
0
TEXT
8
PART_TYPE_01
10
0
20
0
40
0.32004
1
DC-044A
73
3
11
0
21
0
41
0.75
7
W0$0508
0
TEXT
8
PART_INFO
10
0
20
-0.4572
40
0.32004
1
000010
73
3
11
0
21
-0.4572
41
0.75
7
W0$0508
0
TEXT
8
PART_PTS
10
0
20
-0.9144
40
0.32004
1
1 2 3 4 5 
73
3
11
0
21
-0.9144
41
0.75
7
W0$0508
0
ENDBLK
0
BLOCK
2
PART_TOP_57
8
0
10
0
20
0
3
PART_TOP_57
70
64
0
INSERT
2
SYM_TOP_18
8
0
10
0
20
0
0
INSERT
2
PKG_14
8
0
10
0
20
0
0
TEXT
8
LABEL_INFO
10
1.6225
20
0
40
0.49
1
0 486000000 1 1 0 1
72
1
73
1
11
1.6225
21
0
50
270
41
0.75
7
W0$07
0
TEXT
8
LABEL_ATTRIBUTE
10
1.6225
20
0
40
0.49
1
Ref.Des.
72
1
73
1
11
1.6225
21
0
50
270
41
0.75
7
W0$07
0
TEXT
8
PART_NAME_126
10
1.6225
20
0
40
0.49
1
J5
72
1
73
2
11
1.6225
21
0
50
270
41
0.75
7
W0$07
0
TEXT
8
LABEL_INFO
10
2.775
20
-1.045
40
1.0668
1
0 162000000 0 0 0 1
50
90
41
0.75
7
W0$1524
0
TEXT
8
LABEL_ATTRIBUTE
10
2.775
20
-1.045
40
1.0668
1
PartType
50
90
41
0.75
7
W0$1524
0
TEXT
8
PART_TYPE_01
10
2.775
20
-1.045
40
1.0668
1
CON3X1X1.25-HS
50
90
41
0.75
7
W0$1524
0
TEXT
8
PART_INFO
10
2.775
20
-2.569
40
1.0668
1
000000
50
90
41
0.75
7
W0$1524
0
TEXT
8
PART_PTS
10
2.775
20
-4.093
40
1.0668
1
1 2 3 
50
90
41
0.75
7
W0$1524
0
ENDBLK
0
BLOCK
2
PART_TOP_58
8
0
10
0
20
0
3
PART_TOP_58
70
64
0
INSERT
2
SYM_TOP_15
8
0
10
0
20
0
0
INSERT
2
PKG_11
8
0
10
0
20
0
0
TEXT
8
LABEL_INFO
10
-7.25
20
-2.11925
40
0.49
1
0 324000000 1 1 0 1
72
1
73
1
11
-7.25
21
-2.11925
50
180
41
0.75
7
W0$07
0
TEXT
8
LABEL_ATTRIBUTE
10
-7.25
20
-2.11925
40
0.49
1
Ref.Des.
72
1
73
1
11
-7.25
21
-2.11925
50
180
41
0.75
7
W0$07
0
TEXT
8
PART_NAME_126
10
-7.25
20
-2.11925
40
0.49
1
J6
72
1
73
2
11
-7.25
21
-2.11925
50
180
41
0.75
7
W0$07
0
TEXT
8
LABEL_INFO
10
-6.146
20
-2.722
40
0.889
1
0 0 0 2 0 1
73
2
11
-6.146
21
-2.722
41
0.75
7
W0$127
0
TEXT
8
LABEL_ATTRIBUTE
10
-6.146
20
-2.722
40
0.889
1
PartType
73
2
11
-6.146
21
-2.722
41
0.75
7
W0$127
0
TEXT
8
PART_TYPE_01
10
-6.146
20
-2.722
40
0.889
1
FPC30R_0R50_DOWN
73
3
11
-6.146
21
-2.722
41
0.75
7
W0$127
0
TEXT
8
PART_INFO
10
-6.146
20
-3.992
40
0.889
1
000000
73
3
11
-6.146
21
-3.992
41
0.75
7
W0$127
0
TEXT
8
PART_PTS
10
-6.146
20
-5.262
40
0.889
1
3 4 5 6 7 8 9 10 11 13 15 17 22 23 24 25 26 27 28 29 30 31 32 
73
3
11
-6.146
21
-5.262
41
0.75
7
W0$127
0
ENDBLK
0
BLOCK
2
PART_TOP_59
8
0
10
0
20
0
3
PART_TOP_59
70
64
0
INSERT
2
SYM_TOP_19
8
0
10
0
20
0
0
INSERT
2
PKG_15
8
0
10
0
20
0
0
TEXT
8
LABEL_INFO
10
-1.405262
20
0
40
0.49
1
0 0 1 1 0 1
72
1
73
1
11
-1.405262
21
0
41
0.75
7
W0$07
0
TEXT
8
LABEL_ATTRIBUTE
10
-1.405262
20
0
40
0.49
1
Ref.Des.
72
1
73
1
11
-1.405262
21
0
41
0.75
7
W0$07
0
TEXT
8
PART_NAME_126
10
-1.405262
20
0
40
0.49
1
J9
72
1
73
2
11
-1.405262
21
0
41
0.75
7
W0$07
0
TEXT
8
PART_TYPE_TOP
10
-1.405262
20
-0.7
40
0.49
1
USB_DUAL
72
1
73
2
11
-1.405262
21
-0.7
41
0.75
7
W0$07
0
TEXT
8
PART_INFO
10
-1.405262
20
-1.4
40
0.49
1
000010
72
1
73
2
11
-1.405262
21
-1.4
41
0.75
7
W0$07
0
TEXT
8
PART_PTS
10
-1.405262
20
-2.1
40
0.49
1
1 2 3 4 5 6 7 8 9 10 11 12 
72
1
73
2
11
-1.405262
21
-2.1
41
0.75
7
W0$07
0
ENDBLK
0
BLOCK
2
PART_TOP_60
8
0
10
0
20
0
3
PART_TOP_60
70
64
0
INSERT
2
SYM_TOP_20
8
0
10
0
20
0
0
INSERT
2
PKG_16
8
0
10
0
20
0
0
TEXT
8
LABEL_INFO
10
0.1142993333
20
0.253494
40
0.49
1
0 0 1 1 0 1
72
1
73
1
11
0.1142993333
21
0.253494
41
0.75
7
W0$07
0
TEXT
8
LABEL_ATTRIBUTE
10
0.1142993333
20
0.253494
40
0.49
1
Ref.Des.
72
1
73
1
11
0.1142993333
21
0.253494
41
0.75
7
W0$07
0
TEXT
8
PART_NAME_126
10
0.1142993333
20
0.253494
40
0.49
1
JP1
72
1
73
2
11
0.1142993333
21
0.253494
41
0.75
7
W0$07
0
TEXT
8
LABEL_INFO
10
0.1142993333
20
0.2534933333
40
0.889
1
0 0 1 1 0 1
72
1
73
1
11
0.1142993333
21
0.2534933333
41
0.75
7
W0$127
0
TEXT
8
LABEL_ATTRIBUTE
10
0.1142993333
20
0.2534933333
40
0.889
1
Comment
72
1
73
1
11
0.1142993333
21
0.2534933333
41
0.75
7
W0$127
0
TEXT
8
ATTRIBUTE_126
10
0.1142993333
20
0.2534933333
40
0.889
1
 
72
1
73
2
11
0.1142993333
21
0.2534933333
41
0.75
7
W0$127
0
TEXT
8
PART_TYPE_TOP
10
0.1142993333
20
-1.0165066667
40
0.889
1
RJ-45-RH911105A
72
1
73
2
11
0.1142993333
21
-1.0165066667
41
0.75
7
W0$127
0
TEXT
8
PART_INFO
10
0.1142993333
20
-2.2865066667
40
0.889
1
000010
72
1
73
2
11
0.1142993333
21
-2.2865066667
41
0.75
7
W0$127
0
TEXT
8
PART_PTS
10
0.1142993333
20
-3.5565066667
40
0.889
1
3 4 5 6 7 8 9 10 11 12 13 14 15 16 
72
1
73
2
11
0.1142993333
21
-3.5565066667
41
0.75
7
W0$127
0
ENDBLK
0
BLOCK
2
PART_TOP_61
8
0
10
0
20
0
3
PART_TOP_61
70
64
0
INSERT
2
SYM_TOP_21
8
0
10
0
20
0
0
INSERT
2
PKG_17
8
0
10
0
20
0
0
TEXT
8
LABEL_INFO
10
0
20
0
40
0.49
1
0 324000000 1 1 0 1
72
1
73
1
11
0
21
0
50
180
41
0.75
7
W0$07
0
TEXT
8
LABEL_ATTRIBUTE
10
0
20
0
40
0.49
1
Ref.Des.
72
1
73
1
11
0
21
0
50
180
41
0.75
7
W0$07
0
TEXT
8
PART_NAME_126
10
0
20
0
40
0.49
1
L1
72
1
73
2
11
0
21
0
50
180
41
0.75
7
W0$07
0
TEXT
8
LABEL_INFO
10
-2.40001
20
2.6032
40
0.889
1
0 0 0 0 0 1
41
0.75
7
W0$127
0
TEXT
8
LABEL_ATTRIBUTE
10
-2.40001
20
2.6032
40
0.889
1
Comment
41
0.75
7
W0$127
0
TEXT
8
ATTRIBUTE_01
10
-2.40001
20
2.6032
40
0.889
1
 
41
0.75
7
W0$127
0
TEXT
8
PART_TYPE_TOP
10
-2.40001
20
1.3332
40
0.889
1
IND-4X4
41
0.75
7
W0$127
0
TEXT
8
PART_INFO
10
-2.40001
20
0.0632
40
0.889
1
000000
41
0.75
7
W0$127
0
TEXT
8
PART_PTS
10
-2.40001
20
-1.2068
40
0.889
1
1 2 
41
0.75
7
W0$127
0
ENDBLK
0
BLOCK
2
PART_TOP_62
8
0
10
0
20
0
3
PART_TOP_62
70
64
0
INSERT
2
SYM_TOP_22
8
0
10
0
20
0
0
INSERT
2
PKG_18
8
0
10
0
20
0
0
TEXT
8
LABEL_INFO
10
0
20
0
40
0.49
1
0 0 1 1 0 1
72
1
73
1
11
0
21
0
41
0.75
7
W0$07
0
TEXT
8
LABEL_ATTRIBUTE
10
0
20
0
40
0.49
1
Ref.Des.
72
1
73
1
11
0
21
0
41
0.75
7
W0$07
0
TEXT
8
PART_NAME_126
10
0
20
0
40
0.49
1
L2
72
1
73
2
11
0
21
0
41
0.75
7
W0$07
0
TEXT
8
LABEL_INFO
10
-2.2
20
0
40
0.889
1
0 0 0 2 0 1
73
2
11
-2.2
21
0
41
0.75
7
W0$127
0
TEXT
8
LABEL_ATTRIBUTE
10
-2.2
20
0
40
0.889
1
PartType
73
2
11
-2.2
21
0
41
0.75
7
W0$127
0
TEXT
8
PART_TYPE_01
10
-2.2
20
0
40
0.889
1
0624_66X70
73
3
11
-2.2
21
0
41
0.75
7
W0$127
0
TEXT
8
PART_INFO
10
-2.2
20
-1.27
40
0.889
1
000000
73
3
11
-2.2
21
-1.27
41
0.75
7
W0$127
0
TEXT
8
PART_PTS
10
-2.2
20
-2.54
40
0.889
1
1 2 
73
3
11
-2.2
21
-2.54
41
0.75
7
W0$127
0
ENDBLK
0
BLOCK
2
PART_TOP_63
8
0
10
0
20
0
3
PART_TOP_63
70
64
0
INSERT
2
SYM_TOP_23
8
0
10
0
20
0
0
INSERT
2
PKG_19
8
0
10
0
20
0
0
TEXT
8
LABEL_INFO
10
0
20
0.004
40
0.49
1
0 0 1 1 0 1
72
1
73
1
11
0
21
0.004
41
0.75
7
W0$07
0
TEXT
8
LABEL_ATTRIBUTE
10
0
20
0.004
40
0.49
1
Ref.Des.
72
1
73
1
11
0
21
0.004
41
0.75
7
W0$07
0
TEXT
8
PART_NAME_126
10
0
20
0.004
40
0.49
1
L3
72
1
73
2
11
0
21
0.004
41
0.75
7
W0$07
0
TEXT
8
LABEL_INFO
10
-1.5085226667
20
1.3638126667
40
0.889
1
0 0 0 0 0 1
41
0.75
7
W0$127
0
TEXT
8
LABEL_ATTRIBUTE
10
-1.5085226667
20
1.3638126667
40
0.889
1
Comment
41
0.75
7
W0$127
0
TEXT
8
ATTRIBUTE_01
10
-1.5085226667
20
1.3638126667
40
0.889
1
 
41
0.75
7
W0$127
0
TEXT
8
PART_TYPE_TOP
10
-1.5085226667
20
0.0938126667
40
0.889
1
IND-2520
41
0.75
7
W0$127
0
TEXT
8
PART_INFO
10
-1.5085226667
20
-1.1761873333
40
0.889
1
000000
41
0.75
7
W0$127
0
TEXT
8
PART_PTS
10
-1.5085226667
20
-2.4461873333
40
0.889
1
1 2 
41
0.75
7
W0$127
0
ENDBLK
0
BLOCK
2
PART_TOP_64
8
0
10
0
20
0
3
PART_TOP_64
70
64
0
INSERT
2
SYM_TOP_24
8
0
10
0
20
0
0
INSERT
2
PKG_20
8
0
10
0
20
0
0
TEXT
8
LABEL_INFO
10
1.985
20
0
40
0.49
1
0 486000000 1 1 0 1
72
1
73
1
11
1.985
21
0
50
270
41
0.75
7
W0$07
0
TEXT
8
LABEL_ATTRIBUTE
10
1.985
20
0
40
0.49
1
Ref.Des.
72
1
73
1
11
1.985
21
0
50
270
41
0.75
7
W0$07
0
TEXT
8
PART_NAME_126
10
1.985
20
0
40
0.49
1
LED1
72
1
73
2
11
1.985
21
0
50
270
41
0.75
7
W0$07
0
TEXT
8
LABEL_INFO
10
-2.7586606667
20
-3.6
40
1.778
1
0 0 0 2 0 1
73
2
11
-2.7586606667
21
-3.6
41
0.75
7
W0$254
0
TEXT
8
LABEL_ATTRIBUTE
10
-2.7586606667
20
-3.6
40
1.778
1
PartType
73
2
11
-2.7586606667
21
-3.6
41
0.75
7
W0$254
0
TEXT
8
PART_TYPE_01
10
-2.7586606667
20
-3.6
40
1.778
1
LED0603
73
3
11
-2.7586606667
21
-3.6
41
0.75
7
W0$254
0
TEXT
8
PART_INFO
10
-2.7586606667
20
-6.14
40
1.778
1
000000
73
3
11
-2.7586606667
21
-6.14
41
0.75
7
W0$254
0
TEXT
8
PART_PTS
10
-2.7586606667
20
-8.68
40
1.778
1
1 2 
73
3
11
-2.7586606667
21
-8.68
41
0.75
7
W0$254
0
ENDBLK
0
BLOCK
2
PART_TOP_65
8
0
10
0
20
0
3
PART_TOP_65
70
64
0
INSERT
2
SYM_TOP_24
8
0
10
0
20
0
0
INSERT
2
PKG_20
8
0
10
0
20
0
0
TEXT
8
LABEL_INFO
10
1.985
20
0
40
0.49
1
0 486000000 1 1 0 1
72
1
73
1
11
1.985
21
0
50
270
41
0.75
7
W0$07
0
TEXT
8
LABEL_ATTRIBUTE
10
1.985
20
0
40
0.49
1
Ref.Des.
72
1
73
1
11
1.985
21
0
50
270
41
0.75
7
W0$07
0
TEXT
8
PART_NAME_126
10
1.985
20
0
40
0.49
1
LED2
72
1
73
2
11
1.985
21
0
50
270
41
0.75
7
W0$07
0
TEXT
8
LABEL_INFO
10
-2.7586606667
20
-3.6
40
1.778
1
0 0 0 2 0 1
73
2
11
-2.7586606667
21
-3.6
41
0.75
7
W0$254
0
TEXT
8
LABEL_ATTRIBUTE
10
-2.7586606667
20
-3.6
40
1.778
1
PartType
73
2
11
-2.7586606667
21
-3.6
41
0.75
7
W0$254
0
TEXT
8
PART_TYPE_01
10
-2.7586606667
20
-3.6
40
1.778
1
LED0603
73
3
11
-2.7586606667
21
-3.6
41
0.75
7
W0$254
0
TEXT
8
PART_INFO
10
-2.7586606667
20
-6.14
40
1.778
1
000000
73
3
11
-2.7586606667
21
-6.14
41
0.75
7
W0$254
0
TEXT
8
PART_PTS
10
-2.7586606667
20
-8.68
40
1.778
1
1 2 
73
3
11
-2.7586606667
21
-8.68
41
0.75
7
W0$254
0
ENDBLK
0
BLOCK
2
PART_TOP_66
8
0
10
0
20
0
3
PART_TOP_66
70
64
0
INSERT
2
SYM_TOP_24
8
0
10
0
20
0
0
INSERT
2
PKG_20
8
0
10
0
20
0
0
TEXT
8
LABEL_INFO
10
1.985
20
0
40
0.49
1
0 486000000 1 1 0 1
72
1
73
1
11
1.985
21
0
50
270
41
0.75
7
W0$07
0
TEXT
8
LABEL_ATTRIBUTE
10
1.985
20
0
40
0.49
1
Ref.Des.
72
1
73
1
11
1.985
21
0
50
270
41
0.75
7
W0$07
0
TEXT
8
PART_NAME_126
10
1.985
20
0
40
0.49
1
LED3
72
1
73
2
11
1.985
21
0
50
270
41
0.75
7
W0$07
0
TEXT
8
LABEL_INFO
10
-2.7586606667
20
-3.6
40
1.778
1
0 0 0 2 0 1
73
2
11
-2.7586606667
21
-3.6
41
0.75
7
W0$254
0
TEXT
8
LABEL_ATTRIBUTE
10
-2.7586606667
20
-3.6
40
1.778
1
PartType
73
2
11
-2.7586606667
21
-3.6
41
0.75
7
W0$254
0
TEXT
8
PART_TYPE_01
10
-2.7586606667
20
-3.6
40
1.778
1
LED0603
73
3
11
-2.7586606667
21
-3.6
41
0.75
7
W0$254
0
TEXT
8
PART_INFO
10
-2.7586606667
20
-6.14
40
1.778
1
000000
73
3
11
-2.7586606667
21
-6.14
41
0.75
7
W0$254
0
TEXT
8
PART_PTS
10
-2.7586606667
20
-8.68
40
1.778
1
1 2 
73
3
11
-2.7586606667
21
-8.68
41
0.75
7
W0$254
0
ENDBLK
0
BLOCK
2
PART_TOP_73
8
0
10
0
20
0
3
PART_TOP_73
70
64
0
INSERT
2
SYM_TOP_26
8
0
10
0
20
0
0
INSERT
2
PKG_22
8
0
10
0
20
0
0
TEXT
8
LABEL_INFO
10
0
20
0
40
0.49
1
0 324000000 1 1 0 1
72
1
73
1
11
0
21
0
50
180
41
0.75
7
W0$07
0
TEXT
8
LABEL_ATTRIBUTE
10
0
20
0
40
0.49
1
Ref.Des.
72
1
73
1
11
0
21
0
50
180
41
0.75
7
W0$07
0
TEXT
8
PART_NAME_126
10
0
20
0
40
0.49
1
Q1
72
1
73
2
11
0
21
0
50
180
41
0.75
7
W0$07
0
TEXT
8
LABEL_INFO
10
0
20
0
40
0.889
1
0 324000000 1 1 0 1
72
1
73
1
11
0
21
0
50
180
41
0.75
7
W0$127
0
TEXT
8
LABEL_ATTRIBUTE
10
0
20
0
40
0.889
1
Comment
72
1
73
1
11
0
21
0
50
180
41
0.75
7
W0$127
0
TEXT
8
ATTRIBUTE_126
10
0
20
0
40
0.889
1
 
72
1
73
2
11
0
21
0
50
180
41
0.75
7
W0$127
0
TEXT
8
PART_TYPE_TOP
10
0
20
-1.27
40
0.889
1
SOT-23
72
1
73
2
11
0
21
-1.27
50
180
41
0.75
7
W0$127
0
TEXT
8
PART_INFO
10
0
20
-2.54
40
0.889
1
000000
72
1
73
2
11
0
21
-2.54
50
180
41
0.75
7
W0$127
0
TEXT
8
PART_PTS
10
0
20
-3.81
40
0.889
1
1 2 3 
72
1
73
2
11
0
21
-3.81
50
180
41
0.75
7
W0$127
0
ENDBLK
0
BLOCK
2
PART_TOP_74
8
0
10
0
20
0
3
PART_TOP_74
70
64
0
INSERT
2
SYM_TOP_26
8
0
10
0
20
0
0
INSERT
2
PKG_22
8
0
10
0
20
0
0
TEXT
8
LABEL_INFO
10
0
20
0
40
0.49
1
0 324000000 1 1 0 1
72
1
73
1
11
0
21
0
50
180
41
0.75
7
W0$07
0
TEXT
8
LABEL_ATTRIBUTE
10
0
20
0
40
0.49
1
Ref.Des.
72
1
73
1
11
0
21
0
50
180
41
0.75
7
W0$07
0
TEXT
8
PART_NAME_126
10
0
20
0
40
0.49
1
Q2
72
1
73
2
11
0
21
0
50
180
41
0.75
7
W0$07
0
TEXT
8
LABEL_INFO
10
0
20
0
40
0.889
1
0 324000000 1 1 0 1
72
1
73
1
11
0
21
0
50
180
41
0.75
7
W0$127
0
TEXT
8
LABEL_ATTRIBUTE
10
0
20
0
40
0.889
1
Comment
72
1
73
1
11
0
21
0
50
180
41
0.75
7
W0$127
0
TEXT
8
ATTRIBUTE_126
10
0
20
0
40
0.889
1
 
72
1
73
2
11
0
21
0
50
180
41
0.75
7
W0$127
0
TEXT
8
PART_TYPE_TOP
10
0
20
-1.27
40
0.889
1
SOT-23
72
1
73
2
11
0
21
-1.27
50
180
41
0.75
7
W0$127
0
TEXT
8
PART_INFO
10
0
20
-2.54
40
0.889
1
000000
72
1
73
2
11
0
21
-2.54
50
180
41
0.75
7
W0$127
0
TEXT
8
PART_PTS
10
0
20
-3.81
40
0.889
1
1 2 3 
72
1
73
2
11
0
21
-3.81
50
180
41
0.75
7
W0$127
0
ENDBLK
0
BLOCK
2
PART_TOP_75
8
0
10
0
20
0
3
PART_TOP_75
70
64
0
INSERT
2
SYM_TOP_26
8
0
10
0
20
0
0
INSERT
2
PKG_23
8
0
10
0
20
0
0
TEXT
8
LABEL_INFO
10
0
20
0
40
0.49
1
0 324000000 1 1 0 1
72
1
73
1
11
0
21
0
50
180
41
0.75
7
W0$07
0
TEXT
8
LABEL_ATTRIBUTE
10
0
20
0
40
0.49
1
Ref.Des.
72
1
73
1
11
0
21
0
50
180
41
0.75
7
W0$07
0
TEXT
8
PART_NAME_126
10
0
20
0
40
0.49
1
Q3
72
1
73
2
11
0
21
0
50
180
41
0.75
7
W0$07
0
TEXT
8
LABEL_INFO
10
0
20
0
40
0.889
1
0 324000000 1 1 0 1
72
1
73
1
11
0
21
0
50
180
41
0.75
7
W0$127
0
TEXT
8
LABEL_ATTRIBUTE
10
0
20
0
40
0.889
1
Comment
72
1
73
1
11
0
21
0
50
180
41
0.75
7
W0$127
0
TEXT
8
ATTRIBUTE_126
10
0
20
0
40
0.889
1
 
72
1
73
2
11
0
21
0
50
180
41
0.75
7
W0$127
0
TEXT
8
PART_TYPE_TOP
10
0
20
-1.27
40
0.889
1
SOT23
72
1
73
2
11
0
21
-1.27
50
180
41
0.75
7
W0$127
0
TEXT
8
PART_INFO
10
0
20
-2.54
40
0.889
1
000000
72
1
73
2
11
0
21
-2.54
50
180
41
0.75
7
W0$127
0
TEXT
8
PART_PTS
10
0
20
-3.81
40
0.889
1
1 2 3 
72
1
73
2
11
0
21
-3.81
50
180
41
0.75
7
W0$127
0
ENDBLK
0
BLOCK
2
PART_TOP_76
8
0
10
0
20
0
3
PART_TOP_76
70
64
0
INSERT
2
SYM_TOP_26
8
0
10
0
20
0
0
INSERT
2
PKG_23
8
0
10
0
20
0
0
TEXT
8
LABEL_INFO
10
0
20
0
40
0.49
1
0 0 1 1 0 1
72
1
73
1
11
0
21
0
41
0.75
7
W0$07
0
TEXT
8
LABEL_ATTRIBUTE
10
0
20
0
40
0.49
1
Ref.Des.
72
1
73
1
11
0
21
0
41
0.75
7
W0$07
0
TEXT
8
PART_NAME_126
10
0
20
0
40
0.49
1
Q4
72
1
73
2
11
0
21
0
41
0.75
7
W0$07
0
TEXT
8
LABEL_INFO
10
0
20
0
40
0.889
1
0 0 1 1 0 1
72
1
73
1
11
0
21
0
41
0.75
7
W0$127
0
TEXT
8
LABEL_ATTRIBUTE
10
0
20
0
40
0.889
1
Comment
72
1
73
1
11
0
21
0
41
0.75
7
W0$127
0
TEXT
8
ATTRIBUTE_126
10
0
20
0
40
0.889
1
 
72
1
73
2
11
0
21
0
41
0.75
7
W0$127
0
TEXT
8
PART_TYPE_TOP
10
0
20
-1.27
40
0.889
1
SOT23
72
1
73
2
11
0
21
-1.27
41
0.75
7
W0$127
0
TEXT
8
PART_INFO
10
0
20
-2.54
40
0.889
1
000000
72
1
73
2
11
0
21
-2.54
41
0.75
7
W0$127
0
TEXT
8
PART_PTS
10
0
20
-3.81
40
0.889
1
1 2 3 
72
1
73
2
11
0
21
-3.81
41
0.75
7
W0$127
0
ENDBLK
0
BLOCK
2
PART_TOP_77
8
0
10
0
20
0
3
PART_TOP_77
70
64
0
INSERT
2
SYM_TOP_26
8
0
10
0
20
0
0
INSERT
2
PKG_23
8
0
10
0
20
0
0
TEXT
8
LABEL_INFO
10
0
20
0
40
0.49
1
0 0 1 1 0 1
72
1
73
1
11
0
21
0
41
0.75
7
W0$07
0
TEXT
8
LABEL_ATTRIBUTE
10
0
20
0
40
0.49
1
Ref.Des.
72
1
73
1
11
0
21
0
41
0.75
7
W0$07
0
TEXT
8
PART_NAME_126
10
0
20
0
40
0.49
1
Q5
72
1
73
2
11
0
21
0
41
0.75
7
W0$07
0
TEXT
8
LABEL_INFO
10
0
20
0
40
0.889
1
0 324000000 1 1 0 1
72
1
73
1
11
0
21
0
50
180
41
0.75
7
W0$127
0
TEXT
8
LABEL_ATTRIBUTE
10
0
20
0
40
0.889
1
Comment
72
1
73
1
11
0
21
0
50
180
41
0.75
7
W0$127
0
TEXT
8
ATTRIBUTE_126
10
0
20
0
40
0.889
1
 
72
1
73
2
11
0
21
0
50
180
41
0.75
7
W0$127
0
TEXT
8
PART_TYPE_TOP
10
0
20
-1.27
40
0.889
1
SOT23
72
1
73
2
11
0
21
-1.27
50
180
41
0.75
7
W0$127
0
TEXT
8
PART_INFO
10
0
20
-2.54
40
0.889
1
000000
72
1
73
2
11
0
21
-2.54
50
180
41
0.75
7
W0$127
0
TEXT
8
PART_PTS
10
0
20
-3.81
40
0.889
1
1 2 3 
72
1
73
2
11
0
21
-3.81
50
180
41
0.75
7
W0$127
0
ENDBLK
0
BLOCK
2
PART_TOP_78
8
0
10
0
20
0
3
PART_TOP_78
70
64
0
INSERT
2
SYM_TOP_27
8
0
10
0
20
0
0
INSERT
2
PKG_24
8
0
10
0
20
0
0
TEXT
8
LABEL_INFO
10
0
20
0
40
0.49
1
0 0 1 1 0 1
72
1
73
1
11
0
21
0
41
0.75
7
W0$07
0
TEXT
8
LABEL_ATTRIBUTE
10
0
20
0
40
0.49
1
Ref.Des.
72
1
73
1
11
0
21
0
41
0.75
7
W0$07
0
TEXT
8
PART_NAME_126
10
0
20
0
40
0.49
1
R1
72
1
73
2
11
0
21
0
41
0.75
7
W0$07
0
TEXT
8
LABEL_INFO
10
1.6
20
-0.1
40
0.889
1
0 0 0 2 0 1
73
2
11
1.6
21
-0.1
41
0.75
7
W0$127
0
TEXT
8
LABEL_ATTRIBUTE
10
1.6
20
-0.1
40
0.889
1
PartType
73
2
11
1.6
21
-0.1
41
0.75
7
W0$127
0
TEXT
8
PART_TYPE_01
10
1.6
20
-0.1
40
0.889
1
R0402
73
3
11
1.6
21
-0.1
41
0.75
7
W0$127
0
TEXT
8
PART_INFO
10
1.6
20
-1.37
40
0.889
1
000000
73
3
11
1.6
21
-1.37
41
0.75
7
W0$127
0
TEXT
8
PART_PTS
10
1.6
20
-2.64
40
0.889
1
1 2 
73
3
11
1.6
21
-2.64
41
0.75
7
W0$127
0
ENDBLK
0
BLOCK
2
PART_TOP_79
8
0
10
0
20
0
3
PART_TOP_79
70
64
0
INSERT
2
SYM_TOP_27
8
0
10
0
20
0
0
INSERT
2
PKG_24
8
0
10
0
20
0
0
TEXT
8
LABEL_INFO
10
0
20
0
40
0.49
1
0 324000000 1 1 0 1
72
1
73
1
11
0
21
0
50
180
41
0.75
7
W0$07
0
TEXT
8
LABEL_ATTRIBUTE
10
0
20
0
40
0.49
1
Ref.Des.
72
1
73
1
11
0
21
0
50
180
41
0.75
7
W0$07
0
TEXT
8
PART_NAME_126
10
0
20
0
40
0.49
1
R10
72
1
73
2
11
0
21
0
50
180
41
0.75
7
W0$07
0
TEXT
8
LABEL_INFO
10
1.6
20
-0.1
40
0.889
1
0 0 0 2 0 1
73
2
11
1.6
21
-0.1
41
0.75
7
W0$127
0
TEXT
8
LABEL_ATTRIBUTE
10
1.6
20
-0.1
40
0.889
1
PartType
73
2
11
1.6
21
-0.1
41
0.75
7
W0$127
0
TEXT
8
PART_TYPE_01
10
1.6
20
-0.1
40
0.889
1
R0402
73
3
11
1.6
21
-0.1
41
0.75
7
W0$127
0
TEXT
8
PART_INFO
10
1.6
20
-1.37
40
0.889
1
000000
73
3
11
1.6
21
-1.37
41
0.75
7
W0$127
0
TEXT
8
PART_PTS
10
1.6
20
-2.64
40
0.889
1
1 2 
73
3
11
1.6
21
-2.64
41
0.75
7
W0$127
0
ENDBLK
0
BLOCK
2
PART_TOP_80
8
0
10
0
20
0
3
PART_TOP_80
70
64
0
INSERT
2
SYM_TOP_27
8
0
10
0
20
0
0
INSERT
2
PKG_24
8
0
10
0
20
0
0
TEXT
8
LABEL_INFO
10
0
20
0
40
0.49
1
0 324000000 1 1 0 1
72
1
73
1
11
0
21
0
50
180
41
0.75
7
W0$07
0
TEXT
8
LABEL_ATTRIBUTE
10
0
20
0
40
0.49
1
Ref.Des.
72
1
73
1
11
0
21
0
50
180
41
0.75
7
W0$07
0
TEXT
8
PART_NAME_126
10
0
20
0
40
0.49
1
R11
72
1
73
2
11
0
21
0
50
180
41
0.75
7
W0$07
0
TEXT
8
LABEL_INFO
10
1.6
20
-0.1
40
0.889
1
0 0 0 2 0 1
73
2
11
1.6
21
-0.1
41
0.75
7
W0$127
0
TEXT
8
LABEL_ATTRIBUTE
10
1.6
20
-0.1
40
0.889
1
PartType
73
2
11
1.6
21
-0.1
41
0.75
7
W0$127
0
TEXT
8
PART_TYPE_01
10
1.6
20
-0.1
40
0.889
1
R0402
73
3
11
1.6
21
-0.1
41
0.75
7
W0$127
0
TEXT
8
PART_INFO
10
1.6
20
-1.37
40
0.889
1
000000
73
3
11
1.6
21
-1.37
41
0.75
7
W0$127
0
TEXT
8
PART_PTS
10
1.6
20
-2.64
40
0.889
1
1 2 
73
3
11
1.6
21
-2.64
41
0.75
7
W0$127
0
ENDBLK
0
BLOCK
2
PART_TOP_81
8
0
10
0
20
0
3
PART_TOP_81
70
64
0
INSERT
2
SYM_TOP_27
8
0
10
0
20
0
0
INSERT
2
PKG_24
8
0
10
0
20
0
0
TEXT
8
LABEL_INFO
10
0
20
0
40
0.49
1
0 324000000 1 1 0 1
72
1
73
1
11
0
21
0
50
180
41
0.75
7
W0$07
0
TEXT
8
LABEL_ATTRIBUTE
10
0
20
0
40
0.49
1
Ref.Des.
72
1
73
1
11
0
21
0
50
180
41
0.75
7
W0$07
0
TEXT
8
PART_NAME_126
10
0
20
0
40
0.49
1
R12
72
1
73
2
11
0
21
0
50
180
41
0.75
7
W0$07
0
TEXT
8
LABEL_INFO
10
1.6
20
-0.1
40
0.889
1
0 0 0 2 0 1
73
2
11
1.6
21
-0.1
41
0.75
7
W0$127
0
TEXT
8
LABEL_ATTRIBUTE
10
1.6
20
-0.1
40
0.889
1
PartType
73
2
11
1.6
21
-0.1
41
0.75
7
W0$127
0
TEXT
8
PART_TYPE_01
10
1.6
20
-0.1
40
0.889
1
R0402
73
3
11
1.6
21
-0.1
41
0.75
7
W0$127
0
TEXT
8
PART_INFO
10
1.6
20
-1.37
40
0.889
1
000000
73
3
11
1.6
21
-1.37
41
0.75
7
W0$127
0
TEXT
8
PART_PTS
10
1.6
20
-2.64
40
0.889
1
1 2 
73
3
11
1.6
21
-2.64
41
0.75
7
W0$127
0
ENDBLK
0
BLOCK
2
PART_TOP_82
8
0
10
0
20
0
3
PART_TOP_82
70
64
0
INSERT
2
SYM_TOP_27
8
0
10
0
20
0
0
INSERT
2
PKG_24
8
0
10
0
20
0
0
TEXT
8
LABEL_INFO
10
0
20
0
40
0.49
1
0 324000000 1 1 0 1
72
1
73
1
11
0
21
0
50
180
41
0.75
7
W0$07
0
TEXT
8
LABEL_ATTRIBUTE
10
0
20
0
40
0.49
1
Ref.Des.
72
1
73
1
11
0
21
0
50
180
41
0.75
7
W0$07
0
TEXT
8
PART_NAME_126
10
0
20
0
40
0.49
1
R13
72
1
73
2
11
0
21
0
50
180
41
0.75
7
W0$07
0
TEXT
8
LABEL_INFO
10
1.6
20
-0.1
40
0.889
1
0 0 0 2 0 1
73
2
11
1.6
21
-0.1
41
0.75
7
W0$127
0
TEXT
8
LABEL_ATTRIBUTE
10
1.6
20
-0.1
40
0.889
1
PartType
73
2
11
1.6
21
-0.1
41
0.75
7
W0$127
0
TEXT
8
PART_TYPE_01
10
1.6
20
-0.1
40
0.889
1
R0402
73
3
11
1.6
21
-0.1
41
0.75
7
W0$127
0
TEXT
8
PART_INFO
10
1.6
20
-1.37
40
0.889
1
000000
73
3
11
1.6
21
-1.37
41
0.75
7
W0$127
0
TEXT
8
PART_PTS
10
1.6
20
-2.64
40
0.889
1
1 2 
73
3
11
1.6
21
-2.64
41
0.75
7
W0$127
0
ENDBLK
0
BLOCK
2
PART_TOP_83
8
0
10
0
20
0
3
PART_TOP_83
70
64
0
INSERT
2
SYM_TOP_27
8
0
10
0
20
0
0
INSERT
2
PKG_24
8
0
10
0
20
0
0
TEXT
8
LABEL_INFO
10
0
20
0
40
0.49
1
0 324000000 1 1 0 1
72
1
73
1
11
0
21
0
50
180
41
0.75
7
W0$07
0
TEXT
8
LABEL_ATTRIBUTE
10
0
20
0
40
0.49
1
Ref.Des.
72
1
73
1
11
0
21
0
50
180
41
0.75
7
W0$07
0
TEXT
8
PART_NAME_126
10
0
20
0
40
0.49
1
R15
72
1
73
2
11
0
21
0
50
180
41
0.75
7
W0$07
0
TEXT
8
LABEL_INFO
10
1.6
20
-0.1
40
0.889
1
0 0 0 2 0 1
73
2
11
1.6
21
-0.1
41
0.75
7
W0$127
0
TEXT
8
LABEL_ATTRIBUTE
10
1.6
20
-0.1
40
0.889
1
PartType
73
2
11
1.6
21
-0.1
41
0.75
7
W0$127
0
TEXT
8
PART_TYPE_01
10
1.6
20
-0.1
40
0.889
1
R0402
73
3
11
1.6
21
-0.1
41
0.75
7
W0$127
0
TEXT
8
PART_INFO
10
1.6
20
-1.37
40
0.889
1
000000
73
3
11
1.6
21
-1.37
41
0.75
7
W0$127
0
TEXT
8
PART_PTS
10
1.6
20
-2.64
40
0.889
1
1 2 
73
3
11
1.6
21
-2.64
41
0.75
7
W0$127
0
ENDBLK
0
BLOCK
2
PART_TOP_84
8
0
10
0
20
0
3
PART_TOP_84
70
64
0
INSERT
2
SYM_TOP_27
8
0
10
0
20
0
0
INSERT
2
PKG_24
8
0
10
0
20
0
0
TEXT
8
LABEL_INFO
10
0
20
0
40
0.49
1
0 324000000 1 1 0 1
72
1
73
1
11
0
21
0
50
180
41
0.75
7
W0$07
0
TEXT
8
LABEL_ATTRIBUTE
10
0
20
0
40
0.49
1
Ref.Des.
72
1
73
1
11
0
21
0
50
180
41
0.75
7
W0$07
0
TEXT
8
PART_NAME_126
10
0
20
0
40
0.49
1
R16
72
1
73
2
11
0
21
0
50
180
41
0.75
7
W0$07
0
TEXT
8
LABEL_INFO
10
1.6
20
-0.1
40
0.889
1
0 0 0 2 0 1
73
2
11
1.6
21
-0.1
41
0.75
7
W0$127
0
TEXT
8
LABEL_ATTRIBUTE
10
1.6
20
-0.1
40
0.889
1
PartType
73
2
11
1.6
21
-0.1
41
0.75
7
W0$127
0
TEXT
8
PART_TYPE_01
10
1.6
20
-0.1
40
0.889
1
R0402
73
3
11
1.6
21
-0.1
41
0.75
7
W0$127
0
TEXT
8
PART_INFO
10
1.6
20
-1.37
40
0.889
1
000000
73
3
11
1.6
21
-1.37
41
0.75
7
W0$127
0
TEXT
8
PART_PTS
10
1.6
20
-2.64
40
0.889
1
1 2 
73
3
11
1.6
21
-2.64
41
0.75
7
W0$127
0
ENDBLK
0
BLOCK
2
PART_TOP_85
8
0
10
0
20
0
3
PART_TOP_85
70
64
0
INSERT
2
SYM_TOP_27
8
0
10
0
20
0
0
INSERT
2
PKG_24
8
0
10
0
20
0
0
TEXT
8
LABEL_INFO
10
0
20
0
40
0.49
1
0 0 1 1 0 1
72
1
73
1
11
0
21
0
41
0.75
7
W0$07
0
TEXT
8
LABEL_ATTRIBUTE
10
0
20
0
40
0.49
1
Ref.Des.
72
1
73
1
11
0
21
0
41
0.75
7
W0$07
0
TEXT
8
PART_NAME_126
10
0
20
0
40
0.49
1
R17
72
1
73
2
11
0
21
0
41
0.75
7
W0$07
0
TEXT
8
LABEL_INFO
10
1.6
20
-0.1
40
0.889
1
0 0 0 2 0 1
73
2
11
1.6
21
-0.1
41
0.75
7
W0$127
0
TEXT
8
LABEL_ATTRIBUTE
10
1.6
20
-0.1
40
0.889
1
PartType
73
2
11
1.6
21
-0.1
41
0.75
7
W0$127
0
TEXT
8
PART_TYPE_01
10
1.6
20
-0.1
40
0.889
1
R0402
73
3
11
1.6
21
-0.1
41
0.75
7
W0$127
0
TEXT
8
PART_INFO
10
1.6
20
-1.37
40
0.889
1
000000
73
3
11
1.6
21
-1.37
41
0.75
7
W0$127
0
TEXT
8
PART_PTS
10
1.6
20
-2.64
40
0.889
1
1 2 
73
3
11
1.6
21
-2.64
41
0.75
7
W0$127
0
ENDBLK
0
BLOCK
2
PART_TOP_86
8
0
10
0
20
0
3
PART_TOP_86
70
64
0
INSERT
2
SYM_TOP_27
8
0
10
0
20
0
0
INSERT
2
PKG_24
8
0
10
0
20
0
0
TEXT
8
LABEL_INFO
10
0
20
0
40
0.49
1
0 0 1 1 0 1
72
1
73
1
11
0
21
0
41
0.75
7
W0$07
0
TEXT
8
LABEL_ATTRIBUTE
10
0
20
0
40
0.49
1
Ref.Des.
72
1
73
1
11
0
21
0
41
0.75
7
W0$07
0
TEXT
8
PART_NAME_126
10
0
20
0
40
0.49
1
R18
72
1
73
2
11
0
21
0
41
0.75
7
W0$07
0
TEXT
8
LABEL_INFO
10
1.6
20
-0.1
40
0.889
1
0 0 0 2 0 1
73
2
11
1.6
21
-0.1
41
0.75
7
W0$127
0
TEXT
8
LABEL_ATTRIBUTE
10
1.6
20
-0.1
40
0.889
1
PartType
73
2
11
1.6
21
-0.1
41
0.75
7
W0$127
0
TEXT
8
PART_TYPE_01
10
1.6
20
-0.1
40
0.889
1
R0402
73
3
11
1.6
21
-0.1
41
0.75
7
W0$127
0
TEXT
8
PART_INFO
10
1.6
20
-1.37
40
0.889
1
000000
73
3
11
1.6
21
-1.37
41
0.75
7
W0$127
0
TEXT
8
PART_PTS
10
1.6
20
-2.64
40
0.889
1
1 2 
73
3
11
1.6
21
-2.64
41
0.75
7
W0$127
0
ENDBLK
0
BLOCK
2
PART_TOP_87
8
0
10
0
20
0
3
PART_TOP_87
70
64
0
INSERT
2
SYM_TOP_27
8
0
10
0
20
0
0
INSERT
2
PKG_24
8
0
10
0
20
0
0
TEXT
8
LABEL_INFO
10
0
20
0
40
0.49
1
0 0 1 1 0 1
72
1
73
1
11
0
21
0
41
0.75
7
W0$07
0
TEXT
8
LABEL_ATTRIBUTE
10
0
20
0
40
0.49
1
Ref.Des.
72
1
73
1
11
0
21
0
41
0.75
7
W0$07
0
TEXT
8
PART_NAME_126
10
0
20
0
40
0.49
1
R2
72
1
73
2
11
0
21
0
41
0.75
7
W0$07
0
TEXT
8
LABEL_INFO
10
1.6
20
-0.1
40
0.889
1
0 0 0 2 0 1
73
2
11
1.6
21
-0.1
41
0.75
7
W0$127
0
TEXT
8
LABEL_ATTRIBUTE
10
1.6
20
-0.1
40
0.889
1
PartType
73
2
11
1.6
21
-0.1
41
0.75
7
W0$127
0
TEXT
8
PART_TYPE_01
10
1.6
20
-0.1
40
0.889
1
R0402
73
3
11
1.6
21
-0.1
41
0.75
7
W0$127
0
TEXT
8
PART_INFO
10
1.6
20
-1.37
40
0.889
1
000000
73
3
11
1.6
21
-1.37
41
0.75
7
W0$127
0
TEXT
8
PART_PTS
10
1.6
20
-2.64
40
0.889
1
1 2 
73
3
11
1.6
21
-2.64
41
0.75
7
W0$127
0
ENDBLK
0
BLOCK
2
PART_TOP_88
8
0
10
0
20
0
3
PART_TOP_88
70
64
0
INSERT
2
SYM_TOP_27
8
0
10
0
20
0
0
INSERT
2
PKG_24
8
0
10
0
20
0
0
TEXT
8
LABEL_INFO
10
0
20
0
40
0.49
1
0 0 1 1 0 1
72
1
73
1
11
0
21
0
41
0.75
7
W0$07
0
TEXT
8
LABEL_ATTRIBUTE
10
0
20
0
40
0.49
1
Ref.Des.
72
1
73
1
11
0
21
0
41
0.75
7
W0$07
0
TEXT
8
PART_NAME_126
10
0
20
0
40
0.49
1
R21
72
1
73
2
11
0
21
0
41
0.75
7
W0$07
0
TEXT
8
LABEL_INFO
10
1.6
20
-0.1
40
0.889
1
0 0 0 2 0 1
73
2
11
1.6
21
-0.1
41
0.75
7
W0$127
0
TEXT
8
LABEL_ATTRIBUTE
10
1.6
20
-0.1
40
0.889
1
PartType
73
2
11
1.6
21
-0.1
41
0.75
7
W0$127
0
TEXT
8
PART_TYPE_01
10
1.6
20
-0.1
40
0.889
1
R0402
73
3
11
1.6
21
-0.1
41
0.75
7
W0$127
0
TEXT
8
PART_INFO
10
1.6
20
-1.37
40
0.889
1
000000
73
3
11
1.6
21
-1.37
41
0.75
7
W0$127
0
TEXT
8
PART_PTS
10
1.6
20
-2.64
40
0.889
1
1 2 
73
3
11
1.6
21
-2.64
41
0.75
7
W0$127
0
ENDBLK
0
BLOCK
2
PART_TOP_89
8
0
10
0
20
0
3
PART_TOP_89
70
64
0
INSERT
2
SYM_TOP_27
8
0
10
0
20
0
0
INSERT
2
PKG_24
8
0
10
0
20
0
0
TEXT
8
LABEL_INFO
10
0
20
0
40
0.49
1
0 0 1 1 0 1
72
1
73
1
11
0
21
0
41
0.75
7
W0$07
0
TEXT
8
LABEL_ATTRIBUTE
10
0
20
0
40
0.49
1
Ref.Des.
72
1
73
1
11
0
21
0
41
0.75
7
W0$07
0
TEXT
8
PART_NAME_126
10
0
20
0
40
0.49
1
R23
72
1
73
2
11
0
21
0
41
0.75
7
W0$07
0
TEXT
8
LABEL_INFO
10
1.6
20
-0.1
40
0.889
1
0 0 0 2 0 1
73
2
11
1.6
21
-0.1
41
0.75
7
W0$127
0
TEXT
8
LABEL_ATTRIBUTE
10
1.6
20
-0.1
40
0.889
1
PartType
73
2
11
1.6
21
-0.1
41
0.75
7
W0$127
0
TEXT
8
PART_TYPE_01
10
1.6
20
-0.1
40
0.889
1
R0402
73
3
11
1.6
21
-0.1
41
0.75
7
W0$127
0
TEXT
8
PART_INFO
10
1.6
20
-1.37
40
0.889
1
000000
73
3
11
1.6
21
-1.37
41
0.75
7
W0$127
0
TEXT
8
PART_PTS
10
1.6
20
-2.64
40
0.889
1
1 2 
73
3
11
1.6
21
-2.64
41
0.75
7
W0$127
0
ENDBLK
0
BLOCK
2
PART_TOP_90
8
0
10
0
20
0
3
PART_TOP_90
70
64
0
INSERT
2
SYM_TOP_27
8
0
10
0
20
0
0
INSERT
2
PKG_24
8
0
10
0
20
0
0
TEXT
8
LABEL_INFO
10
0
20
0
40
0.49
1
0 0 1 1 0 1
72
1
73
1
11
0
21
0
41
0.75
7
W0$07
0
TEXT
8
LABEL_ATTRIBUTE
10
0
20
0
40
0.49
1
Ref.Des.
72
1
73
1
11
0
21
0
41
0.75
7
W0$07
0
TEXT
8
PART_NAME_126
10
0
20
0
40
0.49
1
R24
72
1
73
2
11
0
21
0
41
0.75
7
W0$07
0
TEXT
8
LABEL_INFO
10
1.6
20
-0.1
40
0.889
1
0 0 0 2 0 1
73
2
11
1.6
21
-0.1
41
0.75
7
W0$127
0
TEXT
8
LABEL_ATTRIBUTE
10
1.6
20
-0.1
40
0.889
1
PartType
73
2
11
1.6
21
-0.1
41
0.75
7
W0$127
0
TEXT
8
PART_TYPE_01
10
1.6
20
-0.1
40
0.889
1
R0402
73
3
11
1.6
21
-0.1
41
0.75
7
W0$127
0
TEXT
8
PART_INFO
10
1.6
20
-1.37
40
0.889
1
000000
73
3
11
1.6
21
-1.37
41
0.75
7
W0$127
0
TEXT
8
PART_PTS
10
1.6
20
-2.64
40
0.889
1
1 2 
73
3
11
1.6
21
-2.64
41
0.75
7
W0$127
0
ENDBLK
0
BLOCK
2
PART_TOP_91
8
0
10
0
20
0
3
PART_TOP_91
70
64
0
INSERT
2
SYM_TOP_27
8
0
10
0
20
0
0
INSERT
2
PKG_24
8
0
10
0
20
0
0
TEXT
8
LABEL_INFO
10
0
20
0
40
0.49
1
0 0 1 1 0 1
72
1
73
1
11
0
21
0
41
0.75
7
W0$07
0
TEXT
8
LABEL_ATTRIBUTE
10
0
20
0
40
0.49
1
Ref.Des.
72
1
73
1
11
0
21
0
41
0.75
7
W0$07
0
TEXT
8
PART_NAME_126
10
0
20
0
40
0.49
1
R25
72
1
73
2
11
0
21
0
41
0.75
7
W0$07
0
TEXT
8
LABEL_INFO
10
1.6
20
-0.1
40
0.889
1
0 0 0 2 0 1
73
2
11
1.6
21
-0.1
41
0.75
7
W0$127
0
TEXT
8
LABEL_ATTRIBUTE
10
1.6
20
-0.1
40
0.889
1
PartType
73
2
11
1.6
21
-0.1
41
0.75
7
W0$127
0
TEXT
8
PART_TYPE_01
10
1.6
20
-0.1
40
0.889
1
R0402
73
3
11
1.6
21
-0.1
41
0.75
7
W0$127
0
TEXT
8
PART_INFO
10
1.6
20
-1.37
40
0.889
1
000000
73
3
11
1.6
21
-1.37
41
0.75
7
W0$127
0
TEXT
8
PART_PTS
10
1.6
20
-2.64
40
0.889
1
1 2 
73
3
11
1.6
21
-2.64
41
0.75
7
W0$127
0
ENDBLK
0
BLOCK
2
PART_TOP_92
8
0
10
0
20
0
3
PART_TOP_92
70
64
0
INSERT
2
SYM_TOP_27
8
0
10
0
20
0
0
INSERT
2
PKG_24
8
0
10
0
20
0
0
TEXT
8
LABEL_INFO
10
0
20
0
40
0.49
1
0 0 1 1 0 1
72
1
73
1
11
0
21
0
41
0.75
7
W0$07
0
TEXT
8
LABEL_ATTRIBUTE
10
0
20
0
40
0.49
1
Ref.Des.
72
1
73
1
11
0
21
0
41
0.75
7
W0$07
0
TEXT
8
PART_NAME_126
10
0
20
0
40
0.49
1
R26
72
1
73
2
11
0
21
0
41
0.75
7
W0$07
0
TEXT
8
LABEL_INFO
10
1.6
20
-0.1
40
0.889
1
0 0 0 2 0 1
73
2
11
1.6
21
-0.1
41
0.75
7
W0$127
0
TEXT
8
LABEL_ATTRIBUTE
10
1.6
20
-0.1
40
0.889
1
PartType
73
2
11
1.6
21
-0.1
41
0.75
7
W0$127
0
TEXT
8
PART_TYPE_01
10
1.6
20
-0.1
40
0.889
1
R0402
73
3
11
1.6
21
-0.1
41
0.75
7
W0$127
0
TEXT
8
PART_INFO
10
1.6
20
-1.37
40
0.889
1
000000
73
3
11
1.6
21
-1.37
41
0.75
7
W0$127
0
TEXT
8
PART_PTS
10
1.6
20
-2.64
40
0.889
1
1 2 
73
3
11
1.6
21
-2.64
41
0.75
7
W0$127
0
ENDBLK
0
BLOCK
2
PART_TOP_93
8
0
10
0
20
0
3
PART_TOP_93
70
64
0
INSERT
2
SYM_TOP_27
8
0
10
0
20
0
0
INSERT
2
PKG_24
8
0
10
0
20
0
0
TEXT
8
LABEL_INFO
10
0
20
0
40
0.49
1
0 324000000 1 1 0 1
72
1
73
1
11
0
21
0
50
180
41
0.75
7
W0$07
0
TEXT
8
LABEL_ATTRIBUTE
10
0
20
0
40
0.49
1
Ref.Des.
72
1
73
1
11
0
21
0
50
180
41
0.75
7
W0$07
0
TEXT
8
PART_NAME_126
10
0
20
0
40
0.49
1
R29
72
1
73
2
11
0
21
0
50
180
41
0.75
7
W0$07
0
TEXT
8
LABEL_INFO
10
1.6
20
-0.1
40
0.889
1
0 0 0 2 0 1
73
2
11
1.6
21
-0.1
41
0.75
7
W0$127
0
TEXT
8
LABEL_ATTRIBUTE
10
1.6
20
-0.1
40
0.889
1
PartType
73
2
11
1.6
21
-0.1
41
0.75
7
W0$127
0
TEXT
8
PART_TYPE_01
10
1.6
20
-0.1
40
0.889
1
R0402
73
3
11
1.6
21
-0.1
41
0.75
7
W0$127
0
TEXT
8
PART_INFO
10
1.6
20
-1.37
40
0.889
1
000000
73
3
11
1.6
21
-1.37
41
0.75
7
W0$127
0
TEXT
8
PART_PTS
10
1.6
20
-2.64
40
0.889
1
1 2 
73
3
11
1.6
21
-2.64
41
0.75
7
W0$127
0
ENDBLK
0
BLOCK
2
PART_TOP_94
8
0
10
0
20
0
3
PART_TOP_94
70
64
0
INSERT
2
SYM_TOP_27
8
0
10
0
20
0
0
INSERT
2
PKG_24
8
0
10
0
20
0
0
TEXT
8
LABEL_INFO
10
0
20
0
40
0.49
1
0 324000000 1 1 0 1
72
1
73
1
11
0
21
0
50
180
41
0.75
7
W0$07
0
TEXT
8
LABEL_ATTRIBUTE
10
0
20
0
40
0.49
1
Ref.Des.
72
1
73
1
11
0
21
0
50
180
41
0.75
7
W0$07
0
TEXT
8
PART_NAME_126
10
0
20
0
40
0.49
1
R3
72
1
73
2
11
0
21
0
50
180
41
0.75
7
W0$07
0
TEXT
8
LABEL_INFO
10
1.6
20
-0.1
40
0.889
1
0 0 0 2 0 1
73
2
11
1.6
21
-0.1
41
0.75
7
W0$127
0
TEXT
8
LABEL_ATTRIBUTE
10
1.6
20
-0.1
40
0.889
1
PartType
73
2
11
1.6
21
-0.1
41
0.75
7
W0$127
0
TEXT
8
PART_TYPE_01
10
1.6
20
-0.1
40
0.889
1
R0402
73
3
11
1.6
21
-0.1
41
0.75
7
W0$127
0
TEXT
8
PART_INFO
10
1.6
20
-1.37
40
0.889
1
000000
73
3
11
1.6
21
-1.37
41
0.75
7
W0$127
0
TEXT
8
PART_PTS
10
1.6
20
-2.64
40
0.889
1
1 2 
73
3
11
1.6
21
-2.64
41
0.75
7
W0$127
0
ENDBLK
0
BLOCK
2
PART_TOP_95
8
0
10
0
20
0
3
PART_TOP_95
70
64
0
INSERT
2
SYM_TOP_27
8
0
10
0
20
0
0
INSERT
2
PKG_24
8
0
10
0
20
0
0
TEXT
8
LABEL_INFO
10
0
20
0
40
0.49
1
0 324000000 1 1 0 1
72
1
73
1
11
0
21
0
50
180
41
0.75
7
W0$07
0
TEXT
8
LABEL_ATTRIBUTE
10
0
20
0
40
0.49
1
Ref.Des.
72
1
73
1
11
0
21
0
50
180
41
0.75
7
W0$07
0
TEXT
8
PART_NAME_126
10
0
20
0
40
0.49
1
R30
72
1
73
2
11
0
21
0
50
180
41
0.75
7
W0$07
0
TEXT
8
LABEL_INFO
10
1.6
20
-0.1
40
0.889
1
0 0 0 2 0 1
73
2
11
1.6
21
-0.1
41
0.75
7
W0$127
0
TEXT
8
LABEL_ATTRIBUTE
10
1.6
20
-0.1
40
0.889
1
PartType
73
2
11
1.6
21
-0.1
41
0.75
7
W0$127
0
TEXT
8
PART_TYPE_01
10
1.6
20
-0.1
40
0.889
1
R0402
73
3
11
1.6
21
-0.1
41
0.75
7
W0$127
0
TEXT
8
PART_INFO
10
1.6
20
-1.37
40
0.889
1
000000
73
3
11
1.6
21
-1.37
41
0.75
7
W0$127
0
TEXT
8
PART_PTS
10
1.6
20
-2.64
40
0.889
1
1 2 
73
3
11
1.6
21
-2.64
41
0.75
7
W0$127
0
ENDBLK
0
BLOCK
2
PART_TOP_96
8
0
10
0
20
0
3
PART_TOP_96
70
64
0
INSERT
2
SYM_TOP_27
8
0
10
0
20
0
0
INSERT
2
PKG_24
8
0
10
0
20
0
0
TEXT
8
LABEL_INFO
10
0
20
0
40
0.49
1
0 0 1 1 0 1
72
1
73
1
11
0
21
0
41
0.75
7
W0$07
0
TEXT
8
LABEL_ATTRIBUTE
10
0
20
0
40
0.49
1
Ref.Des.
72
1
73
1
11
0
21
0
41
0.75
7
W0$07
0
TEXT
8
PART_NAME_126
10
0
20
0
40
0.49
1
R32
72
1
73
2
11
0
21
0
41
0.75
7
W0$07
0
TEXT
8
LABEL_INFO
10
1.6
20
-0.1
40
0.889
1
0 0 0 2 0 1
73
2
11
1.6
21
-0.1
41
0.75
7
W0$127
0
TEXT
8
LABEL_ATTRIBUTE
10
1.6
20
-0.1
40
0.889
1
PartType
73
2
11
1.6
21
-0.1
41
0.75
7
W0$127
0
TEXT
8
PART_TYPE_01
10
1.6
20
-0.1
40
0.889
1
R0402
73
3
11
1.6
21
-0.1
41
0.75
7
W0$127
0
TEXT
8
PART_INFO
10
1.6
20
-1.37
40
0.889
1
000000
73
3
11
1.6
21
-1.37
41
0.75
7
W0$127
0
TEXT
8
PART_PTS
10
1.6
20
-2.64
40
0.889
1
1 2 
73
3
11
1.6
21
-2.64
41
0.75
7
W0$127
0
ENDBLK
0
BLOCK
2
PART_TOP_97
8
0
10
0
20
0
3
PART_TOP_97
70
64
0
INSERT
2
SYM_TOP_27
8
0
10
0
20
0
0
INSERT
2
PKG_24
8
0
10
0
20
0
0
TEXT
8
LABEL_INFO
10
0
20
0
40
0.49
1
0 0 1 1 0 1
72
1
73
1
11
0
21
0
41
0.75
7
W0$07
0
TEXT
8
LABEL_ATTRIBUTE
10
0
20
0
40
0.49
1
Ref.Des.
72
1
73
1
11
0
21
0
41
0.75
7
W0$07
0
TEXT
8
PART_NAME_126
10
0
20
0
40
0.49
1
R33
72
1
73
2
11
0
21
0
41
0.75
7
W0$07
0
TEXT
8
LABEL_INFO
10
1.6
20
-0.1
40
0.889
1
0 0 0 2 0 1
73
2
11
1.6
21
-0.1
41
0.75
7
W0$127
0
TEXT
8
LABEL_ATTRIBUTE
10
1.6
20
-0.1
40
0.889
1
PartType
73
2
11
1.6
21
-0.1
41
0.75
7
W0$127
0
TEXT
8
PART_TYPE_01
10
1.6
20
-0.1
40
0.889
1
R0402
73
3
11
1.6
21
-0.1
41
0.75
7
W0$127
0
TEXT
8
PART_INFO
10
1.6
20
-1.37
40
0.889
1
000000
73
3
11
1.6
21
-1.37
41
0.75
7
W0$127
0
TEXT
8
PART_PTS
10
1.6
20
-2.64
40
0.889
1
1 2 
73
3
11
1.6
21
-2.64
41
0.75
7
W0$127
0
ENDBLK
0
BLOCK
2
PART_TOP_98
8
0
10
0
20
0
3
PART_TOP_98
70
64
0
INSERT
2
SYM_TOP_27
8
0
10
0
20
0
0
INSERT
2
PKG_24
8
0
10
0
20
0
0
TEXT
8
LABEL_INFO
10
0
20
0
40
0.49
1
0 324000000 1 1 0 1
72
1
73
1
11
0
21
0
50
180
41
0.75
7
W0$07
0
TEXT
8
LABEL_ATTRIBUTE
10
0
20
0
40
0.49
1
Ref.Des.
72
1
73
1
11
0
21
0
50
180
41
0.75
7
W0$07
0
TEXT
8
PART_NAME_126
10
0
20
0
40
0.49
1
R34
72
1
73
2
11
0
21
0
50
180
41
0.75
7
W0$07
0
TEXT
8
LABEL_INFO
10
1.6
20
-0.1
40
0.889
1
0 0 0 2 0 1
73
2
11
1.6
21
-0.1
41
0.75
7
W0$127
0
TEXT
8
LABEL_ATTRIBUTE
10
1.6
20
-0.1
40
0.889
1
PartType
73
2
11
1.6
21
-0.1
41
0.75
7
W0$127
0
TEXT
8
PART_TYPE_01
10
1.6
20
-0.1
40
0.889
1
R0402
73
3
11
1.6
21
-0.1
41
0.75
7
W0$127
0
TEXT
8
PART_INFO
10
1.6
20
-1.37
40
0.889
1
000000
73
3
11
1.6
21
-1.37
41
0.75
7
W0$127
0
TEXT
8
PART_PTS
10
1.6
20
-2.64
40
0.889
1
1 2 
73
3
11
1.6
21
-2.64
41
0.75
7
W0$127
0
ENDBLK
0
BLOCK
2
PART_TOP_99
8
0
10
0
20
0
3
PART_TOP_99
70
64
0
INSERT
2
SYM_TOP_27
8
0
10
0
20
0
0
INSERT
2
PKG_24
8
0
10
0
20
0
0
TEXT
8
LABEL_INFO
10
0
20
0
40
0.49
1
0 324000000 1 1 0 1
72
1
73
1
11
0
21
0
50
180
41
0.75
7
W0$07
0
TEXT
8
LABEL_ATTRIBUTE
10
0
20
0
40
0.49
1
Ref.Des.
72
1
73
1
11
0
21
0
50
180
41
0.75
7
W0$07
0
TEXT
8
PART_NAME_126
10
0
20
0
40
0.49
1
R35
72
1
73
2
11
0
21
0
50
180
41
0.75
7
W0$07
0
TEXT
8
LABEL_INFO
10
1.6
20
-0.1
40
0.889
1
0 0 0 2 0 1
73
2
11
1.6
21
-0.1
41
0.75
7
W0$127
0
TEXT
8
LABEL_ATTRIBUTE
10
1.6
20
-0.1
40
0.889
1
PartType
73
2
11
1.6
21
-0.1
41
0.75
7
W0$127
0
TEXT
8
PART_TYPE_01
10
1.6
20
-0.1
40
0.889
1
R0402
73
3
11
1.6
21
-0.1
41
0.75
7
W0$127
0
TEXT
8
PART_INFO
10
1.6
20
-1.37
40
0.889
1
000000
73
3
11
1.6
21
-1.37
41
0.75
7
W0$127
0
TEXT
8
PART_PTS
10
1.6
20
-2.64
40
0.889
1
1 2 
73
3
11
1.6
21
-2.64
41
0.75
7
W0$127
0
ENDBLK
0
BLOCK
2
PART_TOP_100
8
0
10
0
20
0
3
PART_TOP_100
70
64
0
INSERT
2
SYM_TOP_27
8
0
10
0
20
0
0
INSERT
2
PKG_24
8
0
10
0
20
0
0
TEXT
8
LABEL_INFO
10
0
20
0
40
0.49
1
0 0 1 1 0 1
72
1
73
1
11
0
21
0
41
0.75
7
W0$07
0
TEXT
8
LABEL_ATTRIBUTE
10
0
20
0
40
0.49
1
Ref.Des.
72
1
73
1
11
0
21
0
41
0.75
7
W0$07
0
TEXT
8
PART_NAME_126
10
0
20
0
40
0.49
1
R36
72
1
73
2
11
0
21
0
41
0.75
7
W0$07
0
TEXT
8
LABEL_INFO
10
1.6
20
-0.1
40
0.889
1
0 0 0 2 0 1
73
2
11
1.6
21
-0.1
41
0.75
7
W0$127
0
TEXT
8
LABEL_ATTRIBUTE
10
1.6
20
-0.1
40
0.889
1
PartType
73
2
11
1.6
21
-0.1
41
0.75
7
W0$127
0
TEXT
8
PART_TYPE_01
10
1.6
20
-0.1
40
0.889
1
R0402
73
3
11
1.6
21
-0.1
41
0.75
7
W0$127
0
TEXT
8
PART_INFO
10
1.6
20
-1.37
40
0.889
1
000000
73
3
11
1.6
21
-1.37
41
0.75
7
W0$127
0
TEXT
8
PART_PTS
10
1.6
20
-2.64
40
0.889
1
1 2 
73
3
11
1.6
21
-2.64
41
0.75
7
W0$127
0
ENDBLK
0
BLOCK
2
PART_TOP_101
8
0
10
0
20
0
3
PART_TOP_101
70
64
0
INSERT
2
SYM_TOP_27
8
0
10
0
20
0
0
INSERT
2
PKG_24
8
0
10
0
20
0
0
TEXT
8
LABEL_INFO
10
0
20
0
40
0.49
1
0 0 1 1 0 1
72
1
73
1
11
0
21
0
41
0.75
7
W0$07
0
TEXT
8
LABEL_ATTRIBUTE
10
0
20
0
40
0.49
1
Ref.Des.
72
1
73
1
11
0
21
0
41
0.75
7
W0$07
0
TEXT
8
PART_NAME_126
10
0
20
0
40
0.49
1
R37
72
1
73
2
11
0
21
0
41
0.75
7
W0$07
0
TEXT
8
LABEL_INFO
10
1.6
20
-0.1
40
0.889
1
0 0 0 2 0 1
73
2
11
1.6
21
-0.1
41
0.75
7
W0$127
0
TEXT
8
LABEL_ATTRIBUTE
10
1.6
20
-0.1
40
0.889
1
PartType
73
2
11
1.6
21
-0.1
41
0.75
7
W0$127
0
TEXT
8
PART_TYPE_01
10
1.6
20
-0.1
40
0.889
1
R0402
73
3
11
1.6
21
-0.1
41
0.75
7
W0$127
0
TEXT
8
PART_INFO
10
1.6
20
-1.37
40
0.889
1
000000
73
3
11
1.6
21
-1.37
41
0.75
7
W0$127
0
TEXT
8
PART_PTS
10
1.6
20
-2.64
40
0.889
1
1 2 
73
3
11
1.6
21
-2.64
41
0.75
7
W0$127
0
ENDBLK
0
BLOCK
2
PART_TOP_102
8
0
10
0
20
0
3
PART_TOP_102
70
64
0
INSERT
2
SYM_TOP_27
8
0
10
0
20
0
0
INSERT
2
PKG_24
8
0
10
0
20
0
0
TEXT
8
LABEL_INFO
10
0
20
0
40
0.49
1
0 0 1 1 0 1
72
1
73
1
11
0
21
0
41
0.75
7
W0$07
0
TEXT
8
LABEL_ATTRIBUTE
10
0
20
0
40
0.49
1
Ref.Des.
72
1
73
1
11
0
21
0
41
0.75
7
W0$07
0
TEXT
8
PART_NAME_126
10
0
20
0
40
0.49
1
R38
72
1
73
2
11
0
21
0
41
0.75
7
W0$07
0
TEXT
8
LABEL_INFO
10
1.6
20
-0.1
40
0.889
1
0 0 0 2 0 1
73
2
11
1.6
21
-0.1
41
0.75
7
W0$127
0
TEXT
8
LABEL_ATTRIBUTE
10
1.6
20
-0.1
40
0.889
1
PartType
73
2
11
1.6
21
-0.1
41
0.75
7
W0$127
0
TEXT
8
PART_TYPE_01
10
1.6
20
-0.1
40
0.889
1
R0402
73
3
11
1.6
21
-0.1
41
0.75
7
W0$127
0
TEXT
8
PART_INFO
10
1.6
20
-1.37
40
0.889
1
000000
73
3
11
1.6
21
-1.37
41
0.75
7
W0$127
0
TEXT
8
PART_PTS
10
1.6
20
-2.64
40
0.889
1
1 2 
73
3
11
1.6
21
-2.64
41
0.75
7
W0$127
0
ENDBLK
0
BLOCK
2
PART_TOP_103
8
0
10
0
20
0
3
PART_TOP_103
70
64
0
INSERT
2
SYM_TOP_27
8
0
10
0
20
0
0
INSERT
2
PKG_24
8
0
10
0
20
0
0
TEXT
8
LABEL_INFO
10
0
20
0
40
0.49
1
0 324000000 1 1 0 1
72
1
73
1
11
0
21
0
50
180
41
0.75
7
W0$07
0
TEXT
8
LABEL_ATTRIBUTE
10
0
20
0
40
0.49
1
Ref.Des.
72
1
73
1
11
0
21
0
50
180
41
0.75
7
W0$07
0
TEXT
8
PART_NAME_126
10
0
20
0
40
0.49
1
R39
72
1
73
2
11
0
21
0
50
180
41
0.75
7
W0$07
0
TEXT
8
LABEL_INFO
10
1.6
20
-0.1
40
0.889
1
0 0 0 2 0 1
73
2
11
1.6
21
-0.1
41
0.75
7
W0$127
0
TEXT
8
LABEL_ATTRIBUTE
10
1.6
20
-0.1
40
0.889
1
PartType
73
2
11
1.6
21
-0.1
41
0.75
7
W0$127
0
TEXT
8
PART_TYPE_01
10
1.6
20
-0.1
40
0.889
1
R0402
73
3
11
1.6
21
-0.1
41
0.75
7
W0$127
0
TEXT
8
PART_INFO
10
1.6
20
-1.37
40
0.889
1
000000
73
3
11
1.6
21
-1.37
41
0.75
7
W0$127
0
TEXT
8
PART_PTS
10
1.6
20
-2.64
40
0.889
1
1 2 
73
3
11
1.6
21
-2.64
41
0.75
7
W0$127
0
ENDBLK
0
BLOCK
2
PART_TOP_104
8
0
10
0
20
0
3
PART_TOP_104
70
64
0
INSERT
2
SYM_TOP_27
8
0
10
0
20
0
0
INSERT
2
PKG_24
8
0
10
0
20
0
0
TEXT
8
LABEL_INFO
10
0
20
0
40
0.49
1
0 324000000 1 1 0 1
72
1
73
1
11
0
21
0
50
180
41
0.75
7
W0$07
0
TEXT
8
LABEL_ATTRIBUTE
10
0
20
0
40
0.49
1
Ref.Des.
72
1
73
1
11
0
21
0
50
180
41
0.75
7
W0$07
0
TEXT
8
PART_NAME_126
10
0
20
0
40
0.49
1
R4
72
1
73
2
11
0
21
0
50
180
41
0.75
7
W0$07
0
TEXT
8
LABEL_INFO
10
1.6
20
-0.1
40
0.889
1
0 0 0 2 0 1
73
2
11
1.6
21
-0.1
41
0.75
7
W0$127
0
TEXT
8
LABEL_ATTRIBUTE
10
1.6
20
-0.1
40
0.889
1
PartType
73
2
11
1.6
21
-0.1
41
0.75
7
W0$127
0
TEXT
8
PART_TYPE_01
10
1.6
20
-0.1
40
0.889
1
R0402
73
3
11
1.6
21
-0.1
41
0.75
7
W0$127
0
TEXT
8
PART_INFO
10
1.6
20
-1.37
40
0.889
1
000000
73
3
11
1.6
21
-1.37
41
0.75
7
W0$127
0
TEXT
8
PART_PTS
10
1.6
20
-2.64
40
0.889
1
1 2 
73
3
11
1.6
21
-2.64
41
0.75
7
W0$127
0
ENDBLK
0
BLOCK
2
PART_TOP_105
8
0
10
0
20
0
3
PART_TOP_105
70
64
0
INSERT
2
SYM_TOP_27
8
0
10
0
20
0
0
INSERT
2
PKG_24
8
0
10
0
20
0
0
TEXT
8
LABEL_INFO
10
0
20
0
40
0.49
1
0 0 1 1 0 1
72
1
73
1
11
0
21
0
41
0.75
7
W0$07
0
TEXT
8
LABEL_ATTRIBUTE
10
0
20
0
40
0.49
1
Ref.Des.
72
1
73
1
11
0
21
0
41
0.75
7
W0$07
0
TEXT
8
PART_NAME_126
10
0
20
0
40
0.49
1
R40
72
1
73
2
11
0
21
0
41
0.75
7
W0$07
0
TEXT
8
LABEL_INFO
10
1.6
20
-0.1
40
0.889
1
0 0 0 2 0 1
73
2
11
1.6
21
-0.1
41
0.75
7
W0$127
0
TEXT
8
LABEL_ATTRIBUTE
10
1.6
20
-0.1
40
0.889
1
PartType
73
2
11
1.6
21
-0.1
41
0.75
7
W0$127
0
TEXT
8
PART_TYPE_01
10
1.6
20
-0.1
40
0.889
1
R0402
73
3
11
1.6
21
-0.1
41
0.75
7
W0$127
0
TEXT
8
PART_INFO
10
1.6
20
-1.37
40
0.889
1
000000
73
3
11
1.6
21
-1.37
41
0.75
7
W0$127
0
TEXT
8
PART_PTS
10
1.6
20
-2.64
40
0.889
1
1 2 
73
3
11
1.6
21
-2.64
41
0.75
7
W0$127
0
ENDBLK
0
BLOCK
2
PART_TOP_106
8
0
10
0
20
0
3
PART_TOP_106
70
64
0
INSERT
2
SYM_TOP_27
8
0
10
0
20
0
0
INSERT
2
PKG_24
8
0
10
0
20
0
0
TEXT
8
LABEL_INFO
10
0
20
0
40
0.49
1
0 324000000 1 1 0 1
72
1
73
1
11
0
21
0
50
180
41
0.75
7
W0$07
0
TEXT
8
LABEL_ATTRIBUTE
10
0
20
0
40
0.49
1
Ref.Des.
72
1
73
1
11
0
21
0
50
180
41
0.75
7
W0$07
0
TEXT
8
PART_NAME_126
10
0
20
0
40
0.49
1
R41
72
1
73
2
11
0
21
0
50
180
41
0.75
7
W0$07
0
TEXT
8
LABEL_INFO
10
1.6
20
-0.1
40
0.889
1
0 0 0 2 0 1
73
2
11
1.6
21
-0.1
41
0.75
7
W0$127
0
TEXT
8
LABEL_ATTRIBUTE
10
1.6
20
-0.1
40
0.889
1
PartType
73
2
11
1.6
21
-0.1
41
0.75
7
W0$127
0
TEXT
8
PART_TYPE_01
10
1.6
20
-0.1
40
0.889
1
R0402
73
3
11
1.6
21
-0.1
41
0.75
7
W0$127
0
TEXT
8
PART_INFO
10
1.6
20
-1.37
40
0.889
1
000000
73
3
11
1.6
21
-1.37
41
0.75
7
W0$127
0
TEXT
8
PART_PTS
10
1.6
20
-2.64
40
0.889
1
1 2 
73
3
11
1.6
21
-2.64
41
0.75
7
W0$127
0
ENDBLK
0
BLOCK
2
PART_TOP_107
8
0
10
0
20
0
3
PART_TOP_107
70
64
0
INSERT
2
SYM_TOP_27
8
0
10
0
20
0
0
INSERT
2
PKG_24
8
0
10
0
20
0
0
TEXT
8
LABEL_INFO
10
0
20
0
40
0.49
1
0 324000000 1 1 0 1
72
1
73
1
11
0
21
0
50
180
41
0.75
7
W0$07
0
TEXT
8
LABEL_ATTRIBUTE
10
0
20
0
40
0.49
1
Ref.Des.
72
1
73
1
11
0
21
0
50
180
41
0.75
7
W0$07
0
TEXT
8
PART_NAME_126
10
0
20
0
40
0.49
1
R42
72
1
73
2
11
0
21
0
50
180
41
0.75
7
W0$07
0
TEXT
8
LABEL_INFO
10
1.6
20
-0.1
40
0.889
1
0 0 0 2 0 1
73
2
11
1.6
21
-0.1
41
0.75
7
W0$127
0
TEXT
8
LABEL_ATTRIBUTE
10
1.6
20
-0.1
40
0.889
1
PartType
73
2
11
1.6
21
-0.1
41
0.75
7
W0$127
0
TEXT
8
PART_TYPE_01
10
1.6
20
-0.1
40
0.889
1
R0402
73
3
11
1.6
21
-0.1
41
0.75
7
W0$127
0
TEXT
8
PART_INFO
10
1.6
20
-1.37
40
0.889
1
000000
73
3
11
1.6
21
-1.37
41
0.75
7
W0$127
0
TEXT
8
PART_PTS
10
1.6
20
-2.64
40
0.889
1
1 2 
73
3
11
1.6
21
-2.64
41
0.75
7
W0$127
0
ENDBLK
0
BLOCK
2
PART_TOP_108
8
0
10
0
20
0
3
PART_TOP_108
70
64
0
INSERT
2
SYM_TOP_27
8
0
10
0
20
0
0
INSERT
2
PKG_24
8
0
10
0
20
0
0
TEXT
8
LABEL_INFO
10
0
20
0
40
0.49
1
0 324000000 1 1 0 1
72
1
73
1
11
0
21
0
50
180
41
0.75
7
W0$07
0
TEXT
8
LABEL_ATTRIBUTE
10
0
20
0
40
0.49
1
Ref.Des.
72
1
73
1
11
0
21
0
50
180
41
0.75
7
W0$07
0
TEXT
8
PART_NAME_126
10
0
20
0
40
0.49
1
R43
72
1
73
2
11
0
21
0
50
180
41
0.75
7
W0$07
0
TEXT
8
LABEL_INFO
10
1.6
20
-0.1
40
0.889
1
0 0 0 2 0 1
73
2
11
1.6
21
-0.1
41
0.75
7
W0$127
0
TEXT
8
LABEL_ATTRIBUTE
10
1.6
20
-0.1
40
0.889
1
PartType
73
2
11
1.6
21
-0.1
41
0.75
7
W0$127
0
TEXT
8
PART_TYPE_01
10
1.6
20
-0.1
40
0.889
1
R0402
73
3
11
1.6
21
-0.1
41
0.75
7
W0$127
0
TEXT
8
PART_INFO
10
1.6
20
-1.37
40
0.889
1
000000
73
3
11
1.6
21
-1.37
41
0.75
7
W0$127
0
TEXT
8
PART_PTS
10
1.6
20
-2.64
40
0.889
1
1 2 
73
3
11
1.6
21
-2.64
41
0.75
7
W0$127
0
ENDBLK
0
BLOCK
2
PART_TOP_109
8
0
10
0
20
0
3
PART_TOP_109
70
64
0
INSERT
2
SYM_TOP_27
8
0
10
0
20
0
0
INSERT
2
PKG_24
8
0
10
0
20
0
0
TEXT
8
LABEL_INFO
10
0
20
0
40
0.49
1
0 0 1 1 0 1
72
1
73
1
11
0
21
0
41
0.75
7
W0$07
0
TEXT
8
LABEL_ATTRIBUTE
10
0
20
0
40
0.49
1
Ref.Des.
72
1
73
1
11
0
21
0
41
0.75
7
W0$07
0
TEXT
8
PART_NAME_126
10
0
20
0
40
0.49
1
R44
72
1
73
2
11
0
21
0
41
0.75
7
W0$07
0
TEXT
8
LABEL_INFO
10
1.6
20
-0.1
40
0.889
1
0 0 0 2 0 1
73
2
11
1.6
21
-0.1
41
0.75
7
W0$127
0
TEXT
8
LABEL_ATTRIBUTE
10
1.6
20
-0.1
40
0.889
1
PartType
73
2
11
1.6
21
-0.1
41
0.75
7
W0$127
0
TEXT
8
PART_TYPE_01
10
1.6
20
-0.1
40
0.889
1
R0402
73
3
11
1.6
21
-0.1
41
0.75
7
W0$127
0
TEXT
8
PART_INFO
10
1.6
20
-1.37
40
0.889
1
000000
73
3
11
1.6
21
-1.37
41
0.75
7
W0$127
0
TEXT
8
PART_PTS
10
1.6
20
-2.64
40
0.889
1
1 2 
73
3
11
1.6
21
-2.64
41
0.75
7
W0$127
0
ENDBLK
0
BLOCK
2
PART_TOP_110
8
0
10
0
20
0
3
PART_TOP_110
70
64
0
INSERT
2
SYM_TOP_27
8
0
10
0
20
0
0
INSERT
2
PKG_24
8
0
10
0
20
0
0
TEXT
8
LABEL_INFO
10
0
20
0
40
0.49
1
0 0 1 1 0 1
72
1
73
1
11
0
21
0
41
0.75
7
W0$07
0
TEXT
8
LABEL_ATTRIBUTE
10
0
20
0
40
0.49
1
Ref.Des.
72
1
73
1
11
0
21
0
41
0.75
7
W0$07
0
TEXT
8
PART_NAME_126
10
0
20
0
40
0.49
1
R45
72
1
73
2
11
0
21
0
41
0.75
7
W0$07
0
TEXT
8
LABEL_INFO
10
1.6
20
-0.1
40
0.889
1
0 0 0 2 0 1
73
2
11
1.6
21
-0.1
41
0.75
7
W0$127
0
TEXT
8
LABEL_ATTRIBUTE
10
1.6
20
-0.1
40
0.889
1
PartType
73
2
11
1.6
21
-0.1
41
0.75
7
W0$127
0
TEXT
8
PART_TYPE_01
10
1.6
20
-0.1
40
0.889
1
R0402
73
3
11
1.6
21
-0.1
41
0.75
7
W0$127
0
TEXT
8
PART_INFO
10
1.6
20
-1.37
40
0.889
1
000000
73
3
11
1.6
21
-1.37
41
0.75
7
W0$127
0
TEXT
8
PART_PTS
10
1.6
20
-2.64
40
0.889
1
1 2 
73
3
11
1.6
21
-2.64
41
0.75
7
W0$127
0
ENDBLK
0
BLOCK
2
PART_TOP_111
8
0
10
0
20
0
3
PART_TOP_111
70
64
0
INSERT
2
SYM_TOP_27
8
0
10
0
20
0
0
INSERT
2
PKG_24
8
0
10
0
20
0
0
TEXT
8
LABEL_INFO
10
0
20
0
40
0.49
1
0 0 1 1 0 1
72
1
73
1
11
0
21
0
41
0.75
7
W0$07
0
TEXT
8
LABEL_ATTRIBUTE
10
0
20
0
40
0.49
1
Ref.Des.
72
1
73
1
11
0
21
0
41
0.75
7
W0$07
0
TEXT
8
PART_NAME_126
10
0
20
0
40
0.49
1
R47
72
1
73
2
11
0
21
0
41
0.75
7
W0$07
0
TEXT
8
LABEL_INFO
10
1.6
20
-0.1
40
0.889
1
0 0 0 2 0 1
73
2
11
1.6
21
-0.1
41
0.75
7
W0$127
0
TEXT
8
LABEL_ATTRIBUTE
10
1.6
20
-0.1
40
0.889
1
PartType
73
2
11
1.6
21
-0.1
41
0.75
7
W0$127
0
TEXT
8
PART_TYPE_01
10
1.6
20
-0.1
40
0.889
1
R0402
73
3
11
1.6
21
-0.1
41
0.75
7
W0$127
0
TEXT
8
PART_INFO
10
1.6
20
-1.37
40
0.889
1
000000
73
3
11
1.6
21
-1.37
41
0.75
7
W0$127
0
TEXT
8
PART_PTS
10
1.6
20
-2.64
40
0.889
1
1 2 
73
3
11
1.6
21
-2.64
41
0.75
7
W0$127
0
ENDBLK
0
BLOCK
2
PART_TOP_112
8
0
10
0
20
0
3
PART_TOP_112
70
64
0
INSERT
2
SYM_TOP_27
8
0
10
0
20
0
0
INSERT
2
PKG_24
8
0
10
0
20
0
0
TEXT
8
LABEL_INFO
10
0
20
0
40
0.49
1
0 0 1 1 0 1
72
1
73
1
11
0
21
0
41
0.75
7
W0$07
0
TEXT
8
LABEL_ATTRIBUTE
10
0
20
0
40
0.49
1
Ref.Des.
72
1
73
1
11
0
21
0
41
0.75
7
W0$07
0
TEXT
8
PART_NAME_126
10
0
20
0
40
0.49
1
R5
72
1
73
2
11
0
21
0
41
0.75
7
W0$07
0
TEXT
8
LABEL_INFO
10
1.6
20
-0.1
40
0.889
1
0 0 0 2 0 1
73
2
11
1.6
21
-0.1
41
0.75
7
W0$127
0
TEXT
8
LABEL_ATTRIBUTE
10
1.6
20
-0.1
40
0.889
1
PartType
73
2
11
1.6
21
-0.1
41
0.75
7
W0$127
0
TEXT
8
PART_TYPE_01
10
1.6
20
-0.1
40
0.889
1
R0402
73
3
11
1.6
21
-0.1
41
0.75
7
W0$127
0
TEXT
8
PART_INFO
10
1.6
20
-1.37
40
0.889
1
000000
73
3
11
1.6
21
-1.37
41
0.75
7
W0$127
0
TEXT
8
PART_PTS
10
1.6
20
-2.64
40
0.889
1
1 2 
73
3
11
1.6
21
-2.64
41
0.75
7
W0$127
0
ENDBLK
0
BLOCK
2
PART_TOP_113
8
0
10
0
20
0
3
PART_TOP_113
70
64
0
INSERT
2
SYM_TOP_27
8
0
10
0
20
0
0
INSERT
2
PKG_24
8
0
10
0
20
0
0
TEXT
8
LABEL_INFO
10
0
20
0
40
0.49
1
0 324000000 1 1 0 1
72
1
73
1
11
0
21
0
50
180
41
0.75
7
W0$07
0
TEXT
8
LABEL_ATTRIBUTE
10
0
20
0
40
0.49
1
Ref.Des.
72
1
73
1
11
0
21
0
50
180
41
0.75
7
W0$07
0
TEXT
8
PART_NAME_126
10
0
20
0
40
0.49
1
R52
72
1
73
2
11
0
21
0
50
180
41
0.75
7
W0$07
0
TEXT
8
LABEL_INFO
10
1.6
20
-0.1
40
0.889
1
0 0 0 2 0 1
73
2
11
1.6
21
-0.1
41
0.75
7
W0$127
0
TEXT
8
LABEL_ATTRIBUTE
10
1.6
20
-0.1
40
0.889
1
PartType
73
2
11
1.6
21
-0.1
41
0.75
7
W0$127
0
TEXT
8
PART_TYPE_01
10
1.6
20
-0.1
40
0.889
1
R0402
73
3
11
1.6
21
-0.1
41
0.75
7
W0$127
0
TEXT
8
PART_INFO
10
1.6
20
-1.37
40
0.889
1
000000
73
3
11
1.6
21
-1.37
41
0.75
7
W0$127
0
TEXT
8
PART_PTS
10
1.6
20
-2.64
40
0.889
1
1 2 
73
3
11
1.6
21
-2.64
41
0.75
7
W0$127
0
ENDBLK
0
BLOCK
2
PART_TOP_114
8
0
10
0
20
0
3
PART_TOP_114
70
64
0
INSERT
2
SYM_TOP_27
8
0
10
0
20
0
0
INSERT
2
PKG_24
8
0
10
0
20
0
0
TEXT
8
LABEL_INFO
10
0
20
0
40
0.49
1
0 0 1 1 0 1
72
1
73
1
11
0
21
0
41
0.75
7
W0$07
0
TEXT
8
LABEL_ATTRIBUTE
10
0
20
0
40
0.49
1
Ref.Des.
72
1
73
1
11
0
21
0
41
0.75
7
W0$07
0
TEXT
8
PART_NAME_126
10
0
20
0
40
0.49
1
R53
72
1
73
2
11
0
21
0
41
0.75
7
W0$07
0
TEXT
8
LABEL_INFO
10
1.6
20
-0.1
40
0.889
1
0 0 0 2 0 1
73
2
11
1.6
21
-0.1
41
0.75
7
W0$127
0
TEXT
8
LABEL_ATTRIBUTE
10
1.6
20
-0.1
40
0.889
1
PartType
73
2
11
1.6
21
-0.1
41
0.75
7
W0$127
0
TEXT
8
PART_TYPE_01
10
1.6
20
-0.1
40
0.889
1
R0402
73
3
11
1.6
21
-0.1
41
0.75
7
W0$127
0
TEXT
8
PART_INFO
10
1.6
20
-1.37
40
0.889
1
000000
73
3
11
1.6
21
-1.37
41
0.75
7
W0$127
0
TEXT
8
PART_PTS
10
1.6
20
-2.64
40
0.889
1
1 2 
73
3
11
1.6
21
-2.64
41
0.75
7
W0$127
0
ENDBLK
0
BLOCK
2
PART_TOP_115
8
0
10
0
20
0
3
PART_TOP_115
70
64
0
INSERT
2
SYM_TOP_27
8
0
10
0
20
0
0
INSERT
2
PKG_24
8
0
10
0
20
0
0
TEXT
8
LABEL_INFO
10
0
20
0
40
0.49
1
0 324000000 1 1 0 1
72
1
73
1
11
0
21
0
50
180
41
0.75
7
W0$07
0
TEXT
8
LABEL_ATTRIBUTE
10
0
20
0
40
0.49
1
Ref.Des.
72
1
73
1
11
0
21
0
50
180
41
0.75
7
W0$07
0
TEXT
8
PART_NAME_126
10
0
20
0
40
0.49
1
R54
72
1
73
2
11
0
21
0
50
180
41
0.75
7
W0$07
0
TEXT
8
LABEL_INFO
10
1.6
20
-0.1
40
0.889
1
0 0 0 2 0 1
73
2
11
1.6
21
-0.1
41
0.75
7
W0$127
0
TEXT
8
LABEL_ATTRIBUTE
10
1.6
20
-0.1
40
0.889
1
PartType
73
2
11
1.6
21
-0.1
41
0.75
7
W0$127
0
TEXT
8
PART_TYPE_01
10
1.6
20
-0.1
40
0.889
1
R0402
73
3
11
1.6
21
-0.1
41
0.75
7
W0$127
0
TEXT
8
PART_INFO
10
1.6
20
-1.37
40
0.889
1
000000
73
3
11
1.6
21
-1.37
41
0.75
7
W0$127
0
TEXT
8
PART_PTS
10
1.6
20
-2.64
40
0.889
1
1 2 
73
3
11
1.6
21
-2.64
41
0.75
7
W0$127
0
ENDBLK
0
BLOCK
2
PART_TOP_116
8
0
10
0
20
0
3
PART_TOP_116
70
64
0
INSERT
2
SYM_TOP_27
8
0
10
0
20
0
0
INSERT
2
PKG_24
8
0
10
0
20
0
0
TEXT
8
LABEL_INFO
10
0
20
0
40
0.49
1
0 0 1 1 0 1
72
1
73
1
11
0
21
0
41
0.75
7
W0$07
0
TEXT
8
LABEL_ATTRIBUTE
10
0
20
0
40
0.49
1
Ref.Des.
72
1
73
1
11
0
21
0
41
0.75
7
W0$07
0
TEXT
8
PART_NAME_126
10
0
20
0
40
0.49
1
R55
72
1
73
2
11
0
21
0
41
0.75
7
W0$07
0
TEXT
8
LABEL_INFO
10
1.6
20
-0.1
40
0.889
1
0 0 0 2 0 1
73
2
11
1.6
21
-0.1
41
0.75
7
W0$127
0
TEXT
8
LABEL_ATTRIBUTE
10
1.6
20
-0.1
40
0.889
1
PartType
73
2
11
1.6
21
-0.1
41
0.75
7
W0$127
0
TEXT
8
PART_TYPE_01
10
1.6
20
-0.1
40
0.889
1
R0402
73
3
11
1.6
21
-0.1
41
0.75
7
W0$127
0
TEXT
8
PART_INFO
10
1.6
20
-1.37
40
0.889
1
000000
73
3
11
1.6
21
-1.37
41
0.75
7
W0$127
0
TEXT
8
PART_PTS
10
1.6
20
-2.64
40
0.889
1
1 2 
73
3
11
1.6
21
-2.64
41
0.75
7
W0$127
0
ENDBLK
0
BLOCK
2
PART_TOP_117
8
0
10
0
20
0
3
PART_TOP_117
70
64
0
INSERT
2
SYM_TOP_27
8
0
10
0
20
0
0
INSERT
2
PKG_24
8
0
10
0
20
0
0
TEXT
8
LABEL_INFO
10
0
20
0
40
0.49
1
0 324000000 1 1 0 1
72
1
73
1
11
0
21
0
50
180
41
0.75
7
W0$07
0
TEXT
8
LABEL_ATTRIBUTE
10
0
20
0
40
0.49
1
Ref.Des.
72
1
73
1
11
0
21
0
50
180
41
0.75
7
W0$07
0
TEXT
8
PART_NAME_126
10
0
20
0
40
0.49
1
R6
72
1
73
2
11
0
21
0
50
180
41
0.75
7
W0$07
0
TEXT
8
LABEL_INFO
10
1.6
20
-0.1
40
0.889
1
0 0 0 2 0 1
73
2
11
1.6
21
-0.1
41
0.75
7
W0$127
0
TEXT
8
LABEL_ATTRIBUTE
10
1.6
20
-0.1
40
0.889
1
PartType
73
2
11
1.6
21
-0.1
41
0.75
7
W0$127
0
TEXT
8
PART_TYPE_01
10
1.6
20
-0.1
40
0.889
1
R0402
73
3
11
1.6
21
-0.1
41
0.75
7
W0$127
0
TEXT
8
PART_INFO
10
1.6
20
-1.37
40
0.889
1
000000
73
3
11
1.6
21
-1.37
41
0.75
7
W0$127
0
TEXT
8
PART_PTS
10
1.6
20
-2.64
40
0.889
1
1 2 
73
3
11
1.6
21
-2.64
41
0.75
7
W0$127
0
ENDBLK
0
BLOCK
2
PART_TOP_118
8
0
10
0
20
0
3
PART_TOP_118
70
64
0
INSERT
2
SYM_TOP_27
8
0
10
0
20
0
0
INSERT
2
PKG_24
8
0
10
0
20
0
0
TEXT
8
LABEL_INFO
10
0
20
0
40
0.49
1
0 324000000 1 1 0 1
72
1
73
1
11
0
21
0
50
180
41
0.75
7
W0$07
0
TEXT
8
LABEL_ATTRIBUTE
10
0
20
0
40
0.49
1
Ref.Des.
72
1
73
1
11
0
21
0
50
180
41
0.75
7
W0$07
0
TEXT
8
PART_NAME_126
10
0
20
0
40
0.49
1
R62
72
1
73
2
11
0
21
0
50
180
41
0.75
7
W0$07
0
TEXT
8
LABEL_INFO
10
1.6
20
-0.1
40
0.889
1
0 0 0 2 0 1
73
2
11
1.6
21
-0.1
41
0.75
7
W0$127
0
TEXT
8
LABEL_ATTRIBUTE
10
1.6
20
-0.1
40
0.889
1
PartType
73
2
11
1.6
21
-0.1
41
0.75
7
W0$127
0
TEXT
8
PART_TYPE_01
10
1.6
20
-0.1
40
0.889
1
R0402
73
3
11
1.6
21
-0.1
41
0.75
7
W0$127
0
TEXT
8
PART_INFO
10
1.6
20
-1.37
40
0.889
1
000000
73
3
11
1.6
21
-1.37
41
0.75
7
W0$127
0
TEXT
8
PART_PTS
10
1.6
20
-2.64
40
0.889
1
1 2 
73
3
11
1.6
21
-2.64
41
0.75
7
W0$127
0
ENDBLK
0
BLOCK
2
PART_TOP_119
8
0
10
0
20
0
3
PART_TOP_119
70
64
0
INSERT
2
SYM_TOP_27
8
0
10
0
20
0
0
INSERT
2
PKG_24
8
0
10
0
20
0
0
TEXT
8
LABEL_INFO
10
0
20
0
40
0.49
1
0 324000000 1 1 0 1
72
1
73
1
11
0
21
0
50
180
41
0.75
7
W0$07
0
TEXT
8
LABEL_ATTRIBUTE
10
0
20
0
40
0.49
1
Ref.Des.
72
1
73
1
11
0
21
0
50
180
41
0.75
7
W0$07
0
TEXT
8
PART_NAME_126
10
0
20
0
40
0.49
1
R63
72
1
73
2
11
0
21
0
50
180
41
0.75
7
W0$07
0
TEXT
8
LABEL_INFO
10
1.6
20
-0.1
40
0.889
1
0 0 0 2 0 1
73
2
11
1.6
21
-0.1
41
0.75
7
W0$127
0
TEXT
8
LABEL_ATTRIBUTE
10
1.6
20
-0.1
40
0.889
1
PartType
73
2
11
1.6
21
-0.1
41
0.75
7
W0$127
0
TEXT
8
PART_TYPE_01
10
1.6
20
-0.1
40
0.889
1
R0402
73
3
11
1.6
21
-0.1
41
0.75
7
W0$127
0
TEXT
8
PART_INFO
10
1.6
20
-1.37
40
0.889
1
000000
73
3
11
1.6
21
-1.37
41
0.75
7
W0$127
0
TEXT
8
PART_PTS
10
1.6
20
-2.64
40
0.889
1
1 2 
73
3
11
1.6
21
-2.64
41
0.75
7
W0$127
0
ENDBLK
0
BLOCK
2
PART_TOP_120
8
0
10
0
20
0
3
PART_TOP_120
70
64
0
INSERT
2
SYM_TOP_27
8
0
10
0
20
0
0
INSERT
2
PKG_24
8
0
10
0
20
0
0
TEXT
8
LABEL_INFO
10
0
20
0
40
0.49
1
0 0 1 1 0 1
72
1
73
1
11
0
21
0
41
0.75
7
W0$07
0
TEXT
8
LABEL_ATTRIBUTE
10
0
20
0
40
0.49
1
Ref.Des.
72
1
73
1
11
0
21
0
41
0.75
7
W0$07
0
TEXT
8
PART_NAME_126
10
0
20
0
40
0.49
1
R64
72
1
73
2
11
0
21
0
41
0.75
7
W0$07
0
TEXT
8
LABEL_INFO
10
1.6
20
-0.1
40
0.889
1
0 0 0 2 0 1
73
2
11
1.6
21
-0.1
41
0.75
7
W0$127
0
TEXT
8
LABEL_ATTRIBUTE
10
1.6
20
-0.1
40
0.889
1
PartType
73
2
11
1.6
21
-0.1
41
0.75
7
W0$127
0
TEXT
8
PART_TYPE_01
10
1.6
20
-0.1
40
0.889
1
R0402
73
3
11
1.6
21
-0.1
41
0.75
7
W0$127
0
TEXT
8
PART_INFO
10
1.6
20
-1.37
40
0.889
1
000000
73
3
11
1.6
21
-1.37
41
0.75
7
W0$127
0
TEXT
8
PART_PTS
10
1.6
20
-2.64
40
0.889
1
1 2 
73
3
11
1.6
21
-2.64
41
0.75
7
W0$127
0
ENDBLK
0
BLOCK
2
PART_TOP_121
8
0
10
0
20
0
3
PART_TOP_121
70
64
0
INSERT
2
SYM_TOP_27
8
0
10
0
20
0
0
INSERT
2
PKG_24
8
0
10
0
20
0
0
TEXT
8
LABEL_INFO
10
0
20
0
40
0.49
1
0 324000000 1 1 0 1
72
1
73
1
11
0
21
0
50
180
41
0.75
7
W0$07
0
TEXT
8
LABEL_ATTRIBUTE
10
0
20
0
40
0.49
1
Ref.Des.
72
1
73
1
11
0
21
0
50
180
41
0.75
7
W0$07
0
TEXT
8
PART_NAME_126
10
0
20
0
40
0.49
1
R65
72
1
73
2
11
0
21
0
50
180
41
0.75
7
W0$07
0
TEXT
8
LABEL_INFO
10
1.6
20
-0.1
40
0.889
1
0 0 0 2 0 1
73
2
11
1.6
21
-0.1
41
0.75
7
W0$127
0
TEXT
8
LABEL_ATTRIBUTE
10
1.6
20
-0.1
40
0.889
1
PartType
73
2
11
1.6
21
-0.1
41
0.75
7
W0$127
0
TEXT
8
PART_TYPE_01
10
1.6
20
-0.1
40
0.889
1
R0402
73
3
11
1.6
21
-0.1
41
0.75
7
W0$127
0
TEXT
8
PART_INFO
10
1.6
20
-1.37
40
0.889
1
000000
73
3
11
1.6
21
-1.37
41
0.75
7
W0$127
0
TEXT
8
PART_PTS
10
1.6
20
-2.64
40
0.889
1
1 2 
73
3
11
1.6
21
-2.64
41
0.75
7
W0$127
0
ENDBLK
0
BLOCK
2
PART_TOP_122
8
0
10
0
20
0
3
PART_TOP_122
70
64
0
INSERT
2
SYM_TOP_27
8
0
10
0
20
0
0
INSERT
2
PKG_24
8
0
10
0
20
0
0
TEXT
8
LABEL_INFO
10
0
20
0
40
0.49
1
0 324000000 1 1 0 1
72
1
73
1
11
0
21
0
50
180
41
0.75
7
W0$07
0
TEXT
8
LABEL_ATTRIBUTE
10
0
20
0
40
0.49
1
Ref.Des.
72
1
73
1
11
0
21
0
50
180
41
0.75
7
W0$07
0
TEXT
8
PART_NAME_126
10
0
20
0
40
0.49
1
R66
72
1
73
2
11
0
21
0
50
180
41
0.75
7
W0$07
0
TEXT
8
LABEL_INFO
10
1.6
20
-0.1
40
0.889
1
0 0 0 2 0 1
73
2
11
1.6
21
-0.1
41
0.75
7
W0$127
0
TEXT
8
LABEL_ATTRIBUTE
10
1.6
20
-0.1
40
0.889
1
PartType
73
2
11
1.6
21
-0.1
41
0.75
7
W0$127
0
TEXT
8
PART_TYPE_01
10
1.6
20
-0.1
40
0.889
1
R0402
73
3
11
1.6
21
-0.1
41
0.75
7
W0$127
0
TEXT
8
PART_INFO
10
1.6
20
-1.37
40
0.889
1
000000
73
3
11
1.6
21
-1.37
41
0.75
7
W0$127
0
TEXT
8
PART_PTS
10
1.6
20
-2.64
40
0.889
1
1 2 
73
3
11
1.6
21
-2.64
41
0.75
7
W0$127
0
ENDBLK
0
BLOCK
2
PART_TOP_123
8
0
10
0
20
0
3
PART_TOP_123
70
64
0
INSERT
2
SYM_TOP_27
8
0
10
0
20
0
0
INSERT
2
PKG_24
8
0
10
0
20
0
0
TEXT
8
LABEL_INFO
10
0
20
0
40
0.49
1
0 0 1 1 0 1
72
1
73
1
11
0
21
0
41
0.75
7
W0$07
0
TEXT
8
LABEL_ATTRIBUTE
10
0
20
0
40
0.49
1
Ref.Des.
72
1
73
1
11
0
21
0
41
0.75
7
W0$07
0
TEXT
8
PART_NAME_126
10
0
20
0
40
0.49
1
R67
72
1
73
2
11
0
21
0
41
0.75
7
W0$07
0
TEXT
8
LABEL_INFO
10
1.6
20
-0.1
40
0.889
1
0 0 0 2 0 1
73
2
11
1.6
21
-0.1
41
0.75
7
W0$127
0
TEXT
8
LABEL_ATTRIBUTE
10
1.6
20
-0.1
40
0.889
1
PartType
73
2
11
1.6
21
-0.1
41
0.75
7
W0$127
0
TEXT
8
PART_TYPE_01
10
1.6
20
-0.1
40
0.889
1
R0402
73
3
11
1.6
21
-0.1
41
0.75
7
W0$127
0
TEXT
8
PART_INFO
10
1.6
20
-1.37
40
0.889
1
000000
73
3
11
1.6
21
-1.37
41
0.75
7
W0$127
0
TEXT
8
PART_PTS
10
1.6
20
-2.64
40
0.889
1
1 2 
73
3
11
1.6
21
-2.64
41
0.75
7
W0$127
0
ENDBLK
0
BLOCK
2
PART_TOP_124
8
0
10
0
20
0
3
PART_TOP_124
70
64
0
INSERT
2
SYM_TOP_27
8
0
10
0
20
0
0
INSERT
2
PKG_24
8
0
10
0
20
0
0
TEXT
8
LABEL_INFO
10
0
20
0
40
0.49
1
0 0 1 1 0 1
72
1
73
1
11
0
21
0
41
0.75
7
W0$07
0
TEXT
8
LABEL_ATTRIBUTE
10
0
20
0
40
0.49
1
Ref.Des.
72
1
73
1
11
0
21
0
41
0.75
7
W0$07
0
TEXT
8
PART_NAME_126
10
0
20
0
40
0.49
1
R68
72
1
73
2
11
0
21
0
41
0.75
7
W0$07
0
TEXT
8
LABEL_INFO
10
1.6
20
-0.1
40
0.889
1
0 0 0 2 0 1
73
2
11
1.6
21
-0.1
41
0.75
7
W0$127
0
TEXT
8
LABEL_ATTRIBUTE
10
1.6
20
-0.1
40
0.889
1
PartType
73
2
11
1.6
21
-0.1
41
0.75
7
W0$127
0
TEXT
8
PART_TYPE_01
10
1.6
20
-0.1
40
0.889
1
R0402
73
3
11
1.6
21
-0.1
41
0.75
7
W0$127
0
TEXT
8
PART_INFO
10
1.6
20
-1.37
40
0.889
1
000000
73
3
11
1.6
21
-1.37
41
0.75
7
W0$127
0
TEXT
8
PART_PTS
10
1.6
20
-2.64
40
0.889
1
1 2 
73
3
11
1.6
21
-2.64
41
0.75
7
W0$127
0
ENDBLK
0
BLOCK
2
PART_TOP_125
8
0
10
0
20
0
3
PART_TOP_125
70
64
0
INSERT
2
SYM_TOP_27
8
0
10
0
20
0
0
INSERT
2
PKG_24
8
0
10
0
20
0
0
TEXT
8
LABEL_INFO
10
0
20
0
40
0.49
1
0 0 1 1 0 1
72
1
73
1
11
0
21
0
41
0.75
7
W0$07
0
TEXT
8
LABEL_ATTRIBUTE
10
0
20
0
40
0.49
1
Ref.Des.
72
1
73
1
11
0
21
0
41
0.75
7
W0$07
0
TEXT
8
PART_NAME_126
10
0
20
0
40
0.49
1
R69
72
1
73
2
11
0
21
0
41
0.75
7
W0$07
0
TEXT
8
LABEL_INFO
10
1.6
20
-0.1
40
0.889
1
0 0 0 2 0 1
73
2
11
1.6
21
-0.1
41
0.75
7
W0$127
0
TEXT
8
LABEL_ATTRIBUTE
10
1.6
20
-0.1
40
0.889
1
PartType
73
2
11
1.6
21
-0.1
41
0.75
7
W0$127
0
TEXT
8
PART_TYPE_01
10
1.6
20
-0.1
40
0.889
1
R0402
73
3
11
1.6
21
-0.1
41
0.75
7
W0$127
0
TEXT
8
PART_INFO
10
1.6
20
-1.37
40
0.889
1
000000
73
3
11
1.6
21
-1.37
41
0.75
7
W0$127
0
TEXT
8
PART_PTS
10
1.6
20
-2.64
40
0.889
1
1 2 
73
3
11
1.6
21
-2.64
41
0.75
7
W0$127
0
ENDBLK
0
BLOCK
2
PART_TOP_126
8
0
10
0
20
0
3
PART_TOP_126
70
64
0
INSERT
2
SYM_TOP_27
8
0
10
0
20
0
0
INSERT
2
PKG_24
8
0
10
0
20
0
0
TEXT
8
LABEL_INFO
10
0
20
0
40
0.49
1
0 324000000 1 1 0 1
72
1
73
1
11
0
21
0
50
180
41
0.75
7
W0$07
0
TEXT
8
LABEL_ATTRIBUTE
10
0
20
0
40
0.49
1
Ref.Des.
72
1
73
1
11
0
21
0
50
180
41
0.75
7
W0$07
0
TEXT
8
PART_NAME_126
10
0
20
0
40
0.49
1
R7
72
1
73
2
11
0
21
0
50
180
41
0.75
7
W0$07
0
TEXT
8
LABEL_INFO
10
1.6
20
-0.1
40
0.889
1
0 0 0 2 0 1
73
2
11
1.6
21
-0.1
41
0.75
7
W0$127
0
TEXT
8
LABEL_ATTRIBUTE
10
1.6
20
-0.1
40
0.889
1
PartType
73
2
11
1.6
21
-0.1
41
0.75
7
W0$127
0
TEXT
8
PART_TYPE_01
10
1.6
20
-0.1
40
0.889
1
R0402
73
3
11
1.6
21
-0.1
41
0.75
7
W0$127
0
TEXT
8
PART_INFO
10
1.6
20
-1.37
40
0.889
1
000000
73
3
11
1.6
21
-1.37
41
0.75
7
W0$127
0
TEXT
8
PART_PTS
10
1.6
20
-2.64
40
0.889
1
1 2 
73
3
11
1.6
21
-2.64
41
0.75
7
W0$127
0
ENDBLK
0
BLOCK
2
PART_TOP_127
8
0
10
0
20
0
3
PART_TOP_127
70
64
0
INSERT
2
SYM_TOP_27
8
0
10
0
20
0
0
INSERT
2
PKG_24
8
0
10
0
20
0
0
TEXT
8
LABEL_INFO
10
0
20
0
40
0.49
1
0 0 1 1 0 1
72
1
73
1
11
0
21
0
41
0.75
7
W0$07
0
TEXT
8
LABEL_ATTRIBUTE
10
0
20
0
40
0.49
1
Ref.Des.
72
1
73
1
11
0
21
0
41
0.75
7
W0$07
0
TEXT
8
PART_NAME_126
10
0
20
0
40
0.49
1
R70
72
1
73
2
11
0
21
0
41
0.75
7
W0$07
0
TEXT
8
LABEL_INFO
10
1.6
20
-0.1
40
0.889
1
0 0 0 2 0 1
73
2
11
1.6
21
-0.1
41
0.75
7
W0$127
0
TEXT
8
LABEL_ATTRIBUTE
10
1.6
20
-0.1
40
0.889
1
PartType
73
2
11
1.6
21
-0.1
41
0.75
7
W0$127
0
TEXT
8
PART_TYPE_01
10
1.6
20
-0.1
40
0.889
1
R0402
73
3
11
1.6
21
-0.1
41
0.75
7
W0$127
0
TEXT
8
PART_INFO
10
1.6
20
-1.37
40
0.889
1
000000
73
3
11
1.6
21
-1.37
41
0.75
7
W0$127
0
TEXT
8
PART_PTS
10
1.6
20
-2.64
40
0.889
1
1 2 
73
3
11
1.6
21
-2.64
41
0.75
7
W0$127
0
ENDBLK
0
BLOCK
2
PART_TOP_128
8
0
10
0
20
0
3
PART_TOP_128
70
64
0
INSERT
2
SYM_TOP_27
8
0
10
0
20
0
0
INSERT
2
PKG_24
8
0
10
0
20
0
0
TEXT
8
LABEL_INFO
10
0
20
0
40
0.49
1
0 0 1 1 0 1
72
1
73
1
11
0
21
0
41
0.75
7
W0$07
0
TEXT
8
LABEL_ATTRIBUTE
10
0
20
0
40
0.49
1
Ref.Des.
72
1
73
1
11
0
21
0
41
0.75
7
W0$07
0
TEXT
8
PART_NAME_126
10
0
20
0
40
0.49
1
R71
72
1
73
2
11
0
21
0
41
0.75
7
W0$07
0
TEXT
8
LABEL_INFO
10
1.6
20
-0.1
40
0.889
1
0 0 0 2 0 1
73
2
11
1.6
21
-0.1
41
0.75
7
W0$127
0
TEXT
8
LABEL_ATTRIBUTE
10
1.6
20
-0.1
40
0.889
1
PartType
73
2
11
1.6
21
-0.1
41
0.75
7
W0$127
0
TEXT
8
PART_TYPE_01
10
1.6
20
-0.1
40
0.889
1
R0402
73
3
11
1.6
21
-0.1
41
0.75
7
W0$127
0
TEXT
8
PART_INFO
10
1.6
20
-1.37
40
0.889
1
000000
73
3
11
1.6
21
-1.37
41
0.75
7
W0$127
0
TEXT
8
PART_PTS
10
1.6
20
-2.64
40
0.889
1
1 2 
73
3
11
1.6
21
-2.64
41
0.75
7
W0$127
0
ENDBLK
0
BLOCK
2
PART_TOP_129
8
0
10
0
20
0
3
PART_TOP_129
70
64
0
INSERT
2
SYM_TOP_27
8
0
10
0
20
0
0
INSERT
2
PKG_24
8
0
10
0
20
0
0
TEXT
8
LABEL_INFO
10
0
20
0
40
0.49
1
0 324000000 1 1 0 1
72
1
73
1
11
0
21
0
50
180
41
0.75
7
W0$07
0
TEXT
8
LABEL_ATTRIBUTE
10
0
20
0
40
0.49
1
Ref.Des.
72
1
73
1
11
0
21
0
50
180
41
0.75
7
W0$07
0
TEXT
8
PART_NAME_126
10
0
20
0
40
0.49
1
R72
72
1
73
2
11
0
21
0
50
180
41
0.75
7
W0$07
0
TEXT
8
LABEL_INFO
10
1.6
20
-0.1
40
0.889
1
0 0 0 2 0 1
73
2
11
1.6
21
-0.1
41
0.75
7
W0$127
0
TEXT
8
LABEL_ATTRIBUTE
10
1.6
20
-0.1
40
0.889
1
PartType
73
2
11
1.6
21
-0.1
41
0.75
7
W0$127
0
TEXT
8
PART_TYPE_01
10
1.6
20
-0.1
40
0.889
1
R0402
73
3
11
1.6
21
-0.1
41
0.75
7
W0$127
0
TEXT
8
PART_INFO
10
1.6
20
-1.37
40
0.889
1
000000
73
3
11
1.6
21
-1.37
41
0.75
7
W0$127
0
TEXT
8
PART_PTS
10
1.6
20
-2.64
40
0.889
1
1 2 
73
3
11
1.6
21
-2.64
41
0.75
7
W0$127
0
ENDBLK
0
BLOCK
2
PART_TOP_130
8
0
10
0
20
0
3
PART_TOP_130
70
64
0
INSERT
2
SYM_TOP_27
8
0
10
0
20
0
0
INSERT
2
PKG_24
8
0
10
0
20
0
0
TEXT
8
LABEL_INFO
10
0
20
0
40
0.49
1
0 0 1 1 0 1
72
1
73
1
11
0
21
0
41
0.75
7
W0$07
0
TEXT
8
LABEL_ATTRIBUTE
10
0
20
0
40
0.49
1
Ref.Des.
72
1
73
1
11
0
21
0
41
0.75
7
W0$07
0
TEXT
8
PART_NAME_126
10
0
20
0
40
0.49
1
R73
72
1
73
2
11
0
21
0
41
0.75
7
W0$07
0
TEXT
8
LABEL_INFO
10
1.6
20
-0.1
40
0.889
1
0 0 0 2 0 1
73
2
11
1.6
21
-0.1
41
0.75
7
W0$127
0
TEXT
8
LABEL_ATTRIBUTE
10
1.6
20
-0.1
40
0.889
1
PartType
73
2
11
1.6
21
-0.1
41
0.75
7
W0$127
0
TEXT
8
PART_TYPE_01
10
1.6
20
-0.1
40
0.889
1
R0402
73
3
11
1.6
21
-0.1
41
0.75
7
W0$127
0
TEXT
8
PART_INFO
10
1.6
20
-1.37
40
0.889
1
000000
73
3
11
1.6
21
-1.37
41
0.75
7
W0$127
0
TEXT
8
PART_PTS
10
1.6
20
-2.64
40
0.889
1
1 2 
73
3
11
1.6
21
-2.64
41
0.75
7
W0$127
0
ENDBLK
0
BLOCK
2
PART_TOP_131
8
0
10
0
20
0
3
PART_TOP_131
70
64
0
INSERT
2
SYM_TOP_27
8
0
10
0
20
0
0
INSERT
2
PKG_24
8
0
10
0
20
0
0
TEXT
8
LABEL_INFO
10
0
20
0
40
0.49
1
0 324000000 1 1 0 1
72
1
73
1
11
0
21
0
50
180
41
0.75
7
W0$07
0
TEXT
8
LABEL_ATTRIBUTE
10
0
20
0
40
0.49
1
Ref.Des.
72
1
73
1
11
0
21
0
50
180
41
0.75
7
W0$07
0
TEXT
8
PART_NAME_126
10
0
20
0
40
0.49
1
R74
72
1
73
2
11
0
21
0
50
180
41
0.75
7
W0$07
0
TEXT
8
LABEL_INFO
10
1.6
20
-0.1
40
0.889
1
0 0 0 2 0 1
73
2
11
1.6
21
-0.1
41
0.75
7
W0$127
0
TEXT
8
LABEL_ATTRIBUTE
10
1.6
20
-0.1
40
0.889
1
PartType
73
2
11
1.6
21
-0.1
41
0.75
7
W0$127
0
TEXT
8
PART_TYPE_01
10
1.6
20
-0.1
40
0.889
1
R0402
73
3
11
1.6
21
-0.1
41
0.75
7
W0$127
0
TEXT
8
PART_INFO
10
1.6
20
-1.37
40
0.889
1
000000
73
3
11
1.6
21
-1.37
41
0.75
7
W0$127
0
TEXT
8
PART_PTS
10
1.6
20
-2.64
40
0.889
1
1 2 
73
3
11
1.6
21
-2.64
41
0.75
7
W0$127
0
ENDBLK
0
BLOCK
2
PART_TOP_132
8
0
10
0
20
0
3
PART_TOP_132
70
64
0
INSERT
2
SYM_TOP_27
8
0
10
0
20
0
0
INSERT
2
PKG_24
8
0
10
0
20
0
0
TEXT
8
LABEL_INFO
10
0
20
0
40
0.49
1
0 0 1 1 0 1
72
1
73
1
11
0
21
0
41
0.75
7
W0$07
0
TEXT
8
LABEL_ATTRIBUTE
10
0
20
0
40
0.49
1
Ref.Des.
72
1
73
1
11
0
21
0
41
0.75
7
W0$07
0
TEXT
8
PART_NAME_126
10
0
20
0
40
0.49
1
R75
72
1
73
2
11
0
21
0
41
0.75
7
W0$07
0
TEXT
8
LABEL_INFO
10
1.6
20
-0.1
40
0.889
1
0 0 0 2 0 1
73
2
11
1.6
21
-0.1
41
0.75
7
W0$127
0
TEXT
8
LABEL_ATTRIBUTE
10
1.6
20
-0.1
40
0.889
1
PartType
73
2
11
1.6
21
-0.1
41
0.75
7
W0$127
0
TEXT
8
PART_TYPE_01
10
1.6
20
-0.1
40
0.889
1
R0402
73
3
11
1.6
21
-0.1
41
0.75
7
W0$127
0
TEXT
8
PART_INFO
10
1.6
20
-1.37
40
0.889
1
000000
73
3
11
1.6
21
-1.37
41
0.75
7
W0$127
0
TEXT
8
PART_PTS
10
1.6
20
-2.64
40
0.889
1
1 2 
73
3
11
1.6
21
-2.64
41
0.75
7
W0$127
0
ENDBLK
0
BLOCK
2
PART_TOP_133
8
0
10
0
20
0
3
PART_TOP_133
70
64
0
INSERT
2
SYM_TOP_27
8
0
10
0
20
0
0
INSERT
2
PKG_24
8
0
10
0
20
0
0
TEXT
8
LABEL_INFO
10
0
20
0
40
0.49
1
0 0 1 1 0 1
72
1
73
1
11
0
21
0
41
0.75
7
W0$07
0
TEXT
8
LABEL_ATTRIBUTE
10
0
20
0
40
0.49
1
Ref.Des.
72
1
73
1
11
0
21
0
41
0.75
7
W0$07
0
TEXT
8
PART_NAME_126
10
0
20
0
40
0.49
1
R76
72
1
73
2
11
0
21
0
41
0.75
7
W0$07
0
TEXT
8
LABEL_INFO
10
1.6
20
-0.1
40
0.889
1
0 0 0 2 0 1
73
2
11
1.6
21
-0.1
41
0.75
7
W0$127
0
TEXT
8
LABEL_ATTRIBUTE
10
1.6
20
-0.1
40
0.889
1
PartType
73
2
11
1.6
21
-0.1
41
0.75
7
W0$127
0
TEXT
8
PART_TYPE_01
10
1.6
20
-0.1
40
0.889
1
R0402
73
3
11
1.6
21
-0.1
41
0.75
7
W0$127
0
TEXT
8
PART_INFO
10
1.6
20
-1.37
40
0.889
1
000000
73
3
11
1.6
21
-1.37
41
0.75
7
W0$127
0
TEXT
8
PART_PTS
10
1.6
20
-2.64
40
0.889
1
1 2 
73
3
11
1.6
21
-2.64
41
0.75
7
W0$127
0
ENDBLK
0
BLOCK
2
PART_TOP_134
8
0
10
0
20
0
3
PART_TOP_134
70
64
0
INSERT
2
SYM_TOP_27
8
0
10
0
20
0
0
INSERT
2
PKG_24
8
0
10
0
20
0
0
TEXT
8
LABEL_INFO
10
0
20
0
40
0.49
1
0 0 1 1 0 1
72
1
73
1
11
0
21
0
41
0.75
7
W0$07
0
TEXT
8
LABEL_ATTRIBUTE
10
0
20
0
40
0.49
1
Ref.Des.
72
1
73
1
11
0
21
0
41
0.75
7
W0$07
0
TEXT
8
PART_NAME_126
10
0
20
0
40
0.49
1
R77
72
1
73
2
11
0
21
0
41
0.75
7
W0$07
0
TEXT
8
LABEL_INFO
10
1.6
20
-0.1
40
0.889
1
0 0 0 2 0 1
73
2
11
1.6
21
-0.1
41
0.75
7
W0$127
0
TEXT
8
LABEL_ATTRIBUTE
10
1.6
20
-0.1
40
0.889
1
PartType
73
2
11
1.6
21
-0.1
41
0.75
7
W0$127
0
TEXT
8
PART_TYPE_01
10
1.6
20
-0.1
40
0.889
1
R0402
73
3
11
1.6
21
-0.1
41
0.75
7
W0$127
0
TEXT
8
PART_INFO
10
1.6
20
-1.37
40
0.889
1
000000
73
3
11
1.6
21
-1.37
41
0.75
7
W0$127
0
TEXT
8
PART_PTS
10
1.6
20
-2.64
40
0.889
1
1 2 
73
3
11
1.6
21
-2.64
41
0.75
7
W0$127
0
ENDBLK
0
BLOCK
2
PART_TOP_135
8
0
10
0
20
0
3
PART_TOP_135
70
64
0
INSERT
2
SYM_TOP_27
8
0
10
0
20
0
0
INSERT
2
PKG_24
8
0
10
0
20
0
0
TEXT
8
LABEL_INFO
10
0
20
0
40
0.49
1
0 324000000 1 1 0 1
72
1
73
1
11
0
21
0
50
180
41
0.75
7
W0$07
0
TEXT
8
LABEL_ATTRIBUTE
10
0
20
0
40
0.49
1
Ref.Des.
72
1
73
1
11
0
21
0
50
180
41
0.75
7
W0$07
0
TEXT
8
PART_NAME_126
10
0
20
0
40
0.49
1
R78
72
1
73
2
11
0
21
0
50
180
41
0.75
7
W0$07
0
TEXT
8
LABEL_INFO
10
1.6
20
-0.1
40
0.889
1
0 0 0 2 0 1
73
2
11
1.6
21
-0.1
41
0.75
7
W0$127
0
TEXT
8
LABEL_ATTRIBUTE
10
1.6
20
-0.1
40
0.889
1
PartType
73
2
11
1.6
21
-0.1
41
0.75
7
W0$127
0
TEXT
8
PART_TYPE_01
10
1.6
20
-0.1
40
0.889
1
R0402
73
3
11
1.6
21
-0.1
41
0.75
7
W0$127
0
TEXT
8
PART_INFO
10
1.6
20
-1.37
40
0.889
1
000000
73
3
11
1.6
21
-1.37
41
0.75
7
W0$127
0
TEXT
8
PART_PTS
10
1.6
20
-2.64
40
0.889
1
1 2 
73
3
11
1.6
21
-2.64
41
0.75
7
W0$127
0
ENDBLK
0
BLOCK
2
PART_TOP_136
8
0
10
0
20
0
3
PART_TOP_136
70
64
0
INSERT
2
SYM_TOP_27
8
0
10
0
20
0
0
INSERT
2
PKG_24
8
0
10
0
20
0
0
TEXT
8
LABEL_INFO
10
0
20
0
40
0.49
1
0 0 1 1 0 1
72
1
73
1
11
0
21
0
41
0.75
7
W0$07
0
TEXT
8
LABEL_ATTRIBUTE
10
0
20
0
40
0.49
1
Ref.Des.
72
1
73
1
11
0
21
0
41
0.75
7
W0$07
0
TEXT
8
PART_NAME_126
10
0
20
0
40
0.49
1
R79
72
1
73
2
11
0
21
0
41
0.75
7
W0$07
0
TEXT
8
LABEL_INFO
10
1.6
20
-0.1
40
0.889
1
0 0 0 2 0 1
73
2
11
1.6
21
-0.1
41
0.75
7
W0$127
0
TEXT
8
LABEL_ATTRIBUTE
10
1.6
20
-0.1
40
0.889
1
PartType
73
2
11
1.6
21
-0.1
41
0.75
7
W0$127
0
TEXT
8
PART_TYPE_01
10
1.6
20
-0.1
40
0.889
1
R0402
73
3
11
1.6
21
-0.1
41
0.75
7
W0$127
0
TEXT
8
PART_INFO
10
1.6
20
-1.37
40
0.889
1
000000
73
3
11
1.6
21
-1.37
41
0.75
7
W0$127
0
TEXT
8
PART_PTS
10
1.6
20
-2.64
40
0.889
1
1 2 
73
3
11
1.6
21
-2.64
41
0.75
7
W0$127
0
ENDBLK
0
BLOCK
2
PART_TOP_137
8
0
10
0
20
0
3
PART_TOP_137
70
64
0
INSERT
2
SYM_TOP_27
8
0
10
0
20
0
0
INSERT
2
PKG_24
8
0
10
0
20
0
0
TEXT
8
LABEL_INFO
10
0
20
0
40
0.49
1
0 324000000 1 1 0 1
72
1
73
1
11
0
21
0
50
180
41
0.75
7
W0$07
0
TEXT
8
LABEL_ATTRIBUTE
10
0
20
0
40
0.49
1
Ref.Des.
72
1
73
1
11
0
21
0
50
180
41
0.75
7
W0$07
0
TEXT
8
PART_NAME_126
10
0
20
0
40
0.49
1
R8
72
1
73
2
11
0
21
0
50
180
41
0.75
7
W0$07
0
TEXT
8
LABEL_INFO
10
1.6
20
-0.1
40
0.889
1
0 0 0 2 0 1
73
2
11
1.6
21
-0.1
41
0.75
7
W0$127
0
TEXT
8
LABEL_ATTRIBUTE
10
1.6
20
-0.1
40
0.889
1
PartType
73
2
11
1.6
21
-0.1
41
0.75
7
W0$127
0
TEXT
8
PART_TYPE_01
10
1.6
20
-0.1
40
0.889
1
R0402
73
3
11
1.6
21
-0.1
41
0.75
7
W0$127
0
TEXT
8
PART_INFO
10
1.6
20
-1.37
40
0.889
1
000000
73
3
11
1.6
21
-1.37
41
0.75
7
W0$127
0
TEXT
8
PART_PTS
10
1.6
20
-2.64
40
0.889
1
1 2 
73
3
11
1.6
21
-2.64
41
0.75
7
W0$127
0
ENDBLK
0
BLOCK
2
PART_TOP_138
8
0
10
0
20
0
3
PART_TOP_138
70
64
0
INSERT
2
SYM_TOP_27
8
0
10
0
20
0
0
INSERT
2
PKG_24
8
0
10
0
20
0
0
TEXT
8
LABEL_INFO
10
0
20
0
40
0.49
1
0 0 1 1 0 1
72
1
73
1
11
0
21
0
41
0.75
7
W0$07
0
TEXT
8
LABEL_ATTRIBUTE
10
0
20
0
40
0.49
1
Ref.Des.
72
1
73
1
11
0
21
0
41
0.75
7
W0$07
0
TEXT
8
PART_NAME_126
10
0
20
0
40
0.49
1
R80
72
1
73
2
11
0
21
0
41
0.75
7
W0$07
0
TEXT
8
LABEL_INFO
10
1.6
20
-0.1
40
0.889
1
0 0 0 2 0 1
73
2
11
1.6
21
-0.1
41
0.75
7
W0$127
0
TEXT
8
LABEL_ATTRIBUTE
10
1.6
20
-0.1
40
0.889
1
PartType
73
2
11
1.6
21
-0.1
41
0.75
7
W0$127
0
TEXT
8
PART_TYPE_01
10
1.6
20
-0.1
40
0.889
1
R0402
73
3
11
1.6
21
-0.1
41
0.75
7
W0$127
0
TEXT
8
PART_INFO
10
1.6
20
-1.37
40
0.889
1
000000
73
3
11
1.6
21
-1.37
41
0.75
7
W0$127
0
TEXT
8
PART_PTS
10
1.6
20
-2.64
40
0.889
1
1 2 
73
3
11
1.6
21
-2.64
41
0.75
7
W0$127
0
ENDBLK
0
BLOCK
2
PART_TOP_139
8
0
10
0
20
0
3
PART_TOP_139
70
64
0
INSERT
2
SYM_TOP_27
8
0
10
0
20
0
0
INSERT
2
PKG_24
8
0
10
0
20
0
0
TEXT
8
LABEL_INFO
10
0
20
0
40
0.49
1
0 0 1 1 0 1
72
1
73
1
11
0
21
0
41
0.75
7
W0$07
0
TEXT
8
LABEL_ATTRIBUTE
10
0
20
0
40
0.49
1
Ref.Des.
72
1
73
1
11
0
21
0
41
0.75
7
W0$07
0
TEXT
8
PART_NAME_126
10
0
20
0
40
0.49
1
R81
72
1
73
2
11
0
21
0
41
0.75
7
W0$07
0
TEXT
8
LABEL_INFO
10
1.6
20
-0.1
40
0.889
1
0 0 0 2 0 1
73
2
11
1.6
21
-0.1
41
0.75
7
W0$127
0
TEXT
8
LABEL_ATTRIBUTE
10
1.6
20
-0.1
40
0.889
1
PartType
73
2
11
1.6
21
-0.1
41
0.75
7
W0$127
0
TEXT
8
PART_TYPE_01
10
1.6
20
-0.1
40
0.889
1
R0402
73
3
11
1.6
21
-0.1
41
0.75
7
W0$127
0
TEXT
8
PART_INFO
10
1.6
20
-1.37
40
0.889
1
000000
73
3
11
1.6
21
-1.37
41
0.75
7
W0$127
0
TEXT
8
PART_PTS
10
1.6
20
-2.64
40
0.889
1
1 2 
73
3
11
1.6
21
-2.64
41
0.75
7
W0$127
0
ENDBLK
0
BLOCK
2
PART_TOP_140
8
0
10
0
20
0
3
PART_TOP_140
70
64
0
INSERT
2
SYM_TOP_27
8
0
10
0
20
0
0
INSERT
2
PKG_24
8
0
10
0
20
0
0
TEXT
8
LABEL_INFO
10
0
20
0
40
0.49
1
0 324000000 1 1 0 1
72
1
73
1
11
0
21
0
50
180
41
0.75
7
W0$07
0
TEXT
8
LABEL_ATTRIBUTE
10
0
20
0
40
0.49
1
Ref.Des.
72
1
73
1
11
0
21
0
50
180
41
0.75
7
W0$07
0
TEXT
8
PART_NAME_126
10
0
20
0
40
0.49
1
R82
72
1
73
2
11
0
21
0
50
180
41
0.75
7
W0$07
0
TEXT
8
LABEL_INFO
10
1.6
20
-0.1
40
0.889
1
0 0 0 2 0 1
73
2
11
1.6
21
-0.1
41
0.75
7
W0$127
0
TEXT
8
LABEL_ATTRIBUTE
10
1.6
20
-0.1
40
0.889
1
PartType
73
2
11
1.6
21
-0.1
41
0.75
7
W0$127
0
TEXT
8
PART_TYPE_01
10
1.6
20
-0.1
40
0.889
1
R0402
73
3
11
1.6
21
-0.1
41
0.75
7
W0$127
0
TEXT
8
PART_INFO
10
1.6
20
-1.37
40
0.889
1
000000
73
3
11
1.6
21
-1.37
41
0.75
7
W0$127
0
TEXT
8
PART_PTS
10
1.6
20
-2.64
40
0.889
1
1 2 
73
3
11
1.6
21
-2.64
41
0.75
7
W0$127
0
ENDBLK
0
BLOCK
2
PART_TOP_141
8
0
10
0
20
0
3
PART_TOP_141
70
64
0
INSERT
2
SYM_TOP_27
8
0
10
0
20
0
0
INSERT
2
PKG_24
8
0
10
0
20
0
0
TEXT
8
LABEL_INFO
10
0
20
0
40
0.49
1
0 0 1 1 0 1
72
1
73
1
11
0
21
0
41
0.75
7
W0$07
0
TEXT
8
LABEL_ATTRIBUTE
10
0
20
0
40
0.49
1
Ref.Des.
72
1
73
1
11
0
21
0
41
0.75
7
W0$07
0
TEXT
8
PART_NAME_126
10
0
20
0
40
0.49
1
R83
72
1
73
2
11
0
21
0
41
0.75
7
W0$07
0
TEXT
8
LABEL_INFO
10
1.6
20
-0.1
40
0.889
1
0 0 0 2 0 1
73
2
11
1.6
21
-0.1
41
0.75
7
W0$127
0
TEXT
8
LABEL_ATTRIBUTE
10
1.6
20
-0.1
40
0.889
1
PartType
73
2
11
1.6
21
-0.1
41
0.75
7
W0$127
0
TEXT
8
PART_TYPE_01
10
1.6
20
-0.1
40
0.889
1
R0402
73
3
11
1.6
21
-0.1
41
0.75
7
W0$127
0
TEXT
8
PART_INFO
10
1.6
20
-1.37
40
0.889
1
000000
73
3
11
1.6
21
-1.37
41
0.75
7
W0$127
0
TEXT
8
PART_PTS
10
1.6
20
-2.64
40
0.889
1
1 2 
73
3
11
1.6
21
-2.64
41
0.75
7
W0$127
0
ENDBLK
0
BLOCK
2
PART_TOP_142
8
0
10
0
20
0
3
PART_TOP_142
70
64
0
INSERT
2
SYM_TOP_27
8
0
10
0
20
0
0
INSERT
2
PKG_24
8
0
10
0
20
0
0
TEXT
8
LABEL_INFO
10
0
20
0
40
0.49
1
0 324000000 1 1 0 1
72
1
73
1
11
0
21
0
50
180
41
0.75
7
W0$07
0
TEXT
8
LABEL_ATTRIBUTE
10
0
20
0
40
0.49
1
Ref.Des.
72
1
73
1
11
0
21
0
50
180
41
0.75
7
W0$07
0
TEXT
8
PART_NAME_126
10
0
20
0
40
0.49
1
R9
72
1
73
2
11
0
21
0
50
180
41
0.75
7
W0$07
0
TEXT
8
LABEL_INFO
10
1.6
20
-0.1
40
0.889
1
0 0 0 2 0 1
73
2
11
1.6
21
-0.1
41
0.75
7
W0$127
0
TEXT
8
LABEL_ATTRIBUTE
10
1.6
20
-0.1
40
0.889
1
PartType
73
2
11
1.6
21
-0.1
41
0.75
7
W0$127
0
TEXT
8
PART_TYPE_01
10
1.6
20
-0.1
40
0.889
1
R0402
73
3
11
1.6
21
-0.1
41
0.75
7
W0$127
0
TEXT
8
PART_INFO
10
1.6
20
-1.37
40
0.889
1
000000
73
3
11
1.6
21
-1.37
41
0.75
7
W0$127
0
TEXT
8
PART_PTS
10
1.6
20
-2.64
40
0.889
1
1 2 
73
3
11
1.6
21
-2.64
41
0.75
7
W0$127
0
ENDBLK
0
BLOCK
2
PART_TOP_143
8
0
10
0
20
0
3
PART_TOP_143
70
64
0
INSERT
2
SYM_TOP_27
8
0
10
0
20
0
0
INSERT
2
PKG_24
8
0
10
0
20
0
0
TEXT
8
LABEL_INFO
10
0
20
0
40
0.49
1
0 0 1 1 0 1
72
1
73
1
11
0
21
0
41
0.75
7
W0$07
0
TEXT
8
LABEL_ATTRIBUTE
10
0
20
0
40
0.49
1
Ref.Des.
72
1
73
1
11
0
21
0
41
0.75
7
W0$07
0
TEXT
8
PART_NAME_126
10
0
20
0
40
0.49
1
R51
72
1
73
2
11
0
21
0
41
0.75
7
W0$07
0
TEXT
8
LABEL_INFO
10
1.6
20
-0.1
40
0.889
1
0 0 0 2 0 1
73
2
11
1.6
21
-0.1
41
0.75
7
W0$127
0
TEXT
8
LABEL_ATTRIBUTE
10
1.6
20
-0.1
40
0.889
1
PartType
73
2
11
1.6
21
-0.1
41
0.75
7
W0$127
0
TEXT
8
PART_TYPE_01
10
1.6
20
-0.1
40
0.889
1
R0402
73
3
11
1.6
21
-0.1
41
0.75
7
W0$127
0
TEXT
8
PART_INFO
10
1.6
20
-1.37
40
0.889
1
000000
73
3
11
1.6
21
-1.37
41
0.75
7
W0$127
0
TEXT
8
PART_PTS
10
1.6
20
-2.64
40
0.889
1
1 2 
73
3
11
1.6
21
-2.64
41
0.75
7
W0$127
0
ENDBLK
0
BLOCK
2
PART_TOP_144
8
0
10
0
20
0
3
PART_TOP_144
70
64
0
INSERT
2
SYM_TOP_27
8
0
10
0
20
0
0
INSERT
2
PKG_24
8
0
10
0
20
0
0
TEXT
8
LABEL_INFO
10
0
20
0
40
0.49
1
0 0 1 1 0 1
72
1
73
1
11
0
21
0
41
0.75
7
W0$07
0
TEXT
8
LABEL_ATTRIBUTE
10
0
20
0
40
0.49
1
Ref.Des.
72
1
73
1
11
0
21
0
41
0.75
7
W0$07
0
TEXT
8
PART_NAME_126
10
0
20
0
40
0.49
1
RD1
72
1
73
2
11
0
21
0
41
0.75
7
W0$07
0
TEXT
8
LABEL_INFO
10
1.6
20
-0.1
40
0.889
1
0 0 0 2 0 1
73
2
11
1.6
21
-0.1
41
0.75
7
W0$127
0
TEXT
8
LABEL_ATTRIBUTE
10
1.6
20
-0.1
40
0.889
1
PartType
73
2
11
1.6
21
-0.1
41
0.75
7
W0$127
0
TEXT
8
PART_TYPE_01
10
1.6
20
-0.1
40
0.889
1
R0402
73
3
11
1.6
21
-0.1
41
0.75
7
W0$127
0
TEXT
8
PART_INFO
10
1.6
20
-1.37
40
0.889
1
000000
73
3
11
1.6
21
-1.37
41
0.75
7
W0$127
0
TEXT
8
PART_PTS
10
1.6
20
-2.64
40
0.889
1
1 2 
73
3
11
1.6
21
-2.64
41
0.75
7
W0$127
0
ENDBLK
0
BLOCK
2
PART_TOP_145
8
0
10
0
20
0
3
PART_TOP_145
70
64
0
INSERT
2
SYM_TOP_27
8
0
10
0
20
0
0
INSERT
2
PKG_24
8
0
10
0
20
0
0
TEXT
8
LABEL_INFO
10
0
20
0
40
0.49
1
0 0 1 1 0 1
72
1
73
1
11
0
21
0
41
0.75
7
W0$07
0
TEXT
8
LABEL_ATTRIBUTE
10
0
20
0
40
0.49
1
Ref.Des.
72
1
73
1
11
0
21
0
41
0.75
7
W0$07
0
TEXT
8
PART_NAME_126
10
0
20
0
40
0.49
1
RD2
72
1
73
2
11
0
21
0
41
0.75
7
W0$07
0
TEXT
8
LABEL_INFO
10
1.6
20
-0.1
40
0.889
1
0 0 0 2 0 1
73
2
11
1.6
21
-0.1
41
0.75
7
W0$127
0
TEXT
8
LABEL_ATTRIBUTE
10
1.6
20
-0.1
40
0.889
1
PartType
73
2
11
1.6
21
-0.1
41
0.75
7
W0$127
0
TEXT
8
PART_TYPE_01
10
1.6
20
-0.1
40
0.889
1
R0402
73
3
11
1.6
21
-0.1
41
0.75
7
W0$127
0
TEXT
8
PART_INFO
10
1.6
20
-1.37
40
0.889
1
000000
73
3
11
1.6
21
-1.37
41
0.75
7
W0$127
0
TEXT
8
PART_PTS
10
1.6
20
-2.64
40
0.889
1
1 2 
73
3
11
1.6
21
-2.64
41
0.75
7
W0$127
0
ENDBLK
0
BLOCK
2
PART_TOP_146
8
0
10
0
20
0
3
PART_TOP_146
70
64
0
INSERT
2
SYM_TOP_27
8
0
10
0
20
0
0
INSERT
2
PKG_24
8
0
10
0
20
0
0
TEXT
8
LABEL_INFO
10
0
20
0
40
0.49
1
0 0 1 1 0 1
72
1
73
1
11
0
21
0
41
0.75
7
W0$07
0
TEXT
8
LABEL_ATTRIBUTE
10
0
20
0
40
0.49
1
Ref.Des.
72
1
73
1
11
0
21
0
41
0.75
7
W0$07
0
TEXT
8
PART_NAME_126
10
0
20
0
40
0.49
1
RW1
72
1
73
2
11
0
21
0
41
0.75
7
W0$07
0
TEXT
8
LABEL_INFO
10
1.6
20
-0.1
40
0.889
1
0 0 0 2 0 1
73
2
11
1.6
21
-0.1
41
0.75
7
W0$127
0
TEXT
8
LABEL_ATTRIBUTE
10
1.6
20
-0.1
40
0.889
1
PartType
73
2
11
1.6
21
-0.1
41
0.75
7
W0$127
0
TEXT
8
PART_TYPE_01
10
1.6
20
-0.1
40
0.889
1
R0402
73
3
11
1.6
21
-0.1
41
0.75
7
W0$127
0
TEXT
8
PART_INFO
10
1.6
20
-1.37
40
0.889
1
000000
73
3
11
1.6
21
-1.37
41
0.75
7
W0$127
0
TEXT
8
PART_PTS
10
1.6
20
-2.64
40
0.889
1
1 2 
73
3
11
1.6
21
-2.64
41
0.75
7
W0$127
0
ENDBLK
0
BLOCK
2
PART_TOP_147
8
0
10
0
20
0
3
PART_TOP_147
70
64
0
INSERT
2
SYM_TOP_27
8
0
10
0
20
0
0
INSERT
2
PKG_24
8
0
10
0
20
0
0
TEXT
8
LABEL_INFO
10
0
20
0
40
0.49
1
0 324000000 1 1 0 1
72
1
73
1
11
0
21
0
50
180
41
0.75
7
W0$07
0
TEXT
8
LABEL_ATTRIBUTE
10
0
20
0
40
0.49
1
Ref.Des.
72
1
73
1
11
0
21
0
50
180
41
0.75
7
W0$07
0
TEXT
8
PART_NAME_126
10
0
20
0
40
0.49
1
RW2
72
1
73
2
11
0
21
0
50
180
41
0.75
7
W0$07
0
TEXT
8
LABEL_INFO
10
1.6
20
-0.1
40
0.889
1
0 0 0 2 0 1
73
2
11
1.6
21
-0.1
41
0.75
7
W0$127
0
TEXT
8
LABEL_ATTRIBUTE
10
1.6
20
-0.1
40
0.889
1
PartType
73
2
11
1.6
21
-0.1
41
0.75
7
W0$127
0
TEXT
8
PART_TYPE_01
10
1.6
20
-0.1
40
0.889
1
R0402
73
3
11
1.6
21
-0.1
41
0.75
7
W0$127
0
TEXT
8
PART_INFO
10
1.6
20
-1.37
40
0.889
1
000000
73
3
11
1.6
21
-1.37
41
0.75
7
W0$127
0
TEXT
8
PART_PTS
10
1.6
20
-2.64
40
0.889
1
1 2 
73
3
11
1.6
21
-2.64
41
0.75
7
W0$127
0
ENDBLK
0
BLOCK
2
PART_TOP_148
8
0
10
0
20
0
3
PART_TOP_148
70
64
0
INSERT
2
SYM_TOP_27
8
0
10
0
20
0
0
INSERT
2
PKG_24
8
0
10
0
20
0
0
TEXT
8
LABEL_INFO
10
0
20
0
40
0.49
1
0 324000000 1 1 0 1
72
1
73
1
11
0
21
0
50
180
41
0.75
7
W0$07
0
TEXT
8
LABEL_ATTRIBUTE
10
0
20
0
40
0.49
1
Ref.Des.
72
1
73
1
11
0
21
0
50
180
41
0.75
7
W0$07
0
TEXT
8
PART_NAME_126
10
0
20
0
40
0.49
1
RW3
72
1
73
2
11
0
21
0
50
180
41
0.75
7
W0$07
0
TEXT
8
LABEL_INFO
10
1.6
20
-0.1
40
0.889
1
0 0 0 2 0 1
73
2
11
1.6
21
-0.1
41
0.75
7
W0$127
0
TEXT
8
LABEL_ATTRIBUTE
10
1.6
20
-0.1
40
0.889
1
PartType
73
2
11
1.6
21
-0.1
41
0.75
7
W0$127
0
TEXT
8
PART_TYPE_01
10
1.6
20
-0.1
40
0.889
1
R0402
73
3
11
1.6
21
-0.1
41
0.75
7
W0$127
0
TEXT
8
PART_INFO
10
1.6
20
-1.37
40
0.889
1
000000
73
3
11
1.6
21
-1.37
41
0.75
7
W0$127
0
TEXT
8
PART_PTS
10
1.6
20
-2.64
40
0.889
1
1 2 
73
3
11
1.6
21
-2.64
41
0.75
7
W0$127
0
ENDBLK
0
BLOCK
2
PART_TOP_149
8
0
10
0
20
0
3
PART_TOP_149
70
64
0
INSERT
2
SYM_TOP_27
8
0
10
0
20
0
0
INSERT
2
PKG_24
8
0
10
0
20
0
0
TEXT
8
LABEL_INFO
10
0
20
0
40
0.49
1
0 324000000 1 1 0 1
72
1
73
1
11
0
21
0
50
180
41
0.75
7
W0$07
0
TEXT
8
LABEL_ATTRIBUTE
10
0
20
0
40
0.49
1
Ref.Des.
72
1
73
1
11
0
21
0
50
180
41
0.75
7
W0$07
0
TEXT
8
PART_NAME_126
10
0
20
0
40
0.49
1
RW4
72
1
73
2
11
0
21
0
50
180
41
0.75
7
W0$07
0
TEXT
8
LABEL_INFO
10
1.6
20
-0.1
40
0.889
1
0 0 0 2 0 1
73
2
11
1.6
21
-0.1
41
0.75
7
W0$127
0
TEXT
8
LABEL_ATTRIBUTE
10
1.6
20
-0.1
40
0.889
1
PartType
73
2
11
1.6
21
-0.1
41
0.75
7
W0$127
0
TEXT
8
PART_TYPE_01
10
1.6
20
-0.1
40
0.889
1
R0402
73
3
11
1.6
21
-0.1
41
0.75
7
W0$127
0
TEXT
8
PART_INFO
10
1.6
20
-1.37
40
0.889
1
000000
73
3
11
1.6
21
-1.37
41
0.75
7
W0$127
0
TEXT
8
PART_PTS
10
1.6
20
-2.64
40
0.889
1
1 2 
73
3
11
1.6
21
-2.64
41
0.75
7
W0$127
0
ENDBLK
0
BLOCK
2
PART_TOP_150
8
0
10
0
20
0
3
PART_TOP_150
70
64
0
INSERT
2
SYM_TOP_27
8
0
10
0
20
0
0
INSERT
2
PKG_24
8
0
10
0
20
0
0
TEXT
8
LABEL_INFO
10
0
20
0
40
0.49
1
0 324000000 1 1 0 1
72
1
73
1
11
0
21
0
50
180
41
0.75
7
W0$07
0
TEXT
8
LABEL_ATTRIBUTE
10
0
20
0
40
0.49
1
Ref.Des.
72
1
73
1
11
0
21
0
50
180
41
0.75
7
W0$07
0
TEXT
8
PART_NAME_126
10
0
20
0
40
0.49
1
RW5
72
1
73
2
11
0
21
0
50
180
41
0.75
7
W0$07
0
TEXT
8
LABEL_INFO
10
1.6
20
-0.1
40
0.889
1
0 0 0 2 0 1
73
2
11
1.6
21
-0.1
41
0.75
7
W0$127
0
TEXT
8
LABEL_ATTRIBUTE
10
1.6
20
-0.1
40
0.889
1
PartType
73
2
11
1.6
21
-0.1
41
0.75
7
W0$127
0
TEXT
8
PART_TYPE_01
10
1.6
20
-0.1
40
0.889
1
R0402
73
3
11
1.6
21
-0.1
41
0.75
7
W0$127
0
TEXT
8
PART_INFO
10
1.6
20
-1.37
40
0.889
1
000000
73
3
11
1.6
21
-1.37
41
0.75
7
W0$127
0
TEXT
8
PART_PTS
10
1.6
20
-2.64
40
0.889
1
1 2 
73
3
11
1.6
21
-2.64
41
0.75
7
W0$127
0
ENDBLK
0
BLOCK
2
PART_TOP_151
8
0
10
0
20
0
3
PART_TOP_151
70
64
0
INSERT
2
SYM_TOP_32
8
0
10
0
20
0
0
INSERT
2
PKG_28
8
0
10
0
20
0
0
TEXT
8
LABEL_INFO
10
-0.05
20
-0.05
40
0.49
1
0 0 1 1 0 1
72
1
73
1
11
-0.05
21
-0.05
41
0.75
7
W0$07
0
TEXT
8
LABEL_ATTRIBUTE
10
-0.05
20
-0.05
40
0.49
1
Ref.Des.
72
1
73
1
11
-0.05
21
-0.05
41
0.75
7
W0$07
0
TEXT
8
PART_NAME_126
10
-0.05
20
-0.05
40
0.49
1
SW2
72
1
73
2
11
-0.05
21
-0.05
41
0.75
7
W0$07
0
TEXT
8
LABEL_INFO
10
-4.45
20
1.95
40
0.2667
1
0 0 0 2 0 1
73
2
11
-4.45
21
1.95
41
0.75
7
W0$0381
0
TEXT
8
LABEL_ATTRIBUTE
10
-4.45
20
1.95
40
0.2667
1
PartType
73
2
11
-4.45
21
1.95
41
0.75
7
W0$0381
0
TEXT
8
PART_TYPE_01
10
-4.45
20
1.95
40
0.2667
1
KEY6X6X45
73
3
11
-4.45
21
1.95
41
0.75
7
W0$0381
0
TEXT
8
PART_INFO
10
-4.45
20
1.569
40
0.2667
1
000000
73
3
11
-4.45
21
1.569
41
0.75
7
W0$0381
0
TEXT
8
PART_PTS
10
-4.45
20
1.188
40
0.2667
1
1 2 4 
73
3
11
-4.45
21
1.188
41
0.75
7
W0$0381
0
ENDBLK
0
BLOCK
2
PART_TOP_152
8
0
10
0
20
0
3
PART_TOP_152
70
64
0
INSERT
2
SYM_TOP_32
8
0
10
0
20
0
0
INSERT
2
PKG_28
8
0
10
0
20
0
0
TEXT
8
LABEL_INFO
10
-0.05
20
-0.05
40
0.49
1
0 0 1 1 0 1
72
1
73
1
11
-0.05
21
-0.05
41
0.75
7
W0$07
0
TEXT
8
LABEL_ATTRIBUTE
10
-0.05
20
-0.05
40
0.49
1
Ref.Des.
72
1
73
1
11
-0.05
21
-0.05
41
0.75
7
W0$07
0
TEXT
8
PART_NAME_126
10
-0.05
20
-0.05
40
0.49
1
SW3
72
1
73
2
11
-0.05
21
-0.05
41
0.75
7
W0$07
0
TEXT
8
LABEL_INFO
10
-4.45
20
1.95
40
0.2667
1
0 0 0 2 0 1
73
2
11
-4.45
21
1.95
41
0.75
7
W0$0381
0
TEXT
8
LABEL_ATTRIBUTE
10
-4.45
20
1.95
40
0.2667
1
PartType
73
2
11
-4.45
21
1.95
41
0.75
7
W0$0381
0
TEXT
8
PART_TYPE_01
10
-4.45
20
1.95
40
0.2667
1
KEY6X6X45
73
3
11
-4.45
21
1.95
41
0.75
7
W0$0381
0
TEXT
8
PART_INFO
10
-4.45
20
1.569
40
0.2667
1
000000
73
3
11
-4.45
21
1.569
41
0.75
7
W0$0381
0
TEXT
8
PART_PTS
10
-4.45
20
1.188
40
0.2667
1
1 2 4 
73
3
11
-4.45
21
1.188
41
0.75
7
W0$0381
0
ENDBLK
0
BLOCK
2
PART_TOP_153
8
0
10
0
20
0
3
PART_TOP_153
70
64
0
INSERT
2
SYM_TOP_34
8
0
10
0
20
0
0
INSERT
2
PKG_30
8
0
10
0
20
0
0
TEXT
8
LABEL_INFO
10
14.505
20
17.505
40
0.49
1
0 0 1 1 0 1
72
1
73
1
11
14.505
21
17.505
41
0.75
7
W0$07
0
TEXT
8
LABEL_ATTRIBUTE
10
14.505
20
17.505
40
0.49
1
Ref.Des.
72
1
73
1
11
14.505
21
17.505
41
0.75
7
W0$07
0
TEXT
8
PART_NAME_126
10
14.505
20
17.505
40
0.49
1
U1
72
1
73
2
11
14.505
21
17.505
41
0.75
7
W0$07
0
TEXT
8
LABEL_INFO
10
-3
20
35
40
0.2667
1
0 0 0 2 0 1
73
2
11
-3
21
35
41
0.75
7
W0$0381
0
TEXT
8
LABEL_ATTRIBUTE
10
-3
20
35
40
0.2667
1
PartType
73
2
11
-3
21
35
41
0.75
7
W0$0381
0
TEXT
8
PART_TYPE_01
10
-3
20
35
40
0.2667
1
35X35_MOUDEL_124SMD
73
3
11
-3
21
35
41
0.75
7
W0$0381
0
TEXT
8
PART_INFO
10
-3
20
34.619
40
0.2667
1
000000
73
3
11
-3
21
34.619
41
0.75
7
W0$0381
0
TEXT
8
PART_PTS
10
-3
20
34.238
40
0.2667
1
1 2 3 4 5 6 7 8 9 10 11 12 13 14 15 16 17 18 19 20 21 22 23 24 25 26 27 28 29 30 31 32 33 34 35 36 37 38 39 40 41 42 43 44 45 46 47 48 49 50 51 52 53 54 55 56 57 58 59 60 61 62 63 64 65 66 67 68 69 70 71 72 73 74 75 76 77 78 79 80 81 82 83 84 85 86 
73
3
11
-3
21
34.238
41
0.75
7
W0$0381
0
TEXT
8
PART_PTS
10
-3
20
33.857
40
0.2667
1
87 88 89 90 91 92 93 94 96 97 98 99 100 101 102 103 104 105 106 107 108 109 110 111 112 113 114 115 116 117 118 119 120 121 122 123 124 
73
3
11
-3
21
33.857
41
0.75
7
W0$0381
0
ENDBLK
0
BLOCK
2
PART_TOP_154
8
0
10
0
20
0
3
PART_TOP_154
70
64
0
INSERT
2
SYM_TOP_35
8
0
10
0
20
0
0
INSERT
2
PKG_31
8
0
10
0
20
0
0
TEXT
8
LABEL_INFO
10
0
20
0
40
0.49
1
0 324000000 1 1 0 1
72
1
73
1
11
0
21
0
50
180
41
0.75
7
W0$07
0
TEXT
8
LABEL_ATTRIBUTE
10
0
20
0
40
0.49
1
Ref.Des.
72
1
73
1
11
0
21
0
50
180
41
0.75
7
W0$07
0
TEXT
8
PART_NAME_126
10
0
20
0
40
0.49
1
U12
72
1
73
2
11
0
21
0
50
180
41
0.75
7
W0$07
0
TEXT
8
LABEL_INFO
10
-5.5
20
10
40
0.889
1
0 0 0 2 0 1
73
2
11
-5.5
21
10
41
0.75
7
W0$127
0
TEXT
8
LABEL_ATTRIBUTE
10
-5.5
20
10
40
0.889
1
PartType
73
2
11
-5.5
21
10
41
0.75
7
W0$127
0
TEXT
8
PART_TYPE_01
10
-5.5
20
10
40
0.889
1
INAND_169
73
3
11
-5.5
21
10
41
0.75
7
W0$127
0
TEXT
8
PART_INFO
10
-5.5
20
8.73
40
0.889
1
000000
73
3
11
-5.5
21
8.73
41
0.75
7
W0$127
0
TEXT
8
PART_PTS
10
-5.5
20
7.46
40
0.889
1
11 12 13 14 24 25 26 27 28 38 40 42 62 63 73 81 90 97 98 105 108 109 123 124 125 135 137 138 150 151 152 153 
73
3
11
-5.5
21
7.46
41
0.75
7
W0$127
0
ENDBLK
0
BLOCK
2
PART_TOP_155
8
0
10
0
20
0
3
PART_TOP_155
70
64
0
INSERT
2
SYM_TOP_37
8
0
10
0
20
0
0
INSERT
2
PKG_32
8
0
10
0
20
0
0
TEXT
8
LABEL_INFO
10
0
20
0
40
0.49
1
0 324000000 1 1 0 1
72
1
73
1
11
0
21
0
50
180
41
0.75
7
W0$07
0
TEXT
8
LABEL_ATTRIBUTE
10
0
20
0
40
0.49
1
Ref.Des.
72
1
73
1
11
0
21
0
50
180
41
0.75
7
W0$07
0
TEXT
8
PART_NAME_126
10
0
20
0
40
0.49
1
U13
72
1
73
2
11
0
21
0
50
180
41
0.75
7
W0$07
0
TEXT
8
LABEL_INFO
10
0
20
0
40
0.889
1
0 324000000 1 1 0 1
72
1
73
1
11
0
21
0
50
180
41
0.75
7
W0$127
0
TEXT
8
LABEL_ATTRIBUTE
10
0
20
0
40
0.889
1
Comment
72
1
73
1
11
0
21
0
50
180
41
0.75
7
W0$127
0
TEXT
8
ATTRIBUTE_126
10
0
20
0
40
0.889
1
 
72
1
73
2
11
0
21
0
50
180
41
0.75
7
W0$127
0
TEXT
8
PART_TYPE_TOP
10
0
20
-1.27
40
0.889
1
SOT23-5
72
1
73
2
11
0
21
-1.27
50
180
41
0.75
7
W0$127
0
TEXT
8
PART_INFO
10
0
20
-2.54
40
0.889
1
000000
72
1
73
2
11
0
21
-2.54
50
180
41
0.75
7
W0$127
0
TEXT
8
PART_PTS
10
0
20
-3.81
40
0.889
1
1 2 3 4 5 
72
1
73
2
11
0
21
-3.81
50
180
41
0.75
7
W0$127
0
ENDBLK
0
BLOCK
2
PART_TOP_156
8
0
10
0
20
0
3
PART_TOP_156
70
64
0
INSERT
2
SYM_TOP_38
8
0
10
0
20
0
0
INSERT
2
PKG_33
8
0
10
0
20
0
0
TEXT
8
LABEL_INFO
10
-0.1039993333
20
-0.28656
40
0.49
1
0 324000000 1 1 0 1
72
1
73
1
11
-0.1039993333
21
-0.28656
50
180
41
0.75
7
W0$07
0
TEXT
8
LABEL_ATTRIBUTE
10
-0.1039993333
20
-0.28656
40
0.49
1
Ref.Des.
72
1
73
1
11
-0.1039993333
21
-0.28656
50
180
41
0.75
7
W0$07
0
TEXT
8
PART_NAME_126
10
-0.1039993333
20
-0.28656
40
0.49
1
U14
72
1
73
2
11
-0.1039993333
21
-0.28656
50
180
41
0.75
7
W0$07
0
TEXT
8
LABEL_INFO
10
-3.059
20
6.82544
40
1.778
1
0 0 0 2 0 1
73
2
11
-3.059
21
6.82544
41
0.75
7
W0$254
0
TEXT
8
LABEL_ATTRIBUTE
10
-3.059
20
6.82544
40
1.778
1
PartType
73
2
11
-3.059
21
6.82544
41
0.75
7
W0$254
0
TEXT
8
PART_TYPE_01
10
-3.059
20
6.82544
40
1.778
1
SSOP28-HUB
73
3
11
-3.059
21
6.82544
41
0.75
7
W0$254
0
TEXT
8
PART_INFO
10
-3.059
20
4.28544
40
1.778
1
000000
73
3
11
-3.059
21
4.28544
41
0.75
7
W0$254
0
TEXT
8
PART_PTS
10
-3.059
20
1.74544
40
1.778
1
1 2 3 4 5 6 7 8 9 10 11 12 13 14 15 16 17 18 19 20 21 22 26 28 
73
3
11
-3.059
21
1.74544
41
0.75
7
W0$254
0
ENDBLK
0
BLOCK
2
PART_TOP_157
8
0
10
0
20
0
3
PART_TOP_157
70
64
0
INSERT
2
SYM_TOP_39
8
0
10
0
20
0
0
INSERT
2
PKG_34
8
0
10
0
20
0
0
TEXT
8
LABEL_INFO
10
7.8668626667
20
-5.498612
40
0.49
1
0 324000000 1 1 0 1
72
1
73
1
11
7.8668626667
21
-5.498612
50
180
41
0.75
7
W0$07
0
TEXT
8
LABEL_ATTRIBUTE
10
7.8668626667
20
-5.498612
40
0.49
1
Ref.Des.
72
1
73
1
11
7.8668626667
21
-5.498612
50
180
41
0.75
7
W0$07
0
TEXT
8
PART_NAME_126
10
7.8668626667
20
-5.498612
40
0.49
1
U2
72
1
73
2
11
7.8668626667
21
-5.498612
50
180
41
0.75
7
W0$07
0
TEXT
8
LABEL_INFO
10
0
20
0
40
0.2667
1
0 0 0 2 0 1
73
2
11
0
21
0
41
0.75
7
W0$0381
0
TEXT
8
LABEL_ATTRIBUTE
10
0
20
0
40
0.2667
1
PartType
73
2
11
0
21
0
41
0.75
7
W0$0381
0
TEXT
8
PART_TYPE_01
10
0
20
0
40
0.2667
1
LORA
73
3
11
0
21
0
41
0.75
7
W0$0381
0
TEXT
8
PART_INFO
10
0
20
-0.381
40
0.2667
1
000000
73
3
11
0
21
-0.381
41
0.75
7
W0$0381
0
TEXT
8
PART_PTS
10
0
20
-0.762
40
0.2667
1
1 2 3 4 9 12 13 14 15 16 
73
3
11
0
21
-0.762
41
0.75
7
W0$0381
0
ENDBLK
0
BLOCK
2
PART_TOP_158
8
0
10
0
20
0
3
PART_TOP_158
70
64
0
INSERT
2
SYM_TOP_40
8
0
10
0
20
0
0
INSERT
2
PKG_35
8
0
10
0
20
0
0
TEXT
8
LABEL_INFO
10
1.3999966667
20
-0.999998
40
0.49
1
0 0 1 1 0 1
72
1
73
1
11
1.3999966667
21
-0.999998
41
0.75
7
W0$07
0
TEXT
8
LABEL_ATTRIBUTE
10
1.3999966667
20
-0.999998
40
0.49
1
Ref.Des.
72
1
73
1
11
1.3999966667
21
-0.999998
41
0.75
7
W0$07
0
TEXT
8
PART_NAME_126
10
1.3999966667
20
-0.999998
40
0.49
1
U4
72
1
73
2
11
1.3999966667
21
-0.999998
41
0.75
7
W0$07
0
TEXT
8
LABEL_INFO
10
1.3999966667
20
-0.999998
40
0.889
1
0 0 1 1 0 1
72
1
73
1
11
1.3999966667
21
-0.999998
41
0.75
7
W0$127
0
TEXT
8
LABEL_ATTRIBUTE
10
1.3999966667
20
-0.999998
40
0.889
1
Comment
72
1
73
1
11
1.3999966667
21
-0.999998
41
0.75
7
W0$127
0
TEXT
8
ATTRIBUTE_126
10
1.3999966667
20
-0.999998
40
0.889
1
 
72
1
73
2
11
1.3999966667
21
-0.999998
41
0.75
7
W0$127
0
TEXT
8
PART_TYPE_TOP
10
1.3999966667
20
-2.269998
40
0.889
1
SOT26
72
1
73
2
11
1.3999966667
21
-2.269998
41
0.75
7
W0$127
0
TEXT
8
PART_INFO
10
1.3999966667
20
-3.539998
40
0.889
1
000000
72
1
73
2
11
1.3999966667
21
-3.539998
41
0.75
7
W0$127
0
TEXT
8
PART_PTS
10
1.3999966667
20
-4.809998
40
0.889
1
1 2 3 4 5 6 
72
1
73
2
11
1.3999966667
21
-4.809998
41
0.75
7
W0$127
0
ENDBLK
0
BLOCK
2
PART_TOP_159
8
0
10
0
20
0
3
PART_TOP_159
70
64
0
INSERT
2
SYM_TOP_41
8
0
10
0
20
0
0
INSERT
2
PKG_36
8
0
10
0
20
0
0
TEXT
8
LABEL_INFO
10
-0.273188
20
0
40
0.49
1
0 0 1 1 0 1
72
1
73
1
11
-0.273188
21
0
41
0.75
7
W0$07
0
TEXT
8
LABEL_ATTRIBUTE
10
-0.273188
20
0
40
0.49
1
Ref.Des.
72
1
73
1
11
-0.273188
21
0
41
0.75
7
W0$07
0
TEXT
8
PART_NAME_126
10
-0.273188
20
0
40
0.49
1
U5
72
1
73
2
11
-0.273188
21
0
41
0.75
7
W0$07
0
TEXT
8
LABEL_INFO
10
-0.933
20
-0.1473333333
40
0.889
1
0 0 0 2 0 1
73
2
11
-0.933
21
-0.1473333333
41
0.75
7
W0$127
0
TEXT
8
LABEL_ATTRIBUTE
10
-0.933
20
-0.1473333333
40
0.889
1
PartType
73
2
11
-0.933
21
-0.1473333333
41
0.75
7
W0$127
0
TEXT
8
PART_TYPE_01
10
-0.933
20
-0.1473333333
40
0.889
1
QFN12_2R00X3R00X1R00
73
3
11
-0.933
21
-0.1473333333
41
0.75
7
W0$127
0
TEXT
8
PART_INFO
10
-0.933
20
-1.4173333333
40
0.889
1
000000
73
3
11
-0.933
21
-1.4173333333
41
0.75
7
W0$127
0
TEXT
8
PART_PTS
10
-0.933
20
-2.6873333333
40
0.889
1
1 2 3 5 6 7 8 9 10 11 
73
3
11
-0.933
21
-2.6873333333
41
0.75
7
W0$127
0
ENDBLK
0
BLOCK
2
PART_TOP_160
8
0
10
0
20
0
3
PART_TOP_160
70
64
0
INSERT
2
SYM_TOP_42
8
0
10
0
20
0
0
INSERT
2
PKG_37
8
0
10
0
20
0
0
TEXT
8
LABEL_INFO
10
5.25
20
7.75
40
0.49
1
0 0 1 1 0 1
72
1
73
1
11
5.25
21
7.75
41
0.75
7
W0$07
0
TEXT
8
LABEL_ATTRIBUTE
10
5.25
20
7.75
40
0.49
1
Ref.Des.
72
1
73
1
11
5.25
21
7.75
41
0.75
7
W0$07
0
TEXT
8
PART_NAME_126
10
5.25
20
7.75
40
0.49
1
U6
72
1
73
2
11
5.25
21
7.75
41
0.75
7
W0$07
0
TEXT
8
LABEL_INFO
10
-0.05
20
0
40
0.35
1
0 0 0 2 0 1
73
2
11
-0.05
21
0
41
0.75
7
W0$05
0
TEXT
8
LABEL_ATTRIBUTE
10
-0.05
20
0
40
0.35
1
PartType
73
2
11
-0.05
21
0
41
0.75
7
W0$05
0
TEXT
8
PART_TYPE_01
10
-0.05
20
0
40
0.35
1
MDBT50Q
73
3
11
-0.05
21
0
41
0.75
7
W0$05
0
TEXT
8
PART_INFO
10
-0.05
20
-0.5
40
0.35
1
000000
73
3
11
-0.05
21
-0.5
41
0.75
7
W0$05
0
TEXT
8
PART_PTS
10
-0.05
20
-1
40
0.35
1
1 2 3 7 8 12 15 17 18 20 21 22 23 24 28 30 31 32 33 34 35 36 37 38 39 40 41 42 43 44 45 46 47 48 49 50 51 53 55 
73
3
11
-0.05
21
-1
41
0.75
7
W0$05
0
ENDBLK
0
BLOCK
2
PART_TOP_161
8
0
10
0
20
0
3
PART_TOP_161
70
64
0
INSERT
2
SYM_TOP_43
8
0
10
0
20
0
0
INSERT
2
PKG_38
8
0
10
0
20
0
0
TEXT
8
LABEL_INFO
10
1.8918333333
20
-0.5868326667
40
0.49
1
0 324000000 1 1 0 1
72
1
73
1
11
1.8918333333
21
-0.5868326667
50
180
41
0.75
7
W0$07
0
TEXT
8
LABEL_ATTRIBUTE
10
1.8918333333
20
-0.5868326667
40
0.49
1
Ref.Des.
72
1
73
1
11
1.8918333333
21
-0.5868326667
50
180
41
0.75
7
W0$07
0
TEXT
8
PART_NAME_126
10
1.8918333333
20
-0.5868326667
40
0.49
1
U7
72
1
73
2
11
1.8918333333
21
-0.5868326667
50
180
41
0.75
7
W0$07
0
TEXT
8
LABEL_INFO
10
1.8918333333
20
-0.5868326667
40
0.889
1
0 324000000 1 1 0 1
72
1
73
1
11
1.8918333333
21
-0.5868326667
50
180
41
0.75
7
W0$127
0
TEXT
8
LABEL_ATTRIBUTE
10
1.8918333333
20
-0.5868326667
40
0.889
1
Comment
72
1
73
1
11
1.8918333333
21
-0.5868326667
50
180
41
0.75
7
W0$127
0
TEXT
8
ATTRIBUTE_126
10
1.8918333333
20
-0.5868326667
40
0.889
1
 
72
1
73
2
11
1.8918333333
21
-0.5868326667
50
180
41
0.75
7
W0$127
0
TEXT
8
PART_TYPE_TOP
10
1.8918333333
20
-1.8568326667
40
0.889
1
QFN24
72
1
73
2
11
1.8918333333
21
-1.8568326667
50
180
41
0.75
7
W0$127
0
TEXT
8
PART_INFO
10
1.8918333333
20
-3.1268326667
40
0.889
1
000000
72
1
73
2
11
1.8918333333
21
-3.1268326667
50
180
41
0.75
7
W0$127
0
TEXT
8
PART_PTS
10
1.8918333333
20
-4.3968326667
40
0.889
1
1 2 3 4 5 6 7 8 9 10 11 12 13 14 15 16 17 18 19 21 22 23 24 25 
72
1
73
2
11
1.8918333333
21
-4.3968326667
50
180
41
0.75
7
W0$127
0
ENDBLK
0
BLOCK
2
PART_TOP_162
8
0
10
0
20
0
3
PART_TOP_162
70
64
0
INSERT
2
SYM_TOP_44
8
0
10
0
20
0
0
INSERT
2
PKG_39
8
0
10
0
20
0
0
TEXT
8
LABEL_INFO
10
2.85
20
3.825
40
0.49
1
0 0 1 1 0 1
72
1
73
1
11
2.85
21
3.825
41
0.75
7
W0$07
0
TEXT
8
LABEL_ATTRIBUTE
10
2.85
20
3.825
40
0.49
1
Ref.Des.
72
1
73
1
11
2.85
21
3.825
41
0.75
7
W0$07
0
TEXT
8
PART_NAME_126
10
2.85
20
3.825
40
0.49
1
U8
72
1
73
2
11
2.85
21
3.825
41
0.75
7
W0$07
0
TEXT
8
LABEL_INFO
10
0
20
0
40
0.889
1
0 0 0 2 0 1
73
2
11
0
21
0
41
0.75
7
W0$127
0
TEXT
8
LABEL_ATTRIBUTE
10
0
20
0
40
0.889
1
PartType
73
2
11
0
21
0
41
0.75
7
W0$127
0
TEXT
8
PART_TYPE_01
10
0
20
0
40
0.889
1
SSOP20_1
73
3
11
0
21
0
41
0.75
7
W0$127
0
TEXT
8
PART_INFO
10
0
20
-1.27
40
0.889
1
000000
73
3
11
0
21
-1.27
41
0.75
7
W0$127
0
TEXT
8
PART_PTS
10
0
20
-2.54
40
0.889
1
1 2 3 4 5 6 7 13 15 16 17 18 19 20 
73
3
11
0
21
-2.54
41
0.75
7
W0$127
0
ENDBLK
0
BLOCK
2
PART_TOP_163
8
0
10
0
20
0
3
PART_TOP_163
70
64
0
INSERT
2
SYM_TOP_45
8
0
10
0
20
0
0
INSERT
2
PKG_40
8
0
10
0
20
0
0
TEXT
8
LABEL_INFO
10
-0.4274
20
0
40
0.49
1
0 0 1 1 0 1
72
1
73
1
11
-0.4274
21
0
41
0.75
7
W0$07
0
TEXT
8
LABEL_ATTRIBUTE
10
-0.4274
20
0
40
0.49
1
Ref.Des.
72
1
73
1
11
-0.4274
21
0
41
0.75
7
W0$07
0
TEXT
8
PART_NAME_126
10
-0.4274
20
0
40
0.49
1
U9
72
1
73
2
11
-0.4274
21
0
41
0.75
7
W0$07
0
TEXT
8
LABEL_INFO
10
-1.905
20
-2.1971
40
1.2446
1
0 0 0 0 0 1
41
0.75
7
W0$1524
0
TEXT
8
LABEL_ATTRIBUTE
10
-1.905
20
-2.1971
40
1.2446
1
PartType
41
0.75
7
W0$1524
0
TEXT
8
PART_TYPE_01
10
-1.905
20
-2.1971
40
1.2446
1
MAX485
41
0.75
7
W0$1524
0
TEXT
8
PART_INFO
10
-1.905
20
-3.9751
40
1.2446
1
000000
41
0.75
7
W0$1524
0
TEXT
8
PART_PTS
10
-1.905
20
-5.7531
40
1.2446
1
1 2 3 4 5 6 7 8 
41
0.75
7
W0$1524
0
ENDBLK
0
BLOCK
2
PART_TOP_164
8
0
10
0
20
0
3
PART_TOP_164
70
64
0
INSERT
2
SYM_TOP_46
8
0
10
0
20
0
0
INSERT
2
PKG_41
8
0
10
0
20
0
0
TEXT
8
LABEL_INFO
10
0
20
-0.3591966667
40
0.49
1
0 324000000 1 1 0 1
72
1
73
1
11
0
21
-0.3591966667
50
180
41
0.75
7
W0$07
0
TEXT
8
LABEL_ATTRIBUTE
10
0
20
-0.3591966667
40
0.49
1
Ref.Des.
72
1
73
1
11
0
21
-0.3591966667
50
180
41
0.75
7
W0$07
0
TEXT
8
PART_NAME_126
10
0
20
-0.3591966667
40
0.49
1
X1
72
1
73
2
11
0
21
-0.3591966667
50
180
41
0.75
7
W0$07
0
TEXT
8
LABEL_INFO
10
-2.1999993333
20
1.5782006667
40
0.889
1
0 0 0 0 0 1
41
0.75
7
W0$127
0
TEXT
8
LABEL_ATTRIBUTE
10
-2.1999993333
20
1.5782006667
40
0.889
1
Comment
41
0.75
7
W0$127
0
TEXT
8
ATTRIBUTE_01
10
-2.1999993333
20
1.5782006667
40
0.889
1
 
41
0.75
7
W0$127
0
TEXT
8
PART_TYPE_TOP
10
-2.1999993333
20
0.3082006667
40
0.889
1
CRY-D3225
41
0.75
7
W0$127
0
TEXT
8
PART_INFO
10
-2.1999993333
20
-0.9617993333
40
0.889
1
000000
41
0.75
7
W0$127
0
TEXT
8
PART_PTS
10
-2.1999993333
20
-2.2317993333
40
0.889
1
1 2 3 4 
41
0.75
7
W0$127
0
ENDBLK
0
BLOCK
2
PART_TOP_165
8
0
10
0
20
0
3
PART_TOP_165
70
64
0
INSERT
2
SYM_TOP_47
8
0
10
0
20
0
0
INSERT
2
PKG_42
8
0
10
0
20
0
0
TEXT
8
LABEL_INFO
10
1.15
20
0
40
0.49
1
0 0 1 1 0 1
72
1
73
1
11
1.15
21
0
41
0.75
7
W0$07
0
TEXT
8
LABEL_ATTRIBUTE
10
1.15
20
0
40
0.49
1
Ref.Des.
72
1
73
1
11
1.15
21
0
41
0.75
7
W0$07
0
TEXT
8
PART_NAME_126
10
1.15
20
0
40
0.49
1
Y1
72
1
73
2
11
1.15
21
0
41
0.75
7
W0$07
0
TEXT
8
LABEL_INFO
10
0
20
0
40
0.889
1
0 0 0 2 0 1
73
2
11
0
21
0
41
0.75
7
W0$127
0
TEXT
8
LABEL_ATTRIBUTE
10
0
20
0
40
0.889
1
PartType
73
2
11
0
21
0
41
0.75
7
W0$127
0
TEXT
8
PART_TYPE_01
10
0
20
0
40
0.889
1
CRY-3215
73
3
11
0
21
0
41
0.75
7
W0$127
0
TEXT
8
PART_INFO
10
0
20
-1.27
40
0.889
1
000000
73
3
11
0
21
-1.27
41
0.75
7
W0$127
0
TEXT
8
PART_PTS
10
0
20
-2.54
40
0.889
1
1 2 3 
73
3
11
0
21
-2.54
41
0.75
7
W0$127
0
ENDBLK
0
BLOCK
2
PART_TOP_166
8
0
10
0
20
0
3
PART_TOP_166
70
64
0
INSERT
2
SYM_TOP_48
8
0
10
0
20
0
0
INSERT
2
PKG_43
8
0
10
0
20
0
0
TEXT
8
LABEL_INFO
10
-9.75
20
-2.11925
40
0.49
1
0 0 1 1 0 1
72
1
73
1
11
-9.75
21
-2.11925
41
0.75
7
W0$07
0
TEXT
8
LABEL_ATTRIBUTE
10
-9.75
20
-2.11925
40
0.49
1
Ref.Des.
72
1
73
1
11
-9.75
21
-2.11925
41
0.75
7
W0$07
0
TEXT
8
PART_NAME_126
10
-9.75
20
-2.11925
40
0.49
1
FP1
72
1
73
2
11
-9.75
21
-2.11925
41
0.75
7
W0$07
0
TEXT
8
LABEL_INFO
10
-11.146
20
-2.722
40
0.889
1
0 0 0 2 0 1
73
2
11
-11.146
21
-2.722
41
0.75
7
W0$127
0
TEXT
8
LABEL_ATTRIBUTE
10
-11.146
20
-2.722
40
0.889
1
PartType
73
2
11
-11.146
21
-2.722
41
0.75
7
W0$127
0
TEXT
8
PART_TYPE_01
10
-11.146
20
-2.722
40
0.889
1
FPC40PIN_BOTTOM
73
3
11
-11.146
21
-2.722
41
0.75
7
W0$127
0
TEXT
8
PART_INFO
10
-11.146
20
-3.992
40
0.889
1
000010
73
3
11
-11.146
21
-3.992
41
0.75
7
W0$127
0
TEXT
8
PART_PTS
10
-11.146
20
-5.262
40
0.889
1
1 2 3 4 5 6 7 8 9 10 11 12 13 14 15 16 17 18 19 20 21 22 23 24 25 26 27 28 29 30 31 32 33 34 36 
73
3
11
-11.146
21
-5.262
41
0.75
7
W0$127
0
ENDBLK
0
BLOCK
2
PART_TOP_167
8
0
10
0
20
0
3
PART_TOP_167
70
64
0
INSERT
2
SYM_TOP_50
8
0
10
0
20
0
0
INSERT
2
PKG_44
8
0
10
0
20
0
0
TEXT
8
LABEL_INFO
10
1.9
20
-0.0499993333
40
0.49
1
0 0 1 1 0 1
72
1
73
1
11
1.9
21
-0.0499993333
41
0.75
7
W0$07
0
TEXT
8
LABEL_ATTRIBUTE
10
1.9
20
-0.0499993333
40
0.49
1
Ref.Des.
72
1
73
1
11
1.9
21
-0.0499993333
41
0.75
7
W0$07
0
TEXT
8
PART_NAME_126
10
1.9
20
-0.0499993333
40
0.49
1
J7
72
1
73
2
11
1.9
21
-0.0499993333
41
0.75
7
W0$07
0
TEXT
8
LABEL_INFO
10
0
20
0
40
0.2667
1
0 0 0 2 0 1
73
2
11
0
21
0
41
0.75
7
W0$0381
0
TEXT
8
LABEL_ATTRIBUTE
10
0
20
0
40
0.2667
1
PartType
73
2
11
0
21
0
41
0.75
7
W0$0381
0
TEXT
8
PART_TYPE_01
10
0
20
0
40
0.2667
1
2PIN_3_81
73
3
11
0
21
0
41
0.75
7
W0$0381
0
TEXT
8
PART_INFO
10
0
20
-0.381
40
0.2667
1
000000
73
3
11
0
21
-0.381
41
0.75
7
W0$0381
0
TEXT
8
PART_PTS
10
0
20
-0.762
40
0.2667
1
1 2 
73
3
11
0
21
-0.762
41
0.75
7
W0$0381
0
ENDBLK
0
BLOCK
2
PART_TOP_168
8
0
10
0
20
0
3
PART_TOP_168
70
64
0
INSERT
2
SYM_TOP_51
8
0
10
0
20
0
0
INSERT
2
PKG_45
8
0
10
0
20
0
0
TEXT
8
LABEL_INFO
10
3.75
20
-0.0499993333
40
0.49
1
0 0 1 1 0 1
72
1
73
1
11
3.75
21
-0.0499993333
41
0.75
7
W0$07
0
TEXT
8
LABEL_ATTRIBUTE
10
3.75
20
-0.0499993333
40
0.49
1
Ref.Des.
72
1
73
1
11
3.75
21
-0.0499993333
41
0.75
7
W0$07
0
TEXT
8
PART_NAME_126
10
3.75
20
-0.0499993333
40
0.49
1
J8
72
1
73
2
11
3.75
21
-0.0499993333
41
0.75
7
W0$07
0
TEXT
8
LABEL_INFO
10
0
20
0
40
0.2667
1
0 0 0 2 0 1
73
2
11
0
21
0
41
0.75
7
W0$0381
0
TEXT
8
LABEL_ATTRIBUTE
10
0
20
0
40
0.2667
1
PartType
73
2
11
0
21
0
41
0.75
7
W0$0381
0
TEXT
8
PART_TYPE_01
10
0
20
0
40
0.2667
1
3PIN_3_81
73
3
11
0
21
0
41
0.75
7
W0$0381
0
TEXT
8
PART_INFO
10
0
20
-0.381
40
0.2667
1
000000
73
3
11
0
21
-0.381
41
0.75
7
W0$0381
0
TEXT
8
PART_PTS
10
0
20
-0.762
40
0.2667
1
1 2 3 
73
3
11
0
21
-0.762
41
0.75
7
W0$0381
0
ENDBLK
0
BLOCK
2
PART_TOP_169
8
0
10
0
20
0
3
PART_TOP_169
70
64
0
INSERT
2
SYM_TOP_52
8
0
10
0
20
0
0
INSERT
2
PKG_46
8
0
10
0
20
0
0
TEXT
8
LABEL_INFO
10
0
20
0
40
0.889
1
0 0 0 2 0 1
73
2
11
0
21
0
41
0.75
7
W0$127
0
TEXT
8
LABEL_ATTRIBUTE
10
0
20
0
40
0.889
1
PartType
73
2
11
0
21
0
41
0.75
7
W0$127
0
TEXT
8
PART_TYPE_01
10
0
20
0
40
0.889
1
HOLE/PTH/R6D3.5
73
3
11
0
21
0
41
0.75
7
W0$127
0
TEXT
8
PART_NAME_TOP
10
0
20
0
40
1.778
1
TP4
73
3
11
0
21
0
41
0.75
7
W0$254
0
TEXT
8
PART_INFO
10
0
20
-2.54
40
1.778
1
000010
73
3
11
0
21
-2.54
41
0.75
7
W0$254
0
ENDBLK
0
BLOCK
2
PART_TOP_170
8
0
10
0
20
0
3
PART_TOP_170
70
64
0
INSERT
2
SYM_TOP_5
8
0
10
0
20
0
0
INSERT
2
PKG_1
8
0
10
0
20
0
0
TEXT
8
LABEL_INFO
10
0
20
0
40
0.49
1
0 0 1 1 0 1
72
1
73
1
11
0
21
0
41
0.75
7
W0$07
0
TEXT
8
LABEL_ATTRIBUTE
10
0
20
0
40
0.49
1
Ref.Des.
72
1
73
1
11
0
21
0
41
0.75
7
W0$07
0
TEXT
8
PART_NAME_126
10
0
20
0
40
0.49
1
C59
72
1
73
2
11
0
21
0
41
0.75
7
W0$07
0
TEXT
8
LABEL_INFO
10
0
20
0
40
0.889
1
0 0 1 1 0 1
72
1
73
1
11
0
21
0
41
0.75
7
W0$127
0
TEXT
8
LABEL_ATTRIBUTE
10
0
20
0
40
0.889
1
Comment
72
1
73
1
11
0
21
0
41
0.75
7
W0$127
0
TEXT
8
ATTRIBUTE_126
10
0
20
0
40
0.889
1
 
72
1
73
2
11
0
21
0
41
0.75
7
W0$127
0
TEXT
8
PART_TYPE_TOP
10
0
20
-1.27
40
0.889
1
C0402
72
1
73
2
11
0
21
-1.27
41
0.75
7
W0$127
0
TEXT
8
PART_INFO
10
0
20
-2.54
40
0.889
1
000000
72
1
73
2
11
0
21
-2.54
41
0.75
7
W0$127
0
TEXT
8
PART_PTS
10
0
20
-3.81
40
0.889
1
1 2 
72
1
73
2
11
0
21
-3.81
41
0.75
7
W0$127
0
ENDBLK
0
BLOCK
2
PART_TOP_171
8
0
10
0
20
0
3
PART_TOP_171
70
64
0
INSERT
2
SYM_TOP_5
8
0
10
0
20
0
0
INSERT
2
PKG_1
8
0
10
0
20
0
0
TEXT
8
LABEL_INFO
10
0
20
0
40
0.49
1
0 324000000 1 1 0 1
72
1
73
1
11
0
21
0
50
180
41
0.75
7
W0$07
0
TEXT
8
LABEL_ATTRIBUTE
10
0
20
0
40
0.49
1
Ref.Des.
72
1
73
1
11
0
21
0
50
180
41
0.75
7
W0$07
0
TEXT
8
PART_NAME_126
10
0
20
0
40
0.49
1
C62
72
1
73
2
11
0
21
0
50
180
41
0.75
7
W0$07
0
TEXT
8
LABEL_INFO
10
0
20
0
40
0.889
1
0 324000000 1 1 0 1
72
1
73
1
11
0
21
0
50
180
41
0.75
7
W0$127
0
TEXT
8
LABEL_ATTRIBUTE
10
0
20
0
40
0.889
1
Comment
72
1
73
1
11
0
21
0
50
180
41
0.75
7
W0$127
0
TEXT
8
ATTRIBUTE_126
10
0
20
0
40
0.889
1
 
72
1
73
2
11
0
21
0
50
180
41
0.75
7
W0$127
0
TEXT
8
PART_TYPE_TOP
10
0
20
-1.27
40
0.889
1
C0402
72
1
73
2
11
0
21
-1.27
50
180
41
0.75
7
W0$127
0
TEXT
8
PART_INFO
10
0
20
-2.54
40
0.889
1
000000
72
1
73
2
11
0
21
-2.54
50
180
41
0.75
7
W0$127
0
TEXT
8
PART_PTS
10
0
20
-3.81
40
0.889
1
1 2 
72
1
73
2
11
0
21
-3.81
50
180
41
0.75
7
W0$127
0
ENDBLK
0
BLOCK
2
PART_TOP_172
8
0
10
0
20
0
3
PART_TOP_172
70
64
0
INSERT
2
SYM_TOP_7
8
0
10
0
20
0
0
INSERT
2
PKG_3
8
0
10
0
20
0
0
TEXT
8
LABEL_INFO
10
0
20
0
40
0.49
1
0 324000000 1 1 0 1
72
1
73
1
11
0
21
0
50
180
41
0.75
7
W0$07
0
TEXT
8
LABEL_ATTRIBUTE
10
0
20
0
40
0.49
1
Ref.Des.
72
1
73
1
11
0
21
0
50
180
41
0.75
7
W0$07
0
TEXT
8
PART_NAME_126
10
0
20
0
40
0.49
1
C29
72
1
73
2
11
0
21
0
50
180
41
0.75
7
W0$07
0
TEXT
8
LABEL_INFO
10
-1.0668
20
0.127
40
0.74676
1
0 0 0 1 0 1
73
1
11
-1.0668
21
0.127
41
0.75
7
W0$127
0
TEXT
8
LABEL_ATTRIBUTE
10
-1.0668
20
0.127
40
0.74676
1
PartType
73
1
11
-1.0668
21
0.127
41
0.75
7
W0$127
0
TEXT
8
PART_TYPE_01
10
-1.0668
20
0.127
40
0.74676
1
C0805
73
2
11
-1.0668
21
0.127
41
0.75
7
W0$127
0
TEXT
8
PART_INFO
10
-1.0668
20
-0.9398
40
0.74676
1
000000
73
2
11
-1.0668
21
-0.9398
41
0.75
7
W0$127
0
TEXT
8
PART_PTS
10
-1.0668
20
-2.0066
40
0.74676
1
1 2 
73
2
11
-1.0668
21
-2.0066
41
0.75
7
W0$127
0
ENDBLK
0
BLOCK
2
PART_TOP_173
8
0
10
0
20
0
3
PART_TOP_173
70
64
0
INSERT
2
SYM_TOP_6
8
0
10
0
20
0
0
INSERT
2
PKG_2
8
0
10
0
20
0
0
TEXT
8
LABEL_INFO
10
0
20
0
40
0.49
1
0 0 1 1 0 1
72
1
73
1
11
0
21
0
41
0.75
7
W0$07
0
TEXT
8
LABEL_ATTRIBUTE
10
0
20
0
40
0.49
1
Ref.Des.
72
1
73
1
11
0
21
0
41
0.75
7
W0$07
0
TEXT
8
PART_NAME_126
10
0
20
0
40
0.49
1
C54
72
1
73
2
11
0
21
0
41
0.75
7
W0$07
0
TEXT
8
LABEL_INFO
10
2.2590093333
20
0.126492
40
0.889
1
0 0 0 2 0 1
73
2
11
2.2590093333
21
0.126492
41
0.75
7
W0$127
0
TEXT
8
LABEL_ATTRIBUTE
10
2.2590093333
20
0.126492
40
0.889
1
PartType
73
2
11
2.2590093333
21
0.126492
41
0.75
7
W0$127
0
TEXT
8
PART_TYPE_01
10
2.2590093333
20
0.126492
40
0.889
1
C0603
73
3
11
2.2590093333
21
0.126492
41
0.75
7
W0$127
0
TEXT
8
LABEL_INFO
10
2.2590093333
20
0.126492
40
0.889
1
0 0 0 0 0 0
41
0.75
7
W0$127
0
TEXT
8
LABEL_ATTRIBUTE
10
2.2590093333
20
0.126492
40
0.889
1
Ref.Des.
41
0.75
7
W0$127
0
TEXT
8
PART_NAME_01
10
2.2590093333
20
0.126492
40
0.889
1
C54
41
0.75
7
W0$127
0
TEXT
8
PART_INFO
10
2.2590093333
20
-1.143508
40
0.889
1
000000
41
0.75
7
W0$127
0
TEXT
8
PART_PTS
10
2.2590093333
20
-2.413508
40
0.889
1
1 2 
41
0.75
7
W0$127
0
ENDBLK
0
BLOCK
2
PART_TOP_174
8
0
10
0
20
0
3
PART_TOP_174
70
64
0
INSERT
2
SYM_TOP_5
8
0
10
0
20
0
0
INSERT
2
PKG_1
8
0
10
0
20
0
0
TEXT
8
LABEL_INFO
10
0
20
0
40
0.49
1
0 324000000 1 1 0 1
72
1
73
1
11
0
21
0
50
180
41
0.75
7
W0$07
0
TEXT
8
LABEL_ATTRIBUTE
10
0
20
0
40
0.49
1
Ref.Des.
72
1
73
1
11
0
21
0
50
180
41
0.75
7
W0$07
0
TEXT
8
PART_NAME_126
10
0
20
0
40
0.49
1
C44
72
1
73
2
11
0
21
0
50
180
41
0.75
7
W0$07
0
TEXT
8
LABEL_INFO
10
0
20
0
40
1.0668
1
0 324000000 1 1 0 1
72
1
73
1
11
0
21
0
50
180
41
0.75
7
W0$254
0
TEXT
8
LABEL_ATTRIBUTE
10
0
20
0
40
1.0668
1
PartType
72
1
73
1
11
0
21
0
50
180
41
0.75
7
W0$254
0
TEXT
8
PART_TYPE_126
10
0
20
0
40
1.0668
1
C0402
72
1
73
2
11
0
21
0
50
180
41
0.75
7
W0$254
0
TEXT
8
LABEL_INFO
10
0
20
0
40
1.0668
1
0 324000000 1 1 0 0
72
1
73
1
11
0
21
0
50
180
41
0.75
7
W0$254
0
TEXT
8
LABEL_ATTRIBUTE
10
0
20
0
40
1.0668
1
Ref.Des.
72
1
73
1
11
0
21
0
50
180
41
0.75
7
W0$254
0
TEXT
8
PART_NAME_126
10
0
20
0
40
1.0668
1
C44
72
1
73
2
11
0
21
0
50
180
41
0.75
7
W0$254
0
TEXT
8
PART_INFO
10
0
20
-1.524
40
1.0668
1
000000
72
1
73
2
11
0
21
-1.524
50
180
41
0.75
7
W0$254
0
TEXT
8
PART_PTS
10
0
20
-3.048
40
1.0668
1
1 2 
72
1
73
2
11
0
21
-3.048
50
180
41
0.75
7
W0$254
0
ENDBLK
0
BLOCK
2
PART_TOP_175
8
0
10
0
20
0
3
PART_TOP_175
70
64
0
INSERT
2
SYM_TOP_5
8
0
10
0
20
0
0
INSERT
2
PKG_1
8
0
10
0
20
0
0
TEXT
8
LABEL_INFO
10
0
20
0
40
0.49
1
0 0 1 1 0 1
72
1
73
1
11
0
21
0
41
0.75
7
W0$07
0
TEXT
8
LABEL_ATTRIBUTE
10
0
20
0
40
0.49
1
Ref.Des.
72
1
73
1
11
0
21
0
41
0.75
7
W0$07
0
TEXT
8
PART_NAME_126
10
0
20
0
40
0.49
1
C35
72
1
73
2
11
0
21
0
41
0.75
7
W0$07
0
TEXT
8
LABEL_INFO
10
-2.0012653333
20
1.1556933333
40
0.889
1
0 0 0 0 0 1
41
0.75
7
W0$127
0
TEXT
8
LABEL_ATTRIBUTE
10
-2.0012653333
20
1.1556933333
40
0.889
1
Comment
41
0.75
7
W0$127
0
TEXT
8
ATTRIBUTE_01
10
-2.0012653333
20
1.1556933333
40
0.889
1
 
41
0.75
7
W0$127
0
TEXT
8
PART_TYPE_TOP
10
-2.0012653333
20
-0.1143066667
40
0.889
1
C0402
41
0.75
7
W0$127
0
TEXT
8
PART_INFO
10
-2.0012653333
20
-1.3843066667
40
0.889
1
000000
41
0.75
7
W0$127
0
TEXT
8
PART_PTS
10
-2.0012653333
20
-2.6543066667
40
0.889
1
1 2 
41
0.75
7
W0$127
0
ENDBLK
0
BLOCK
2
PART_TOP_176
8
0
10
0
20
0
3
PART_TOP_176
70
64
0
INSERT
2
SYM_TOP_5
8
0
10
0
20
0
0
INSERT
2
PKG_1
8
0
10
0
20
0
0
TEXT
8
LABEL_INFO
10
0
20
0
40
0.49
1
0 0 1 1 0 1
72
1
73
1
11
0
21
0
41
0.75
7
W0$07
0
TEXT
8
LABEL_ATTRIBUTE
10
0
20
0
40
0.49
1
Ref.Des.
72
1
73
1
11
0
21
0
41
0.75
7
W0$07
0
TEXT
8
PART_NAME_126
10
0
20
0
40
0.49
1
C65
72
1
73
2
11
0
21
0
41
0.75
7
W0$07
0
TEXT
8
LABEL_INFO
10
-2.0012653333
20
1.1556933333
40
0.889
1
0 0 0 0 0 1
41
0.75
7
W0$127
0
TEXT
8
LABEL_ATTRIBUTE
10
-2.0012653333
20
1.1556933333
40
0.889
1
Comment
41
0.75
7
W0$127
0
TEXT
8
ATTRIBUTE_01
10
-2.0012653333
20
1.1556933333
40
0.889
1
 
41
0.75
7
W0$127
0
TEXT
8
PART_TYPE_TOP
10
-2.0012653333
20
-0.1143066667
40
0.889
1
C0402
41
0.75
7
W0$127
0
TEXT
8
PART_INFO
10
-2.0012653333
20
-1.3843066667
40
0.889
1
000000
41
0.75
7
W0$127
0
TEXT
8
PART_PTS
10
-2.0012653333
20
-2.6543066667
40
0.889
1
1 2 
41
0.75
7
W0$127
0
ENDBLK
0
BLOCK
2
PART_TOP_180
8
0
10
0
20
0
3
PART_TOP_180
70
64
0
INSERT
2
SYM_TOP_27
8
0
10
0
20
0
0
INSERT
2
PKG_24
8
0
10
0
20
0
0
TEXT
8
LABEL_INFO
10
0
20
0
40
0.49
1
0 0 1 1 0 1
72
1
73
1
11
0
21
0
41
0.75
7
W0$07
0
TEXT
8
LABEL_ATTRIBUTE
10
0
20
0
40
0.49
1
Ref.Des.
72
1
73
1
11
0
21
0
41
0.75
7
W0$07
0
TEXT
8
PART_NAME_126
10
0
20
0
40
0.49
1
R46
72
1
73
2
11
0
21
0
41
0.75
7
W0$07
0
TEXT
8
LABEL_INFO
10
1.6
20
-0.1
40
0.889
1
0 0 0 2 0 1
73
2
11
1.6
21
-0.1
41
0.75
7
W0$127
0
TEXT
8
LABEL_ATTRIBUTE
10
1.6
20
-0.1
40
0.889
1
PartType
73
2
11
1.6
21
-0.1
41
0.75
7
W0$127
0
TEXT
8
PART_TYPE_01
10
1.6
20
-0.1
40
0.889
1
R0402
73
3
11
1.6
21
-0.1
41
0.75
7
W0$127
0
TEXT
8
PART_INFO
10
1.6
20
-1.37
40
0.889
1
000000
73
3
11
1.6
21
-1.37
41
0.75
7
W0$127
0
TEXT
8
PART_PTS
10
1.6
20
-2.64
40
0.889
1
1 2 
73
3
11
1.6
21
-2.64
41
0.75
7
W0$127
0
ENDBLK
0
BLOCK
2
PART_TOP_181
8
0
10
0
20
0
3
PART_TOP_181
70
64
0
INSERT
2
SYM_TOP_27
8
0
10
0
20
0
0
INSERT
2
PKG_24
8
0
10
0
20
0
0
TEXT
8
LABEL_INFO
10
0
20
0
40
0.49
1
0 324000000 1 1 0 1
72
1
73
1
11
0
21
0
50
180
41
0.75
7
W0$07
0
TEXT
8
LABEL_ATTRIBUTE
10
0
20
0
40
0.49
1
Ref.Des.
72
1
73
1
11
0
21
0
50
180
41
0.75
7
W0$07
0
TEXT
8
PART_NAME_126
10
0
20
0
40
0.49
1
R14
72
1
73
2
11
0
21
0
50
180
41
0.75
7
W0$07
0
TEXT
8
LABEL_INFO
10
1.6
20
-0.1
40
0.889
1
0 0 0 2 0 1
73
2
11
1.6
21
-0.1
41
0.75
7
W0$127
0
TEXT
8
LABEL_ATTRIBUTE
10
1.6
20
-0.1
40
0.889
1
PartType
73
2
11
1.6
21
-0.1
41
0.75
7
W0$127
0
TEXT
8
PART_TYPE_01
10
1.6
20
-0.1
40
0.889
1
R0402
73
3
11
1.6
21
-0.1
41
0.75
7
W0$127
0
TEXT
8
PART_INFO
10
1.6
20
-1.37
40
0.889
1
000000
73
3
11
1.6
21
-1.37
41
0.75
7
W0$127
0
TEXT
8
PART_PTS
10
1.6
20
-2.64
40
0.889
1
1 2 
73
3
11
1.6
21
-2.64
41
0.75
7
W0$127
0
ENDBLK
0
BLOCK
2
PART_TOP_182
8
0
10
0
20
0
3
PART_TOP_182
70
64
0
INSERT
2
SYM_TOP_27
8
0
10
0
20
0
0
INSERT
2
PKG_24
8
0
10
0
20
0
0
TEXT
8
LABEL_INFO
10
0
20
0
40
0.49
1
0 0 1 1 0 1
72
1
73
1
11
0
21
0
41
0.75
7
W0$07
0
TEXT
8
LABEL_ATTRIBUTE
10
0
20
0
40
0.49
1
Ref.Des.
72
1
73
1
11
0
21
0
41
0.75
7
W0$07
0
TEXT
8
PART_NAME_126
10
0
20
0
40
0.49
1
R22
72
1
73
2
11
0
21
0
41
0.75
7
W0$07
0
TEXT
8
LABEL_INFO
10
1.6
20
-0.1
40
0.889
1
0 0 0 2 0 1
73
2
11
1.6
21
-0.1
41
0.75
7
W0$127
0
TEXT
8
LABEL_ATTRIBUTE
10
1.6
20
-0.1
40
0.889
1
PartType
73
2
11
1.6
21
-0.1
41
0.75
7
W0$127
0
TEXT
8
PART_TYPE_01
10
1.6
20
-0.1
40
0.889
1
R0402
73
3
11
1.6
21
-0.1
41
0.75
7
W0$127
0
TEXT
8
PART_INFO
10
1.6
20
-1.37
40
0.889
1
000000
73
3
11
1.6
21
-1.37
41
0.75
7
W0$127
0
TEXT
8
PART_PTS
10
1.6
20
-2.64
40
0.889
1
1 2 
73
3
11
1.6
21
-2.64
41
0.75
7
W0$127
0
ENDBLK
0
BLOCK
2
PART_TOP_183
8
0
10
0
20
0
3
PART_TOP_183
70
64
0
INSERT
2
SYM_TOP_52
8
0
10
0
20
0
0
INSERT
2
PKG_46
8
0
10
0
20
0
0
TEXT
8
LABEL_INFO
10
0
20
0
40
0.889
1
0 0 0 2 0 1
73
2
11
0
21
0
41
0.75
7
W0$127
0
TEXT
8
LABEL_ATTRIBUTE
10
0
20
0
40
0.889
1
PartType
73
2
11
0
21
0
41
0.75
7
W0$127
0
TEXT
8
PART_TYPE_01
10
0
20
0
40
0.889
1
HOLE/PTH/R6D3.5
73
3
11
0
21
0
41
0.75
7
W0$127
0
TEXT
8
PART_NAME_TOP
10
0
20
0
40
1.778
1
TP1
73
3
11
0
21
0
41
0.75
7
W0$254
0
TEXT
8
PART_INFO
10
0
20
-2.54
40
1.778
1
000010
73
3
11
0
21
-2.54
41
0.75
7
W0$254
0
ENDBLK
0
BLOCK
2
PART_TOP_184
8
0
10
0
20
0
3
PART_TOP_184
70
64
0
INSERT
2
SYM_TOP_52
8
0
10
0
20
0
0
INSERT
2
PKG_46
8
0
10
0
20
0
0
TEXT
8
LABEL_INFO
10
0
20
0
40
0.889
1
0 0 0 2 0 1
73
2
11
0
21
0
41
0.75
7
W0$127
0
TEXT
8
LABEL_ATTRIBUTE
10
0
20
0
40
0.889
1
PartType
73
2
11
0
21
0
41
0.75
7
W0$127
0
TEXT
8
PART_TYPE_01
10
0
20
0
40
0.889
1
HOLE/PTH/R6D3.5
73
3
11
0
21
0
41
0.75
7
W0$127
0
TEXT
8
PART_NAME_TOP
10
0
20
0
40
1.778
1
TP2
73
3
11
0
21
0
41
0.75
7
W0$254
0
TEXT
8
PART_INFO
10
0
20
-2.54
40
1.778
1
000010
73
3
11
0
21
-2.54
41
0.75
7
W0$254
0
ENDBLK
0
BLOCK
2
PART_TOP_185
8
0
10
0
20
0
3
PART_TOP_185
70
64
0
INSERT
2
SYM_TOP_52
8
0
10
0
20
0
0
INSERT
2
PKG_46
8
0
10
0
20
0
0
TEXT
8
LABEL_INFO
10
0
20
0
40
0.889
1
0 0 0 2 0 1
73
2
11
0
21
0
41
0.75
7
W0$127
0
TEXT
8
LABEL_ATTRIBUTE
10
0
20
0
40
0.889
1
PartType
73
2
11
0
21
0
41
0.75
7
W0$127
0
TEXT
8
PART_TYPE_01
10
0
20
0
40
0.889
1
HOLE/PTH/R6D3.5
73
3
11
0
21
0
41
0.75
7
W0$127
0
TEXT
8
PART_NAME_TOP
10
0
20
0
40
1.778
1
TP3
73
3
11
0
21
0
41
0.75
7
W0$254
0
TEXT
8
PART_INFO
10
0
20
-2.54
40
1.778
1
000010
73
3
11
0
21
-2.54
41
0.75
7
W0$254
0
ENDBLK
0
BLOCK
2
PART_TOP_186
8
0
10
0
20
0
3
PART_TOP_186
70
64
0
INSERT
2
SYM_TOP_5
8
0
10
0
20
0
0
INSERT
2
PKG_1
8
0
10
0
20
0
0
TEXT
8
LABEL_INFO
10
0
20
0
40
0.49
1
0 0 1 1 0 1
72
1
73
1
11
0
21
0
41
0.75
7
W0$07
0
TEXT
8
LABEL_ATTRIBUTE
10
0
20
0
40
0.49
1
Ref.Des.
72
1
73
1
11
0
21
0
41
0.75
7
W0$07
0
TEXT
8
PART_NAME_126
10
0
20
0
40
0.49
1
C31
72
1
73
2
11
0
21
0
41
0.75
7
W0$07
0
TEXT
8
LABEL_INFO
10
0
20
0
40
1.0668
1
0 0 1 1 0 1
72
1
73
1
11
0
21
0
41
0.75
7
W0$254
0
TEXT
8
LABEL_ATTRIBUTE
10
0
20
0
40
1.0668
1
PartType
72
1
73
1
11
0
21
0
41
0.75
7
W0$254
0
TEXT
8
PART_TYPE_126
10
0
20
0
40
1.0668
1
C0402
72
1
73
2
11
0
21
0
41
0.75
7
W0$254
0
TEXT
8
LABEL_INFO
10
0
20
0
40
1.0668
1
0 0 1 1 0 0
72
1
73
1
11
0
21
0
41
0.75
7
W0$254
0
TEXT
8
LABEL_ATTRIBUTE
10
0
20
0
40
1.0668
1
Ref.Des.
72
1
73
1
11
0
21
0
41
0.75
7
W0$254
0
TEXT
8
PART_NAME_126
10
0
20
0
40
1.0668
1
C31
72
1
73
2
11
0
21
0
41
0.75
7
W0$254
0
TEXT
8
PART_INFO
10
0
20
-1.524
40
1.0668
1
000000
72
1
73
2
11
0
21
-1.524
41
0.75
7
W0$254
0
TEXT
8
PART_PTS
10
0
20
-3.048
40
1.0668
1
1 2 
72
1
73
2
11
0
21
-3.048
41
0.75
7
W0$254
0
ENDBLK
0
BLOCK
2
PART_TOP_187
8
0
10
0
20
0
3
PART_TOP_187
70
64
0
INSERT
2
SYM_TOP_27
8
0
10
0
20
0
0
INSERT
2
PKG_24
8
0
10
0
20
0
0
TEXT
8
LABEL_INFO
10
0
20
0
40
0.49
1
0 0 1 1 0 1
72
1
73
1
11
0
21
0
41
0.75
7
W0$07
0
TEXT
8
LABEL_ATTRIBUTE
10
0
20
0
40
0.49
1
Ref.Des.
72
1
73
1
11
0
21
0
41
0.75
7
W0$07
0
TEXT
8
PART_NAME_126
10
0
20
0
40
0.49
1
R48
72
1
73
2
11
0
21
0
41
0.75
7
W0$07
0
TEXT
8
LABEL_INFO
10
1.6
20
-0.1
40
0.889
1
0 0 0 2 0 1
73
2
11
1.6
21
-0.1
41
0.75
7
W0$127
0
TEXT
8
LABEL_ATTRIBUTE
10
1.6
20
-0.1
40
0.889
1
PartType
73
2
11
1.6
21
-0.1
41
0.75
7
W0$127
0
TEXT
8
PART_TYPE_01
10
1.6
20
-0.1
40
0.889
1
R0402
73
3
11
1.6
21
-0.1
41
0.75
7
W0$127
0
TEXT
8
PART_INFO
10
1.6
20
-1.37
40
0.889
1
000000
73
3
11
1.6
21
-1.37
41
0.75
7
W0$127
0
TEXT
8
PART_PTS
10
1.6
20
-2.64
40
0.889
1
1 2 
73
3
11
1.6
21
-2.64
41
0.75
7
W0$127
0
ENDBLK
0
BLOCK
2
PART_TOP_188
8
0
10
0
20
0
3
PART_TOP_188
70
64
0
INSERT
2
SYM_TOP_27
8
0
10
0
20
0
0
INSERT
2
PKG_24
8
0
10
0
20
0
0
TEXT
8
LABEL_INFO
10
0
20
0
40
0.49
1
0 324000000 1 1 0 1
72
1
73
1
11
0
21
0
50
180
41
0.75
7
W0$07
0
TEXT
8
LABEL_ATTRIBUTE
10
0
20
0
40
0.49
1
Ref.Des.
72
1
73
1
11
0
21
0
50
180
41
0.75
7
W0$07
0
TEXT
8
PART_NAME_126
10
0
20
0
40
0.49
1
R49
72
1
73
2
11
0
21
0
50
180
41
0.75
7
W0$07
0
TEXT
8
LABEL_INFO
10
1.6
20
-0.1
40
0.889
1
0 0 0 2 0 1
73
2
11
1.6
21
-0.1
41
0.75
7
W0$127
0
TEXT
8
LABEL_ATTRIBUTE
10
1.6
20
-0.1
40
0.889
1
PartType
73
2
11
1.6
21
-0.1
41
0.75
7
W0$127
0
TEXT
8
PART_TYPE_01
10
1.6
20
-0.1
40
0.889
1
R0402
73
3
11
1.6
21
-0.1
41
0.75
7
W0$127
0
TEXT
8
PART_INFO
10
1.6
20
-1.37
40
0.889
1
000000
73
3
11
1.6
21
-1.37
41
0.75
7
W0$127
0
TEXT
8
PART_PTS
10
1.6
20
-2.64
40
0.889
1
1 2 
73
3
11
1.6
21
-2.64
41
0.75
7
W0$127
0
ENDBLK
0
BLOCK
2
PART_TOP_189
8
0
10
0
20
0
3
PART_TOP_189
70
64
0
INSERT
2
SYM_TOP_27
8
0
10
0
20
0
0
INSERT
2
PKG_24
8
0
10
0
20
0
0
TEXT
8
LABEL_INFO
10
0
20
0
40
0.49
1
0 324000000 1 1 0 1
72
1
73
1
11
0
21
0
50
180
41
0.75
7
W0$07
0
TEXT
8
LABEL_ATTRIBUTE
10
0
20
0
40
0.49
1
Ref.Des.
72
1
73
1
11
0
21
0
50
180
41
0.75
7
W0$07
0
TEXT
8
PART_NAME_126
10
0
20
0
40
0.49
1
R50
72
1
73
2
11
0
21
0
50
180
41
0.75
7
W0$07
0
TEXT
8
LABEL_INFO
10
1.6
20
-0.1
40
0.889
1
0 0 0 2 0 1
73
2
11
1.6
21
-0.1
41
0.75
7
W0$127
0
TEXT
8
LABEL_ATTRIBUTE
10
1.6
20
-0.1
40
0.889
1
PartType
73
2
11
1.6
21
-0.1
41
0.75
7
W0$127
0
TEXT
8
PART_TYPE_01
10
1.6
20
-0.1
40
0.889
1
R0402
73
3
11
1.6
21
-0.1
41
0.75
7
W0$127
0
TEXT
8
PART_INFO
10
1.6
20
-1.37
40
0.889
1
000000
73
3
11
1.6
21
-1.37
41
0.75
7
W0$127
0
TEXT
8
PART_PTS
10
1.6
20
-2.64
40
0.889
1
1 2 
73
3
11
1.6
21
-2.64
41
0.75
7
W0$127
0
ENDBLK
0
BLOCK
2
PART_TOP_190
8
0
10
0
20
0
3
PART_TOP_190
70
64
0
INSERT
2
SYM_TOP_27
8
0
10
0
20
0
0
INSERT
2
PKG_24
8
0
10
0
20
0
0
TEXT
8
LABEL_INFO
10
0
20
0
40
0.49
1
0 324000000 1 1 0 1
72
1
73
1
11
0
21
0
50
180
41
0.75
7
W0$07
0
TEXT
8
LABEL_ATTRIBUTE
10
0
20
0
40
0.49
1
Ref.Des.
72
1
73
1
11
0
21
0
50
180
41
0.75
7
W0$07
0
TEXT
8
PART_NAME_126
10
0
20
0
40
0.49
1
R56
72
1
73
2
11
0
21
0
50
180
41
0.75
7
W0$07
0
TEXT
8
LABEL_INFO
10
1.6
20
-0.1
40
0.889
1
0 0 0 2 0 1
73
2
11
1.6
21
-0.1
41
0.75
7
W0$127
0
TEXT
8
LABEL_ATTRIBUTE
10
1.6
20
-0.1
40
0.889
1
PartType
73
2
11
1.6
21
-0.1
41
0.75
7
W0$127
0
TEXT
8
PART_TYPE_01
10
1.6
20
-0.1
40
0.889
1
R0402
73
3
11
1.6
21
-0.1
41
0.75
7
W0$127
0
TEXT
8
PART_INFO
10
1.6
20
-1.37
40
0.889
1
000000
73
3
11
1.6
21
-1.37
41
0.75
7
W0$127
0
TEXT
8
PART_PTS
10
1.6
20
-2.64
40
0.889
1
1 2 
73
3
11
1.6
21
-2.64
41
0.75
7
W0$127
0
ENDBLK
0
BLOCK
2
PART_TOP_191
8
0
10
0
20
0
3
PART_TOP_191
70
64
0
INSERT
2
SYM_TOP_27
8
0
10
0
20
0
0
INSERT
2
PKG_24
8
0
10
0
20
0
0
TEXT
8
LABEL_INFO
10
0
20
0
40
0.49
1
0 0 1 1 0 1
72
1
73
1
11
0
21
0
41
0.75
7
W0$07
0
TEXT
8
LABEL_ATTRIBUTE
10
0
20
0
40
0.49
1
Ref.Des.
72
1
73
1
11
0
21
0
41
0.75
7
W0$07
0
TEXT
8
PART_NAME_126
10
0
20
0
40
0.49
1
R57
72
1
73
2
11
0
21
0
41
0.75
7
W0$07
0
TEXT
8
LABEL_INFO
10
1.6
20
-0.1
40
0.889
1
0 0 0 2 0 1
73
2
11
1.6
21
-0.1
41
0.75
7
W0$127
0
TEXT
8
LABEL_ATTRIBUTE
10
1.6
20
-0.1
40
0.889
1
PartType
73
2
11
1.6
21
-0.1
41
0.75
7
W0$127
0
TEXT
8
PART_TYPE_01
10
1.6
20
-0.1
40
0.889
1
R0402
73
3
11
1.6
21
-0.1
41
0.75
7
W0$127
0
TEXT
8
PART_INFO
10
1.6
20
-1.37
40
0.889
1
000000
73
3
11
1.6
21
-1.37
41
0.75
7
W0$127
0
TEXT
8
PART_PTS
10
1.6
20
-2.64
40
0.889
1
1 2 
73
3
11
1.6
21
-2.64
41
0.75
7
W0$127
0
ENDBLK
0
BLOCK
2
PART_TOP_192
8
0
10
0
20
0
3
PART_TOP_192
70
64
0
INSERT
2
SYM_TOP_27
8
0
10
0
20
0
0
INSERT
2
PKG_24
8
0
10
0
20
0
0
TEXT
8
LABEL_INFO
10
0
20
0
40
0.49
1
0 0 1 1 0 1
72
1
73
1
11
0
21
0
41
0.75
7
W0$07
0
TEXT
8
LABEL_ATTRIBUTE
10
0
20
0
40
0.49
1
Ref.Des.
72
1
73
1
11
0
21
0
41
0.75
7
W0$07
0
TEXT
8
PART_NAME_126
10
0
20
0
40
0.49
1
R58
72
1
73
2
11
0
21
0
41
0.75
7
W0$07
0
TEXT
8
LABEL_INFO
10
1.6
20
-0.1
40
0.889
1
0 0 0 2 0 1
73
2
11
1.6
21
-0.1
41
0.75
7
W0$127
0
TEXT
8
LABEL_ATTRIBUTE
10
1.6
20
-0.1
40
0.889
1
PartType
73
2
11
1.6
21
-0.1
41
0.75
7
W0$127
0
TEXT
8
PART_TYPE_01
10
1.6
20
-0.1
40
0.889
1
R0402
73
3
11
1.6
21
-0.1
41
0.75
7
W0$127
0
TEXT
8
PART_INFO
10
1.6
20
-1.37
40
0.889
1
000000
73
3
11
1.6
21
-1.37
41
0.75
7
W0$127
0
TEXT
8
PART_PTS
10
1.6
20
-2.64
40
0.889
1
1 2 
73
3
11
1.6
21
-2.64
41
0.75
7
W0$127
0
ENDBLK
0
BLOCK
2
PART_TOP_193
8
0
10
0
20
0
3
PART_TOP_193
70
64
0
INSERT
2
SYM_TOP_27
8
0
10
0
20
0
0
INSERT
2
PKG_24
8
0
10
0
20
0
0
TEXT
8
LABEL_INFO
10
0
20
0
40
0.49
1
0 324000000 1 1 0 1
72
1
73
1
11
0
21
0
50
180
41
0.75
7
W0$07
0
TEXT
8
LABEL_ATTRIBUTE
10
0
20
0
40
0.49
1
Ref.Des.
72
1
73
1
11
0
21
0
50
180
41
0.75
7
W0$07
0
TEXT
8
PART_NAME_126
10
0
20
0
40
0.49
1
R59
72
1
73
2
11
0
21
0
50
180
41
0.75
7
W0$07
0
TEXT
8
LABEL_INFO
10
1.6
20
-0.1
40
0.889
1
0 0 0 2 0 1
73
2
11
1.6
21
-0.1
41
0.75
7
W0$127
0
TEXT
8
LABEL_ATTRIBUTE
10
1.6
20
-0.1
40
0.889
1
PartType
73
2
11
1.6
21
-0.1
41
0.75
7
W0$127
0
TEXT
8
PART_TYPE_01
10
1.6
20
-0.1
40
0.889
1
R0402
73
3
11
1.6
21
-0.1
41
0.75
7
W0$127
0
TEXT
8
PART_INFO
10
1.6
20
-1.37
40
0.889
1
000000
73
3
11
1.6
21
-1.37
41
0.75
7
W0$127
0
TEXT
8
PART_PTS
10
1.6
20
-2.64
40
0.889
1
1 2 
73
3
11
1.6
21
-2.64
41
0.75
7
W0$127
0
ENDBLK
0
BLOCK
2
PART_TOP_194
8
0
10
0
20
0
3
PART_TOP_194
70
64
0
INSERT
2
SYM_TOP_27
8
0
10
0
20
0
0
INSERT
2
PKG_24
8
0
10
0
20
0
0
TEXT
8
LABEL_INFO
10
0
20
0
40
0.49
1
0 324000000 1 1 0 1
72
1
73
1
11
0
21
0
50
180
41
0.75
7
W0$07
0
TEXT
8
LABEL_ATTRIBUTE
10
0
20
0
40
0.49
1
Ref.Des.
72
1
73
1
11
0
21
0
50
180
41
0.75
7
W0$07
0
TEXT
8
PART_NAME_126
10
0
20
0
40
0.49
1
R84
72
1
73
2
11
0
21
0
50
180
41
0.75
7
W0$07
0
TEXT
8
LABEL_INFO
10
1.6
20
-0.1
40
0.889
1
0 0 0 2 0 1
73
2
11
1.6
21
-0.1
41
0.75
7
W0$127
0
TEXT
8
LABEL_ATTRIBUTE
10
1.6
20
-0.1
40
0.889
1
PartType
73
2
11
1.6
21
-0.1
41
0.75
7
W0$127
0
TEXT
8
PART_TYPE_01
10
1.6
20
-0.1
40
0.889
1
R0402
73
3
11
1.6
21
-0.1
41
0.75
7
W0$127
0
TEXT
8
PART_INFO
10
1.6
20
-1.37
40
0.889
1
000000
73
3
11
1.6
21
-1.37
41
0.75
7
W0$127
0
TEXT
8
PART_PTS
10
1.6
20
-2.64
40
0.889
1
1 2 
73
3
11
1.6
21
-2.64
41
0.75
7
W0$127
0
ENDBLK
0
BLOCK
2
PART_TOP_195
8
0
10
0
20
0
3
PART_TOP_195
70
64
0
INSERT
2
SYM_TOP_5
8
0
10
0
20
0
0
INSERT
2
PKG_1
8
0
10
0
20
0
0
TEXT
8
LABEL_INFO
10
0
20
0
40
0.49
1
0 324000000 1 1 0 1
72
1
73
1
11
0
21
0
50
180
41
0.75
7
W0$07
0
TEXT
8
LABEL_ATTRIBUTE
10
0
20
0
40
0.49
1
Ref.Des.
72
1
73
1
11
0
21
0
50
180
41
0.75
7
W0$07
0
TEXT
8
PART_NAME_126
10
0
20
0
40
0.49
1
C60
72
1
73
2
11
0
21
0
50
180
41
0.75
7
W0$07
0
TEXT
8
LABEL_INFO
10
0
20
0
40
0.889
1
0 324000000 1 1 0 1
72
1
73
1
11
0
21
0
50
180
41
0.75
7
W0$127
0
TEXT
8
LABEL_ATTRIBUTE
10
0
20
0
40
0.889
1
Comment
72
1
73
1
11
0
21
0
50
180
41
0.75
7
W0$127
0
TEXT
8
ATTRIBUTE_126
10
0
20
0
40
0.889
1
 
72
1
73
2
11
0
21
0
50
180
41
0.75
7
W0$127
0
TEXT
8
PART_TYPE_TOP
10
0
20
-1.27
40
0.889
1
C0402
72
1
73
2
11
0
21
-1.27
50
180
41
0.75
7
W0$127
0
TEXT
8
PART_INFO
10
0
20
-2.54
40
0.889
1
000000
72
1
73
2
11
0
21
-2.54
50
180
41
0.75
7
W0$127
0
TEXT
8
PART_PTS
10
0
20
-3.81
40
0.889
1
1 2 
72
1
73
2
11
0
21
-3.81
50
180
41
0.75
7
W0$127
0
ENDBLK
0
BLOCK
2
PART_TOP_196
8
0
10
0
20
0
3
PART_TOP_196
70
64
0
INSERT
2
SYM_TOP_5
8
0
10
0
20
0
0
INSERT
2
PKG_1
8
0
10
0
20
0
0
TEXT
8
LABEL_INFO
10
0
20
0
40
0.49
1
0 324000000 1 1 0 1
72
1
73
1
11
0
21
0
50
180
41
0.75
7
W0$07
0
TEXT
8
LABEL_ATTRIBUTE
10
0
20
0
40
0.49
1
Ref.Des.
72
1
73
1
11
0
21
0
50
180
41
0.75
7
W0$07
0
TEXT
8
PART_NAME_126
10
0
20
0
40
0.49
1
C61
72
1
73
2
11
0
21
0
50
180
41
0.75
7
W0$07
0
TEXT
8
LABEL_INFO
10
0
20
0
40
0.889
1
0 0 0 0 0 0
41
0.75
7
W0$1016
0
TEXT
8
LABEL_ATTRIBUTE
10
0
20
0
40
0.889
1
Ref.Des.
41
0.75
7
W0$1016
0
TEXT
8
PART_NAME_01
10
0
20
0
40
0.889
1
C61
41
0.75
7
W0$1016
0
TEXT
8
LABEL_INFO
10
-1.0668
20
0.127
40
0.74676
1
0 0 0 1 0 1
73
1
11
-1.0668
21
0.127
41
0.75
7
W0$127
0
TEXT
8
LABEL_ATTRIBUTE
10
-1.0668
20
0.127
40
0.74676
1
PartType
73
1
11
-1.0668
21
0.127
41
0.75
7
W0$127
0
TEXT
8
PART_TYPE_01
10
-1.0668
20
0.127
40
0.74676
1
C0402
73
2
11
-1.0668
21
0.127
41
0.75
7
W0$127
0
TEXT
8
PART_INFO
10
-1.0668
20
-0.9398
40
0.74676
1
000000
73
2
11
-1.0668
21
-0.9398
41
0.75
7
W0$127
0
TEXT
8
PART_PTS
10
-1.0668
20
-2.0066
40
0.74676
1
1 2 
73
2
11
-1.0668
21
-2.0066
41
0.75
7
W0$127
0
ENDBLK
0
BLOCK
2
PART_TOP_197
8
0
10
0
20
0
3
PART_TOP_197
70
64
0
INSERT
2
SYM_TOP_5
8
0
10
0
20
0
0
INSERT
2
PKG_1
8
0
10
0
20
0
0
TEXT
8
LABEL_INFO
10
0
20
0
40
0.49
1
0 324000000 1 1 0 1
72
1
73
1
11
0
21
0
50
180
41
0.75
7
W0$07
0
TEXT
8
LABEL_ATTRIBUTE
10
0
20
0
40
0.49
1
Ref.Des.
72
1
73
1
11
0
21
0
50
180
41
0.75
7
W0$07
0
TEXT
8
PART_NAME_126
10
0
20
0
40
0.49
1
C63
72
1
73
2
11
0
21
0
50
180
41
0.75
7
W0$07
0
TEXT
8
LABEL_INFO
10
0
20
0
40
0.889
1
0 0 0 0 0 0
41
0.75
7
W0$1016
0
TEXT
8
LABEL_ATTRIBUTE
10
0
20
0
40
0.889
1
Ref.Des.
41
0.75
7
W0$1016
0
TEXT
8
PART_NAME_01
10
0
20
0
40
0.889
1
C63
41
0.75
7
W0$1016
0
TEXT
8
LABEL_INFO
10
-1.0668
20
0.127
40
0.74676
1
0 0 0 1 0 1
73
1
11
-1.0668
21
0.127
41
0.75
7
W0$127
0
TEXT
8
LABEL_ATTRIBUTE
10
-1.0668
20
0.127
40
0.74676
1
PartType
73
1
11
-1.0668
21
0.127
41
0.75
7
W0$127
0
TEXT
8
PART_TYPE_01
10
-1.0668
20
0.127
40
0.74676
1
C0402
73
2
11
-1.0668
21
0.127
41
0.75
7
W0$127
0
TEXT
8
PART_INFO
10
-1.0668
20
-0.9398
40
0.74676
1
000000
73
2
11
-1.0668
21
-0.9398
41
0.75
7
W0$127
0
TEXT
8
PART_PTS
10
-1.0668
20
-2.0066
40
0.74676
1
1 2 
73
2
11
-1.0668
21
-2.0066
41
0.75
7
W0$127
0
ENDBLK
0
BLOCK
2
PART_TOP_198
8
0
10
0
20
0
3
PART_TOP_198
70
64
0
INSERT
2
SYM_TOP_7
8
0
10
0
20
0
0
INSERT
2
PKG_3
8
0
10
0
20
0
0
TEXT
8
LABEL_INFO
10
0
20
0
40
0.49
1
0 0 1 1 0 1
72
1
73
1
11
0
21
0
41
0.75
7
W0$07
0
TEXT
8
LABEL_ATTRIBUTE
10
0
20
0
40
0.49
1
Ref.Des.
72
1
73
1
11
0
21
0
41
0.75
7
W0$07
0
TEXT
8
PART_NAME_126
10
0
20
0
40
0.49
1
C11
72
1
73
2
11
0
21
0
41
0.75
7
W0$07
0
TEXT
8
LABEL_INFO
10
0
20
0
40
1.0668
1
0 0 1 1 0 1
72
1
73
1
11
0
21
0
41
0.75
7
W0$254
0
TEXT
8
LABEL_ATTRIBUTE
10
0
20
0
40
1.0668
1
PartType
72
1
73
1
11
0
21
0
41
0.75
7
W0$254
0
TEXT
8
PART_TYPE_126
10
0
20
0
40
1.0668
1
C0805
72
1
73
2
11
0
21
0
41
0.75
7
W0$254
0
TEXT
8
LABEL_INFO
10
0
20
0
40
1.0668
1
0 0 1 1 0 0
72
1
73
1
11
0
21
0
41
0.75
7
W0$254
0
TEXT
8
LABEL_ATTRIBUTE
10
0
20
0
40
1.0668
1
Ref.Des.
72
1
73
1
11
0
21
0
41
0.75
7
W0$254
0
TEXT
8
PART_NAME_126
10
0
20
0
40
1.0668
1
C11
72
1
73
2
11
0
21
0
41
0.75
7
W0$254
0
TEXT
8
PART_INFO
10
0
20
-1.524
40
1.0668
1
000000
72
1
73
2
11
0
21
-1.524
41
0.75
7
W0$254
0
TEXT
8
PART_PTS
10
0
20
-3.048
40
1.0668
1
1 2 
72
1
73
2
11
0
21
-3.048
41
0.75
7
W0$254
0
ENDBLK
0
BLOCK
2
PART_TOP_199
8
0
10
0
20
0
3
PART_TOP_199
70
64
0
INSERT
2
SYM_TOP_6
8
0
10
0
20
0
0
INSERT
2
PKG_2
8
0
10
0
20
0
0
TEXT
8
LABEL_INFO
10
0
20
0
40
0.49
1
0 0 1 1 0 1
72
1
73
1
11
0
21
0
41
0.75
7
W0$07
0
TEXT
8
LABEL_ATTRIBUTE
10
0
20
0
40
0.49
1
Ref.Des.
72
1
73
1
11
0
21
0
41
0.75
7
W0$07
0
TEXT
8
PART_NAME_126
10
0
20
0
40
0.49
1
C14
72
1
73
2
11
0
21
0
41
0.75
7
W0$07
0
TEXT
8
LABEL_INFO
10
0
20
0
40
1.0668
1
0 0 1 1 0 1
72
1
73
1
11
0
21
0
41
0.75
7
W0$254
0
TEXT
8
LABEL_ATTRIBUTE
10
0
20
0
40
1.0668
1
PartType
72
1
73
1
11
0
21
0
41
0.75
7
W0$254
0
TEXT
8
PART_TYPE_126
10
0
20
0
40
1.0668
1
C0603
72
1
73
2
11
0
21
0
41
0.75
7
W0$254
0
TEXT
8
LABEL_INFO
10
0
20
0
40
1.0668
1
0 0 1 1 0 0
72
1
73
1
11
0
21
0
41
0.75
7
W0$254
0
TEXT
8
LABEL_ATTRIBUTE
10
0
20
0
40
1.0668
1
Ref.Des.
72
1
73
1
11
0
21
0
41
0.75
7
W0$254
0
TEXT
8
PART_NAME_126
10
0
20
0
40
1.0668
1
C14
72
1
73
2
11
0
21
0
41
0.75
7
W0$254
0
TEXT
8
PART_INFO
10
0
20
-1.524
40
1.0668
1
000000
72
1
73
2
11
0
21
-1.524
41
0.75
7
W0$254
0
TEXT
8
PART_PTS
10
0
20
-3.048
40
1.0668
1
1 2 
72
1
73
2
11
0
21
-3.048
41
0.75
7
W0$254
0
ENDBLK
0
BLOCK
2
PART_TOP_200
8
0
10
0
20
0
3
PART_TOP_200
70
64
0
INSERT
2
SYM_TOP_7
8
0
10
0
20
0
0
INSERT
2
PKG_3
8
0
10
0
20
0
0
TEXT
8
LABEL_INFO
10
0
20
0
40
0.49
1
0 0 1 1 0 1
72
1
73
1
11
0
21
0
41
0.75
7
W0$07
0
TEXT
8
LABEL_ATTRIBUTE
10
0
20
0
40
0.49
1
Ref.Des.
72
1
73
1
11
0
21
0
41
0.75
7
W0$07
0
TEXT
8
PART_NAME_126
10
0
20
0
40
0.49
1
C19
72
1
73
2
11
0
21
0
41
0.75
7
W0$07
0
TEXT
8
LABEL_INFO
10
0
20
0
40
1.0668
1
0 0 1 1 0 1
72
1
73
1
11
0
21
0
41
0.75
7
W0$254
0
TEXT
8
LABEL_ATTRIBUTE
10
0
20
0
40
1.0668
1
PartType
72
1
73
1
11
0
21
0
41
0.75
7
W0$254
0
TEXT
8
PART_TYPE_126
10
0
20
0
40
1.0668
1
C0805
72
1
73
2
11
0
21
0
41
0.75
7
W0$254
0
TEXT
8
LABEL_INFO
10
0
20
0
40
1.0668
1
0 0 1 1 0 0
72
1
73
1
11
0
21
0
41
0.75
7
W0$254
0
TEXT
8
LABEL_ATTRIBUTE
10
0
20
0
40
1.0668
1
Ref.Des.
72
1
73
1
11
0
21
0
41
0.75
7
W0$254
0
TEXT
8
PART_NAME_126
10
0
20
0
40
1.0668
1
C19
72
1
73
2
11
0
21
0
41
0.75
7
W0$254
0
TEXT
8
PART_INFO
10
0
20
-1.524
40
1.0668
1
000000
72
1
73
2
11
0
21
-1.524
41
0.75
7
W0$254
0
TEXT
8
PART_PTS
10
0
20
-3.048
40
1.0668
1
1 2 
72
1
73
2
11
0
21
-3.048
41
0.75
7
W0$254
0
ENDBLK
0
BLOCK
2
PART_TOP_201
8
0
10
0
20
0
3
PART_TOP_201
70
64
0
INSERT
2
SYM_TOP_7
8
0
10
0
20
0
0
INSERT
2
PKG_3
8
0
10
0
20
0
0
TEXT
8
LABEL_INFO
10
0
20
0
40
0.49
1
0 0 1 1 0 1
72
1
73
1
11
0
21
0
41
0.75
7
W0$07
0
TEXT
8
LABEL_ATTRIBUTE
10
0
20
0
40
0.49
1
Ref.Des.
72
1
73
1
11
0
21
0
41
0.75
7
W0$07
0
TEXT
8
PART_NAME_126
10
0
20
0
40
0.49
1
C20
72
1
73
2
11
0
21
0
41
0.75
7
W0$07
0
TEXT
8
LABEL_INFO
10
0
20
0
40
1.0668
1
0 0 1 1 0 1
72
1
73
1
11
0
21
0
41
0.75
7
W0$254
0
TEXT
8
LABEL_ATTRIBUTE
10
0
20
0
40
1.0668
1
PartType
72
1
73
1
11
0
21
0
41
0.75
7
W0$254
0
TEXT
8
PART_TYPE_126
10
0
20
0
40
1.0668
1
C0805
72
1
73
2
11
0
21
0
41
0.75
7
W0$254
0
TEXT
8
LABEL_INFO
10
0
20
0
40
1.0668
1
0 0 1 1 0 0
72
1
73
1
11
0
21
0
41
0.75
7
W0$254
0
TEXT
8
LABEL_ATTRIBUTE
10
0
20
0
40
1.0668
1
Ref.Des.
72
1
73
1
11
0
21
0
41
0.75
7
W0$254
0
TEXT
8
PART_NAME_126
10
0
20
0
40
1.0668
1
C20
72
1
73
2
11
0
21
0
41
0.75
7
W0$254
0
TEXT
8
PART_INFO
10
0
20
-1.524
40
1.0668
1
000000
72
1
73
2
11
0
21
-1.524
41
0.75
7
W0$254
0
TEXT
8
PART_PTS
10
0
20
-3.048
40
1.0668
1
1 2 
72
1
73
2
11
0
21
-3.048
41
0.75
7
W0$254
0
ENDBLK
0
BLOCK
2
PART_TOP_202
8
0
10
0
20
0
3
PART_TOP_202
70
64
0
INSERT
2
SYM_TOP_7
8
0
10
0
20
0
0
INSERT
2
PKG_3
8
0
10
0
20
0
0
TEXT
8
LABEL_INFO
10
0
20
0
40
0.49
1
0 0 1 1 0 1
72
1
73
1
11
0
21
0
41
0.75
7
W0$07
0
TEXT
8
LABEL_ATTRIBUTE
10
0
20
0
40
0.49
1
Ref.Des.
72
1
73
1
11
0
21
0
41
0.75
7
W0$07
0
TEXT
8
PART_NAME_126
10
0
20
0
40
0.49
1
C21
72
1
73
2
11
0
21
0
41
0.75
7
W0$07
0
TEXT
8
LABEL_INFO
10
0
20
0
40
1.0668
1
0 0 1 1 0 1
72
1
73
1
11
0
21
0
41
0.75
7
W0$254
0
TEXT
8
LABEL_ATTRIBUTE
10
0
20
0
40
1.0668
1
PartType
72
1
73
1
11
0
21
0
41
0.75
7
W0$254
0
TEXT
8
PART_TYPE_126
10
0
20
0
40
1.0668
1
C0805
72
1
73
2
11
0
21
0
41
0.75
7
W0$254
0
TEXT
8
LABEL_INFO
10
0
20
0
40
1.0668
1
0 0 1 1 0 0
72
1
73
1
11
0
21
0
41
0.75
7
W0$254
0
TEXT
8
LABEL_ATTRIBUTE
10
0
20
0
40
1.0668
1
Ref.Des.
72
1
73
1
11
0
21
0
41
0.75
7
W0$254
0
TEXT
8
PART_NAME_126
10
0
20
0
40
1.0668
1
C21
72
1
73
2
11
0
21
0
41
0.75
7
W0$254
0
TEXT
8
PART_INFO
10
0
20
-1.524
40
1.0668
1
000000
72
1
73
2
11
0
21
-1.524
41
0.75
7
W0$254
0
TEXT
8
PART_PTS
10
0
20
-3.048
40
1.0668
1
1 2 
72
1
73
2
11
0
21
-3.048
41
0.75
7
W0$254
0
ENDBLK
0
BLOCK
2
PART_TOP_203
8
0
10
0
20
0
3
PART_TOP_203
70
64
0
INSERT
2
SYM_TOP_7
8
0
10
0
20
0
0
INSERT
2
PKG_3
8
0
10
0
20
0
0
TEXT
8
LABEL_INFO
10
0
20
0
40
0.49
1
0 324000000 1 1 0 1
72
1
73
1
11
0
21
0
50
180
41
0.75
7
W0$07
0
TEXT
8
LABEL_ATTRIBUTE
10
0
20
0
40
0.49
1
Ref.Des.
72
1
73
1
11
0
21
0
50
180
41
0.75
7
W0$07
0
TEXT
8
PART_NAME_126
10
0
20
0
40
0.49
1
C27
72
1
73
2
11
0
21
0
50
180
41
0.75
7
W0$07
0
TEXT
8
LABEL_INFO
10
0
20
0
40
1.0668
1
0 324000000 1 1 0 1
72
1
73
1
11
0
21
0
50
180
41
0.75
7
W0$254
0
TEXT
8
LABEL_ATTRIBUTE
10
0
20
0
40
1.0668
1
PartType
72
1
73
1
11
0
21
0
50
180
41
0.75
7
W0$254
0
TEXT
8
PART_TYPE_126
10
0
20
0
40
1.0668
1
C0805
72
1
73
2
11
0
21
0
50
180
41
0.75
7
W0$254
0
TEXT
8
LABEL_INFO
10
0
20
0
40
1.0668
1
0 324000000 1 1 0 0
72
1
73
1
11
0
21
0
50
180
41
0.75
7
W0$254
0
TEXT
8
LABEL_ATTRIBUTE
10
0
20
0
40
1.0668
1
Ref.Des.
72
1
73
1
11
0
21
0
50
180
41
0.75
7
W0$254
0
TEXT
8
PART_NAME_126
10
0
20
0
40
1.0668
1
C27
72
1
73
2
11
0
21
0
50
180
41
0.75
7
W0$254
0
TEXT
8
PART_INFO
10
0
20
-1.524
40
1.0668
1
000000
72
1
73
2
11
0
21
-1.524
50
180
41
0.75
7
W0$254
0
TEXT
8
PART_PTS
10
0
20
-3.048
40
1.0668
1
1 2 
72
1
73
2
11
0
21
-3.048
50
180
41
0.75
7
W0$254
0
ENDBLK
0
BLOCK
2
PART_TOP_204
8
0
10
0
20
0
3
PART_TOP_204
70
64
0
INSERT
2
SYM_TOP_7
8
0
10
0
20
0
0
INSERT
2
PKG_3
8
0
10
0
20
0
0
TEXT
8
LABEL_INFO
10
0
20
0
40
0.49
1
0 324000000 1 1 0 1
72
1
73
1
11
0
21
0
50
180
41
0.75
7
W0$07
0
TEXT
8
LABEL_ATTRIBUTE
10
0
20
0
40
0.49
1
Ref.Des.
72
1
73
1
11
0
21
0
50
180
41
0.75
7
W0$07
0
TEXT
8
PART_NAME_126
10
0
20
0
40
0.49
1
C32
72
1
73
2
11
0
21
0
50
180
41
0.75
7
W0$07
0
TEXT
8
LABEL_INFO
10
0
20
0
40
1.0668
1
0 324000000 1 1 0 1
72
1
73
1
11
0
21
0
50
180
41
0.75
7
W0$254
0
TEXT
8
LABEL_ATTRIBUTE
10
0
20
0
40
1.0668
1
PartType
72
1
73
1
11
0
21
0
50
180
41
0.75
7
W0$254
0
TEXT
8
PART_TYPE_126
10
0
20
0
40
1.0668
1
C0805
72
1
73
2
11
0
21
0
50
180
41
0.75
7
W0$254
0
TEXT
8
LABEL_INFO
10
0
20
0
40
1.0668
1
0 324000000 1 1 0 0
72
1
73
1
11
0
21
0
50
180
41
0.75
7
W0$254
0
TEXT
8
LABEL_ATTRIBUTE
10
0
20
0
40
1.0668
1
Ref.Des.
72
1
73
1
11
0
21
0
50
180
41
0.75
7
W0$254
0
TEXT
8
PART_NAME_126
10
0
20
0
40
1.0668
1
C32
72
1
73
2
11
0
21
0
50
180
41
0.75
7
W0$254
0
TEXT
8
PART_INFO
10
0
20
-1.524
40
1.0668
1
000000
72
1
73
2
11
0
21
-1.524
50
180
41
0.75
7
W0$254
0
TEXT
8
PART_PTS
10
0
20
-3.048
40
1.0668
1
1 2 
72
1
73
2
11
0
21
-3.048
50
180
41
0.75
7
W0$254
0
ENDBLK
0
BLOCK
2
PART_TOP_205
8
0
10
0
20
0
3
PART_TOP_205
70
64
0
INSERT
2
SYM_TOP_7
8
0
10
0
20
0
0
INSERT
2
PKG_3
8
0
10
0
20
0
0
TEXT
8
LABEL_INFO
10
0
20
0
40
0.49
1
0 324000000 1 1 0 1
72
1
73
1
11
0
21
0
50
180
41
0.75
7
W0$07
0
TEXT
8
LABEL_ATTRIBUTE
10
0
20
0
40
0.49
1
Ref.Des.
72
1
73
1
11
0
21
0
50
180
41
0.75
7
W0$07
0
TEXT
8
PART_NAME_126
10
0
20
0
40
0.49
1
C33
72
1
73
2
11
0
21
0
50
180
41
0.75
7
W0$07
0
TEXT
8
LABEL_INFO
10
0
20
0
40
1.0668
1
0 324000000 1 1 0 1
72
1
73
1
11
0
21
0
50
180
41
0.75
7
W0$254
0
TEXT
8
LABEL_ATTRIBUTE
10
0
20
0
40
1.0668
1
PartType
72
1
73
1
11
0
21
0
50
180
41
0.75
7
W0$254
0
TEXT
8
PART_TYPE_126
10
0
20
0
40
1.0668
1
C0805
72
1
73
2
11
0
21
0
50
180
41
0.75
7
W0$254
0
TEXT
8
LABEL_INFO
10
0
20
0
40
1.0668
1
0 324000000 1 1 0 0
72
1
73
1
11
0
21
0
50
180
41
0.75
7
W0$254
0
TEXT
8
LABEL_ATTRIBUTE
10
0
20
0
40
1.0668
1
Ref.Des.
72
1
73
1
11
0
21
0
50
180
41
0.75
7
W0$254
0
TEXT
8
PART_NAME_126
10
0
20
0
40
1.0668
1
C33
72
1
73
2
11
0
21
0
50
180
41
0.75
7
W0$254
0
TEXT
8
PART_INFO
10
0
20
-1.524
40
1.0668
1
000000
72
1
73
2
11
0
21
-1.524
50
180
41
0.75
7
W0$254
0
TEXT
8
PART_PTS
10
0
20
-3.048
40
1.0668
1
1 2 
72
1
73
2
11
0
21
-3.048
50
180
41
0.75
7
W0$254
0
ENDBLK
0
BLOCK
2
PART_TOP_206
8
0
10
0
20
0
3
PART_TOP_206
70
64
0
INSERT
2
SYM_TOP_7
8
0
10
0
20
0
0
INSERT
2
PKG_3
8
0
10
0
20
0
0
TEXT
8
LABEL_INFO
10
0
20
0
40
0.49
1
0 0 1 1 0 1
72
1
73
1
11
0
21
0
41
0.75
7
W0$07
0
TEXT
8
LABEL_ATTRIBUTE
10
0
20
0
40
0.49
1
Ref.Des.
72
1
73
1
11
0
21
0
41
0.75
7
W0$07
0
TEXT
8
PART_NAME_126
10
0
20
0
40
0.49
1
C38
72
1
73
2
11
0
21
0
41
0.75
7
W0$07
0
TEXT
8
LABEL_INFO
10
0
20
0
40
1.0668
1
0 0 1 1 0 1
72
1
73
1
11
0
21
0
41
0.75
7
W0$254
0
TEXT
8
LABEL_ATTRIBUTE
10
0
20
0
40
1.0668
1
PartType
72
1
73
1
11
0
21
0
41
0.75
7
W0$254
0
TEXT
8
PART_TYPE_126
10
0
20
0
40
1.0668
1
C0805
72
1
73
2
11
0
21
0
41
0.75
7
W0$254
0
TEXT
8
LABEL_INFO
10
0
20
0
40
1.0668
1
0 0 1 1 0 0
72
1
73
1
11
0
21
0
41
0.75
7
W0$254
0
TEXT
8
LABEL_ATTRIBUTE
10
0
20
0
40
1.0668
1
Ref.Des.
72
1
73
1
11
0
21
0
41
0.75
7
W0$254
0
TEXT
8
PART_NAME_126
10
0
20
0
40
1.0668
1
C38
72
1
73
2
11
0
21
0
41
0.75
7
W0$254
0
TEXT
8
PART_INFO
10
0
20
-1.524
40
1.0668
1
000000
72
1
73
2
11
0
21
-1.524
41
0.75
7
W0$254
0
TEXT
8
PART_PTS
10
0
20
-3.048
40
1.0668
1
1 2 
72
1
73
2
11
0
21
-3.048
41
0.75
7
W0$254
0
ENDBLK
0
BLOCK
2
PART_TOP_207
8
0
10
0
20
0
3
PART_TOP_207
70
64
0
INSERT
2
SYM_TOP_6
8
0
10
0
20
0
0
INSERT
2
PKG_2
8
0
10
0
20
0
0
TEXT
8
LABEL_INFO
10
0
20
0
40
0.49
1
0 324000000 1 1 0 1
72
1
73
1
11
0
21
0
50
180
41
0.75
7
W0$07
0
TEXT
8
LABEL_ATTRIBUTE
10
0
20
0
40
0.49
1
Ref.Des.
72
1
73
1
11
0
21
0
50
180
41
0.75
7
W0$07
0
TEXT
8
PART_NAME_126
10
0
20
0
40
0.49
1
C46
72
1
73
2
11
0
21
0
50
180
41
0.75
7
W0$07
0
TEXT
8
LABEL_INFO
10
0
20
0
40
1.0668
1
0 324000000 1 1 0 1
72
1
73
1
11
0
21
0
50
180
41
0.75
7
W0$254
0
TEXT
8
LABEL_ATTRIBUTE
10
0
20
0
40
1.0668
1
PartType
72
1
73
1
11
0
21
0
50
180
41
0.75
7
W0$254
0
TEXT
8
PART_TYPE_126
10
0
20
0
40
1.0668
1
C0603
72
1
73
2
11
0
21
0
50
180
41
0.75
7
W0$254
0
TEXT
8
LABEL_INFO
10
0
20
0
40
1.0668
1
0 324000000 1 1 0 0
72
1
73
1
11
0
21
0
50
180
41
0.75
7
W0$254
0
TEXT
8
LABEL_ATTRIBUTE
10
0
20
0
40
1.0668
1
Ref.Des.
72
1
73
1
11
0
21
0
50
180
41
0.75
7
W0$254
0
TEXT
8
PART_NAME_126
10
0
20
0
40
1.0668
1
C46
72
1
73
2
11
0
21
0
50
180
41
0.75
7
W0$254
0
TEXT
8
PART_INFO
10
0
20
-1.524
40
1.0668
1
000000
72
1
73
2
11
0
21
-1.524
50
180
41
0.75
7
W0$254
0
TEXT
8
PART_PTS
10
0
20
-3.048
40
1.0668
1
1 2 
72
1
73
2
11
0
21
-3.048
50
180
41
0.75
7
W0$254
0
ENDBLK
0
BLOCK
2
PART_TOP_208
8
0
10
0
20
0
3
PART_TOP_208
70
64
0
INSERT
2
SYM_TOP_7
8
0
10
0
20
0
0
INSERT
2
PKG_3
8
0
10
0
20
0
0
TEXT
8
LABEL_INFO
10
0
20
0
40
0.49
1
0 0 1 1 0 1
72
1
73
1
11
0
21
0
41
0.75
7
W0$07
0
TEXT
8
LABEL_ATTRIBUTE
10
0
20
0
40
0.49
1
Ref.Des.
72
1
73
1
11
0
21
0
41
0.75
7
W0$07
0
TEXT
8
PART_NAME_126
10
0
20
0
40
0.49
1
C47
72
1
73
2
11
0
21
0
41
0.75
7
W0$07
0
TEXT
8
LABEL_INFO
10
0
20
0
40
1.0668
1
0 0 1 1 0 0
72
1
73
1
11
0
21
0
41
0.75
7
W0$254
0
TEXT
8
LABEL_ATTRIBUTE
10
0
20
0
40
1.0668
1
Ref.Des.
72
1
73
1
11
0
21
0
41
0.75
7
W0$254
0
TEXT
8
PART_NAME_126
10
0
20
0
40
1.0668
1
C47
72
1
73
2
11
0
21
0
41
0.75
7
W0$254
0
TEXT
8
LABEL_INFO
10
0
20
0
40
1.0668
1
0 0 1 1 0 1
72
1
73
1
11
0
21
0
41
0.75
7
W0$254
0
TEXT
8
LABEL_ATTRIBUTE
10
0
20
0
40
1.0668
1
PartType
72
1
73
1
11
0
21
0
41
0.75
7
W0$254
0
TEXT
8
PART_TYPE_126
10
0
20
0
40
1.0668
1
C0805
72
1
73
2
11
0
21
0
41
0.75
7
W0$254
0
TEXT
8
PART_INFO
10
0
20
-1.524
40
1.0668
1
000000
72
1
73
2
11
0
21
-1.524
41
0.75
7
W0$254
0
TEXT
8
PART_PTS
10
0
20
-3.048
40
1.0668
1
1 2 
72
1
73
2
11
0
21
-3.048
41
0.75
7
W0$254
0
ENDBLK
0
BLOCK
2
PART_TOP_209
8
0
10
0
20
0
3
PART_TOP_209
70
64
0
INSERT
2
SYM_TOP_6
8
0
10
0
20
0
0
INSERT
2
PKG_2
8
0
10
0
20
0
0
TEXT
8
LABEL_INFO
10
0
20
0
40
0.49
1
0 0 1 1 0 1
72
1
73
1
11
0
21
0
41
0.75
7
W0$07
0
TEXT
8
LABEL_ATTRIBUTE
10
0
20
0
40
0.49
1
Ref.Des.
72
1
73
1
11
0
21
0
41
0.75
7
W0$07
0
TEXT
8
PART_NAME_126
10
0
20
0
40
0.49
1
C52
72
1
73
2
11
0
21
0
41
0.75
7
W0$07
0
TEXT
8
LABEL_INFO
10
0
20
0
40
1.0668
1
0 0 1 1 0 1
72
1
73
1
11
0
21
0
41
0.75
7
W0$254
0
TEXT
8
LABEL_ATTRIBUTE
10
0
20
0
40
1.0668
1
PartType
72
1
73
1
11
0
21
0
41
0.75
7
W0$254
0
TEXT
8
PART_TYPE_126
10
0
20
0
40
1.0668
1
C0603
72
1
73
2
11
0
21
0
41
0.75
7
W0$254
0
TEXT
8
LABEL_INFO
10
0
20
0
40
1.0668
1
0 0 1 1 0 0
72
1
73
1
11
0
21
0
41
0.75
7
W0$254
0
TEXT
8
LABEL_ATTRIBUTE
10
0
20
0
40
1.0668
1
Ref.Des.
72
1
73
1
11
0
21
0
41
0.75
7
W0$254
0
TEXT
8
PART_NAME_126
10
0
20
0
40
1.0668
1
C52
72
1
73
2
11
0
21
0
41
0.75
7
W0$254
0
TEXT
8
PART_INFO
10
0
20
-1.524
40
1.0668
1
000000
72
1
73
2
11
0
21
-1.524
41
0.75
7
W0$254
0
TEXT
8
PART_PTS
10
0
20
-3.048
40
1.0668
1
1 2 
72
1
73
2
11
0
21
-3.048
41
0.75
7
W0$254
0
ENDBLK
0
BLOCK
2
PART_TOP_210
8
0
10
0
20
0
3
PART_TOP_210
70
64
0
INSERT
2
SYM_TOP_6
8
0
10
0
20
0
0
INSERT
2
PKG_2
8
0
10
0
20
0
0
TEXT
8
LABEL_INFO
10
0
20
0
40
0.49
1
0 324000000 1 1 0 1
72
1
73
1
11
0
21
0
50
180
41
0.75
7
W0$07
0
TEXT
8
LABEL_ATTRIBUTE
10
0
20
0
40
0.49
1
Ref.Des.
72
1
73
1
11
0
21
0
50
180
41
0.75
7
W0$07
0
TEXT
8
PART_NAME_126
10
0
20
0
40
0.49
1
C53
72
1
73
2
11
0
21
0
50
180
41
0.75
7
W0$07
0
TEXT
8
LABEL_INFO
10
0
20
0
40
1.0668
1
0 324000000 1 1 0 0
72
1
73
1
11
0
21
0
50
180
41
0.75
7
W0$254
0
TEXT
8
LABEL_ATTRIBUTE
10
0
20
0
40
1.0668
1
Ref.Des.
72
1
73
1
11
0
21
0
50
180
41
0.75
7
W0$254
0
TEXT
8
PART_NAME_126
10
0
20
0
40
1.0668
1
C53
72
1
73
2
11
0
21
0
50
180
41
0.75
7
W0$254
0
TEXT
8
LABEL_INFO
10
0
20
0
40
1.0668
1
0 324000000 1 1 0 1
72
1
73
1
11
0
21
0
50
180
41
0.75
7
W0$254
0
TEXT
8
LABEL_ATTRIBUTE
10
0
20
0
40
1.0668
1
PartType
72
1
73
1
11
0
21
0
50
180
41
0.75
7
W0$254
0
TEXT
8
PART_TYPE_126
10
0
20
0
40
1.0668
1
C0603
72
1
73
2
11
0
21
0
50
180
41
0.75
7
W0$254
0
TEXT
8
PART_INFO
10
0
20
-1.524
40
1.0668
1
000000
72
1
73
2
11
0
21
-1.524
50
180
41
0.75
7
W0$254
0
TEXT
8
PART_PTS
10
0
20
-3.048
40
1.0668
1
1 2 
72
1
73
2
11
0
21
-3.048
50
180
41
0.75
7
W0$254
0
ENDBLK
0
BLOCK
2
PART_TOP_211
8
0
10
0
20
0
3
PART_TOP_211
70
64
0
INSERT
2
SYM_TOP_6
8
0
10
0
20
0
0
INSERT
2
PKG_2
8
0
10
0
20
0
0
TEXT
8
LABEL_INFO
10
0
20
0
40
0.49
1
0 324000000 1 1 0 1
72
1
73
1
11
0
21
0
50
180
41
0.75
7
W0$07
0
TEXT
8
LABEL_ATTRIBUTE
10
0
20
0
40
0.49
1
Ref.Des.
72
1
73
1
11
0
21
0
50
180
41
0.75
7
W0$07
0
TEXT
8
PART_NAME_126
10
0
20
0
40
0.49
1
C58
72
1
73
2
11
0
21
0
50
180
41
0.75
7
W0$07
0
TEXT
8
LABEL_INFO
10
0
20
0
40
1.0668
1
0 324000000 1 1 0 1
72
1
73
1
11
0
21
0
50
180
41
0.75
7
W0$254
0
TEXT
8
LABEL_ATTRIBUTE
10
0
20
0
40
1.0668
1
PartType
72
1
73
1
11
0
21
0
50
180
41
0.75
7
W0$254
0
TEXT
8
PART_TYPE_126
10
0
20
0
40
1.0668
1
C0603
72
1
73
2
11
0
21
0
50
180
41
0.75
7
W0$254
0
TEXT
8
LABEL_INFO
10
0
20
0
40
1.0668
1
0 324000000 1 1 0 0
72
1
73
1
11
0
21
0
50
180
41
0.75
7
W0$254
0
TEXT
8
LABEL_ATTRIBUTE
10
0
20
0
40
1.0668
1
Ref.Des.
72
1
73
1
11
0
21
0
50
180
41
0.75
7
W0$254
0
TEXT
8
PART_NAME_126
10
0
20
0
40
1.0668
1
C58
72
1
73
2
11
0
21
0
50
180
41
0.75
7
W0$254
0
TEXT
8
PART_INFO
10
0
20
-1.524
40
1.0668
1
000000
72
1
73
2
11
0
21
-1.524
50
180
41
0.75
7
W0$254
0
TEXT
8
PART_PTS
10
0
20
-3.048
40
1.0668
1
1 2 
72
1
73
2
11
0
21
-3.048
50
180
41
0.75
7
W0$254
0
ENDBLK
0
BLOCK
2
PART_TOP_212
8
0
10
0
20
0
3
PART_TOP_212
70
64
0
INSERT
2
SYM_TOP_6
8
0
10
0
20
0
0
INSERT
2
PKG_2
8
0
10
0
20
0
0
TEXT
8
LABEL_INFO
10
0
20
0
40
0.49
1
0 0 1 1 0 1
72
1
73
1
11
0
21
0
41
0.75
7
W0$07
0
TEXT
8
LABEL_ATTRIBUTE
10
0
20
0
40
0.49
1
Ref.Des.
72
1
73
1
11
0
21
0
41
0.75
7
W0$07
0
TEXT
8
PART_NAME_126
10
0
20
0
40
0.49
1
C70
72
1
73
2
11
0
21
0
41
0.75
7
W0$07
0
TEXT
8
LABEL_INFO
10
0
20
0
40
1.0668
1
0 0 1 1 0 0
72
1
73
1
11
0
21
0
41
0.75
7
W0$254
0
TEXT
8
LABEL_ATTRIBUTE
10
0
20
0
40
1.0668
1
Ref.Des.
72
1
73
1
11
0
21
0
41
0.75
7
W0$254
0
TEXT
8
PART_NAME_126
10
0
20
0
40
1.0668
1
C70
72
1
73
2
11
0
21
0
41
0.75
7
W0$254
0
TEXT
8
LABEL_INFO
10
0
20
0
40
1.0668
1
0 0 1 1 0 1
72
1
73
1
11
0
21
0
41
0.75
7
W0$254
0
TEXT
8
LABEL_ATTRIBUTE
10
0
20
0
40
1.0668
1
PartType
72
1
73
1
11
0
21
0
41
0.75
7
W0$254
0
TEXT
8
PART_TYPE_126
10
0
20
0
40
1.0668
1
C0603
72
1
73
2
11
0
21
0
41
0.75
7
W0$254
0
TEXT
8
PART_INFO
10
0
20
-1.524
40
1.0668
1
000000
72
1
73
2
11
0
21
-1.524
41
0.75
7
W0$254
0
TEXT
8
PART_PTS
10
0
20
-3.048
40
1.0668
1
1 2 
72
1
73
2
11
0
21
-3.048
41
0.75
7
W0$254
0
ENDBLK
0
BLOCK
2
PART_TOP_213
8
0
10
0
20
0
3
PART_TOP_213
70
64
0
INSERT
2
SYM_TOP_7
8
0
10
0
20
0
0
INSERT
2
PKG_3
8
0
10
0
20
0
0
TEXT
8
LABEL_INFO
10
0
20
0
40
0.49
1
0 324000000 1 1 0 1
72
1
73
1
11
0
21
0
50
180
41
0.75
7
W0$07
0
TEXT
8
LABEL_ATTRIBUTE
10
0
20
0
40
0.49
1
Ref.Des.
72
1
73
1
11
0
21
0
50
180
41
0.75
7
W0$07
0
TEXT
8
PART_NAME_126
10
0
20
0
40
0.49
1
C73
72
1
73
2
11
0
21
0
50
180
41
0.75
7
W0$07
0
TEXT
8
LABEL_INFO
10
0
20
0
40
1.0668
1
0 324000000 1 1 0 0
72
1
73
1
11
0
21
0
50
180
41
0.75
7
W0$254
0
TEXT
8
LABEL_ATTRIBUTE
10
0
20
0
40
1.0668
1
Ref.Des.
72
1
73
1
11
0
21
0
50
180
41
0.75
7
W0$254
0
TEXT
8
PART_NAME_126
10
0
20
0
40
1.0668
1
C73
72
1
73
2
11
0
21
0
50
180
41
0.75
7
W0$254
0
TEXT
8
LABEL_INFO
10
0
20
0
40
1.0668
1
0 324000000 1 1 0 1
72
1
73
1
11
0
21
0
50
180
41
0.75
7
W0$254
0
TEXT
8
LABEL_ATTRIBUTE
10
0
20
0
40
1.0668
1
PartType
72
1
73
1
11
0
21
0
50
180
41
0.75
7
W0$254
0
TEXT
8
PART_TYPE_126
10
0
20
0
40
1.0668
1
C0805
72
1
73
2
11
0
21
0
50
180
41
0.75
7
W0$254
0
TEXT
8
PART_INFO
10
0
20
-1.524
40
1.0668
1
000000
72
1
73
2
11
0
21
-1.524
50
180
41
0.75
7
W0$254
0
TEXT
8
PART_PTS
10
0
20
-3.048
40
1.0668
1
1 2 
72
1
73
2
11
0
21
-3.048
50
180
41
0.75
7
W0$254
0
ENDBLK
0
BLOCK
2
PART_TOP_214
8
0
10
0
20
0
3
PART_TOP_214
70
64
0
INSERT
2
SYM_TOP_53
8
0
10
0
20
0
0
INSERT
2
PKG_47
8
0
10
0
20
0
0
TEXT
8
LABEL_INFO
10
0
20
0
40
0.49
1
0 0 1 1 0 1
72
1
73
1
11
0
21
0
41
0.75
7
W0$07
0
TEXT
8
LABEL_ATTRIBUTE
10
0
20
0
40
0.49
1
Ref.Des.
72
1
73
1
11
0
21
0
41
0.75
7
W0$07
0
TEXT
8
PART_NAME_126
10
0
20
0
40
0.49
1
D14
72
1
73
2
11
0
21
0
41
0.75
7
W0$07
0
TEXT
8
LABEL_INFO
10
0
20
0
40
1.0668
1
0 0 1 1 0 1
72
1
73
1
11
0
21
0
41
0.75
7
W0$254
0
TEXT
8
LABEL_ATTRIBUTE
10
0
20
0
40
1.0668
1
PartType
72
1
73
1
11
0
21
0
41
0.75
7
W0$254
0
TEXT
8
PART_TYPE_126
10
0
20
0
40
1.0668
1
SOD_123
72
1
73
2
11
0
21
0
41
0.75
7
W0$254
0
TEXT
8
LABEL_INFO
10
0
20
0
40
1.0668
1
0 0 1 1 0 0
72
1
73
1
11
0
21
0
41
0.75
7
W0$254
0
TEXT
8
LABEL_ATTRIBUTE
10
0
20
0
40
1.0668
1
Ref.Des.
72
1
73
1
11
0
21
0
41
0.75
7
W0$254
0
TEXT
8
PART_NAME_126
10
0
20
0
40
1.0668
1
D14
72
1
73
2
11
0
21
0
41
0.75
7
W0$254
0
TEXT
8
PART_INFO
10
0
20
-1.524
40
1.0668
1
000000
72
1
73
2
11
0
21
-1.524
41
0.75
7
W0$254
0
TEXT
8
PART_PTS
10
0
20
-3.048
40
1.0668
1
1 2 
72
1
73
2
11
0
21
-3.048
41
0.75
7
W0$254
0
ENDBLK
0
BLOCK
2
PART_TOP_215
8
0
10
0
20
0
3
PART_TOP_215
70
64
0
INSERT
2
SYM_TOP_10
8
0
10
0
20
0
0
INSERT
2
PKG_6
8
0
10
0
20
0
0
TEXT
8
LABEL_INFO
10
1.635
20
0
40
0.49
1
0 324000000 1 1 0 1
72
1
73
1
11
1.635
21
0
50
180
41
0.75
7
W0$07
0
TEXT
8
LABEL_ATTRIBUTE
10
1.635
20
0
40
0.49
1
Ref.Des.
72
1
73
1
11
1.635
21
0
50
180
41
0.75
7
W0$07
0
TEXT
8
PART_NAME_126
10
1.635
20
0
40
0.49
1
D15
72
1
73
2
11
1.635
21
0
50
180
41
0.75
7
W0$07
0
TEXT
8
LABEL_INFO
10
0
20
0
40
1.0668
1
0 324000000 1 1 0 1
72
1
73
1
11
0
21
0
50
180
41
0.75
7
W0$254
0
TEXT
8
LABEL_ATTRIBUTE
10
0
20
0
40
1.0668
1
PartType
72
1
73
1
11
0
21
0
50
180
41
0.75
7
W0$254
0
TEXT
8
PART_TYPE_126
10
0
20
0
40
1.0668
1
SOD123
72
1
73
2
11
0
21
0
50
180
41
0.75
7
W0$254
0
TEXT
8
LABEL_INFO
10
0
20
0
40
1.0668
1
0 324000000 1 1 0 0
72
1
73
1
11
0
21
0
50
180
41
0.75
7
W0$254
0
TEXT
8
LABEL_ATTRIBUTE
10
0
20
0
40
1.0668
1
Ref.Des.
72
1
73
1
11
0
21
0
50
180
41
0.75
7
W0$254
0
TEXT
8
PART_NAME_126
10
0
20
0
40
1.0668
1
D15
72
1
73
2
11
0
21
0
50
180
41
0.75
7
W0$254
0
TEXT
8
PART_INFO
10
0
20
-1.524
40
1.0668
1
000000
72
1
73
2
11
0
21
-1.524
50
180
41
0.75
7
W0$254
0
TEXT
8
PART_PTS
10
0
20
-3.048
40
1.0668
1
1 2 
72
1
73
2
11
0
21
-3.048
50
180
41
0.75
7
W0$254
0
ENDBLK
0
BLOCK
2
PART_TOP_216
8
0
10
0
20
0
3
PART_TOP_216
70
64
0
INSERT
2
SYM_TOP_5
8
0
10
0
20
0
0
INSERT
2
PKG_1
8
0
10
0
20
0
0
TEXT
8
LABEL_INFO
10
0
20
0
40
0.49
1
0 0 1 1 0 1
72
1
73
1
11
0
21
0
41
0.75
7
W0$07
0
TEXT
8
LABEL_ATTRIBUTE
10
0
20
0
40
0.49
1
Ref.Des.
72
1
73
1
11
0
21
0
41
0.75
7
W0$07
0
TEXT
8
PART_NAME_126
10
0
20
0
40
0.49
1
C10
72
1
73
2
11
0
21
0
41
0.75
7
W0$07
0
TEXT
8
LABEL_INFO
10
2.2590093333
20
0.126492
40
0.889
1
0 0 0 2 0 1
73
2
11
2.2590093333
21
0.126492
41
0.75
7
W0$127
0
TEXT
8
LABEL_ATTRIBUTE
10
2.2590093333
20
0.126492
40
0.889
1
PartType
73
2
11
2.2590093333
21
0.126492
41
0.75
7
W0$127
0
TEXT
8
PART_TYPE_01
10
2.2590093333
20
0.126492
40
0.889
1
C0402
73
3
11
2.2590093333
21
0.126492
41
0.75
7
W0$127
0
TEXT
8
LABEL_INFO
10
2.2590093333
20
0.126492
40
0.889
1
0 0 0 0 0 0
41
0.75
7
W0$127
0
TEXT
8
LABEL_ATTRIBUTE
10
2.2590093333
20
0.126492
40
0.889
1
Ref.Des.
41
0.75
7
W0$127
0
TEXT
8
PART_NAME_01
10
2.2590093333
20
0.126492
40
0.889
1
C10
41
0.75
7
W0$127
0
TEXT
8
PART_INFO
10
2.2590093333
20
-1.143508
40
0.889
1
000000
41
0.75
7
W0$127
0
TEXT
8
PART_PTS
10
2.2590093333
20
-2.413508
40
0.889
1
1 2 
41
0.75
7
W0$127
0
ENDBLK
0
BLOCK
2
PART_TOP_217
8
0
10
0
20
0
3
PART_TOP_217
70
64
0
INSERT
2
SYM_TOP_5
8
0
10
0
20
0
0
INSERT
2
PKG_1
8
0
10
0
20
0
0
TEXT
8
LABEL_INFO
10
0
20
0
40
0.49
1
0 0 1 1 0 1
72
1
73
1
11
0
21
0
41
0.75
7
W0$07
0
TEXT
8
LABEL_ATTRIBUTE
10
0
20
0
40
0.49
1
Ref.Des.
72
1
73
1
11
0
21
0
41
0.75
7
W0$07
0
TEXT
8
PART_NAME_126
10
0
20
0
40
0.49
1
C42
72
1
73
2
11
0
21
0
41
0.75
7
W0$07
0
TEXT
8
LABEL_INFO
10
2.2590093333
20
0.126492
40
0.889
1
0 0 0 0 0 0
41
0.75
7
W0$127
0
TEXT
8
LABEL_ATTRIBUTE
10
2.2590093333
20
0.126492
40
0.889
1
Ref.Des.
41
0.75
7
W0$127
0
TEXT
8
PART_NAME_01
10
2.2590093333
20
0.126492
40
0.889
1
C42
41
0.75
7
W0$127
0
TEXT
8
LABEL_INFO
10
2.2590093333
20
0.126492
40
0.889
1
0 0 0 2 0 1
73
2
11
2.2590093333
21
0.126492
41
0.75
7
W0$127
0
TEXT
8
LABEL_ATTRIBUTE
10
2.2590093333
20
0.126492
40
0.889
1
PartType
73
2
11
2.2590093333
21
0.126492
41
0.75
7
W0$127
0
TEXT
8
PART_TYPE_01
10
2.2590093333
20
0.126492
40
0.889
1
C0402
73
3
11
2.2590093333
21
0.126492
41
0.75
7
W0$127
0
TEXT
8
PART_INFO
10
2.2590093333
20
-1.143508
40
0.889
1
000000
73
3
11
2.2590093333
21
-1.143508
41
0.75
7
W0$127
0
TEXT
8
PART_PTS
10
2.2590093333
20
-2.413508
40
0.889
1
1 2 
73
3
11
2.2590093333
21
-2.413508
41
0.75
7
W0$127
0
ENDBLK
0
BLOCK
2
PART_TOP_218
8
0
10
0
20
0
3
PART_TOP_218
70
64
0
INSERT
2
SYM_TOP_5
8
0
10
0
20
0
0
INSERT
2
PKG_1
8
0
10
0
20
0
0
TEXT
8
LABEL_INFO
10
0
20
0
40
0.49
1
0 324000000 1 1 0 1
72
1
73
1
11
0
21
0
50
180
41
0.75
7
W0$07
0
TEXT
8
LABEL_ATTRIBUTE
10
0
20
0
40
0.49
1
Ref.Des.
72
1
73
1
11
0
21
0
50
180
41
0.75
7
W0$07
0
TEXT
8
PART_NAME_126
10
0
20
0
40
0.49
1
C45
72
1
73
2
11
0
21
0
50
180
41
0.75
7
W0$07
0
TEXT
8
LABEL_INFO
10
2.2590093333
20
0.126492
40
0.889
1
0 0 0 0 0 0
41
0.75
7
W0$127
0
TEXT
8
LABEL_ATTRIBUTE
10
2.2590093333
20
0.126492
40
0.889
1
Ref.Des.
41
0.75
7
W0$127
0
TEXT
8
PART_NAME_01
10
2.2590093333
20
0.126492
40
0.889
1
C45
41
0.75
7
W0$127
0
TEXT
8
LABEL_INFO
10
2.2590093333
20
0.126492
40
0.889
1
0 0 0 2 0 1
73
2
11
2.2590093333
21
0.126492
41
0.75
7
W0$127
0
TEXT
8
LABEL_ATTRIBUTE
10
2.2590093333
20
0.126492
40
0.889
1
PartType
73
2
11
2.2590093333
21
0.126492
41
0.75
7
W0$127
0
TEXT
8
PART_TYPE_01
10
2.2590093333
20
0.126492
40
0.889
1
C0402
73
3
11
2.2590093333
21
0.126492
41
0.75
7
W0$127
0
TEXT
8
PART_INFO
10
2.2590093333
20
-1.143508
40
0.889
1
000000
73
3
11
2.2590093333
21
-1.143508
41
0.75
7
W0$127
0
TEXT
8
PART_PTS
10
2.2590093333
20
-2.413508
40
0.889
1
1 2 
73
3
11
2.2590093333
21
-2.413508
41
0.75
7
W0$127
0
ENDBLK
0
BLOCK
2
PART_TOP_219
8
0
10
0
20
0
3
PART_TOP_219
70
64
0
INSERT
2
SYM_TOP_5
8
0
10
0
20
0
0
INSERT
2
PKG_1
8
0
10
0
20
0
0
TEXT
8
LABEL_INFO
10
0
20
0
40
0.49
1
0 324000000 1 1 0 1
72
1
73
1
11
0
21
0
50
180
41
0.75
7
W0$07
0
TEXT
8
LABEL_ATTRIBUTE
10
0
20
0
40
0.49
1
Ref.Des.
72
1
73
1
11
0
21
0
50
180
41
0.75
7
W0$07
0
TEXT
8
PART_NAME_126
10
0
20
0
40
0.49
1
C48
72
1
73
2
11
0
21
0
50
180
41
0.75
7
W0$07
0
TEXT
8
LABEL_INFO
10
2.2590093333
20
0.126492
40
0.889
1
0 0 0 2 0 1
73
2
11
2.2590093333
21
0.126492
41
0.75
7
W0$127
0
TEXT
8
LABEL_ATTRIBUTE
10
2.2590093333
20
0.126492
40
0.889
1
PartType
73
2
11
2.2590093333
21
0.126492
41
0.75
7
W0$127
0
TEXT
8
PART_TYPE_01
10
2.2590093333
20
0.126492
40
0.889
1
C0402
73
3
11
2.2590093333
21
0.126492
41
0.75
7
W0$127
0
TEXT
8
LABEL_INFO
10
2.2590093333
20
0.126492
40
0.889
1
0 0 0 0 0 0
41
0.75
7
W0$127
0
TEXT
8
LABEL_ATTRIBUTE
10
2.2590093333
20
0.126492
40
0.889
1
Ref.Des.
41
0.75
7
W0$127
0
TEXT
8
PART_NAME_01
10
2.2590093333
20
0.126492
40
0.889
1
C48
41
0.75
7
W0$127
0
TEXT
8
PART_INFO
10
2.2590093333
20
-1.143508
40
0.889
1
000000
41
0.75
7
W0$127
0
TEXT
8
PART_PTS
10
2.2590093333
20
-2.413508
40
0.889
1
1 2 
41
0.75
7
W0$127
0
ENDBLK
0
BLOCK
2
PART_TOP_220
8
0
10
0
20
0
3
PART_TOP_220
70
64
0
INSERT
2
SYM_TOP_5
8
0
10
0
20
0
0
INSERT
2
PKG_1
8
0
10
0
20
0
0
TEXT
8
LABEL_INFO
10
0
20
0
40
0.49
1
0 324000000 1 1 0 1
72
1
73
1
11
0
21
0
50
180
41
0.75
7
W0$07
0
TEXT
8
LABEL_ATTRIBUTE
10
0
20
0
40
0.49
1
Ref.Des.
72
1
73
1
11
0
21
0
50
180
41
0.75
7
W0$07
0
TEXT
8
PART_NAME_126
10
0
20
0
40
0.49
1
C50
72
1
73
2
11
0
21
0
50
180
41
0.75
7
W0$07
0
TEXT
8
LABEL_INFO
10
2.2590093333
20
0.126492
40
0.889
1
0 0 0 0 0 0
41
0.75
7
W0$127
0
TEXT
8
LABEL_ATTRIBUTE
10
2.2590093333
20
0.126492
40
0.889
1
Ref.Des.
41
0.75
7
W0$127
0
TEXT
8
PART_NAME_01
10
2.2590093333
20
0.126492
40
0.889
1
C50
41
0.75
7
W0$127
0
TEXT
8
LABEL_INFO
10
2.2590093333
20
0.126492
40
0.889
1
0 0 0 2 0 1
73
2
11
2.2590093333
21
0.126492
41
0.75
7
W0$127
0
TEXT
8
LABEL_ATTRIBUTE
10
2.2590093333
20
0.126492
40
0.889
1
PartType
73
2
11
2.2590093333
21
0.126492
41
0.75
7
W0$127
0
TEXT
8
PART_TYPE_01
10
2.2590093333
20
0.126492
40
0.889
1
C0402
73
3
11
2.2590093333
21
0.126492
41
0.75
7
W0$127
0
TEXT
8
PART_INFO
10
2.2590093333
20
-1.143508
40
0.889
1
000000
73
3
11
2.2590093333
21
-1.143508
41
0.75
7
W0$127
0
TEXT
8
PART_PTS
10
2.2590093333
20
-2.413508
40
0.889
1
1 2 
73
3
11
2.2590093333
21
-2.413508
41
0.75
7
W0$127
0
ENDBLK
0
BLOCK
2
PART_TOP_221
8
0
10
0
20
0
3
PART_TOP_221
70
64
0
INSERT
2
SYM_TOP_5
8
0
10
0
20
0
0
INSERT
2
PKG_1
8
0
10
0
20
0
0
TEXT
8
LABEL_INFO
10
0
20
0
40
0.49
1
0 0 1 1 0 1
72
1
73
1
11
0
21
0
41
0.75
7
W0$07
0
TEXT
8
LABEL_ATTRIBUTE
10
0
20
0
40
0.49
1
Ref.Des.
72
1
73
1
11
0
21
0
41
0.75
7
W0$07
0
TEXT
8
PART_NAME_126
10
0
20
0
40
0.49
1
C64
72
1
73
2
11
0
21
0
41
0.75
7
W0$07
0
TEXT
8
LABEL_INFO
10
2.2590093333
20
0.126492
40
0.889
1
0 0 0 0 0 0
41
0.75
7
W0$127
0
TEXT
8
LABEL_ATTRIBUTE
10
2.2590093333
20
0.126492
40
0.889
1
Ref.Des.
41
0.75
7
W0$127
0
TEXT
8
PART_NAME_01
10
2.2590093333
20
0.126492
40
0.889
1
C64
41
0.75
7
W0$127
0
TEXT
8
LABEL_INFO
10
2.2590093333
20
0.126492
40
0.889
1
0 0 0 2 0 1
73
2
11
2.2590093333
21
0.126492
41
0.75
7
W0$127
0
TEXT
8
LABEL_ATTRIBUTE
10
2.2590093333
20
0.126492
40
0.889
1
PartType
73
2
11
2.2590093333
21
0.126492
41
0.75
7
W0$127
0
TEXT
8
PART_TYPE_01
10
2.2590093333
20
0.126492
40
0.889
1
C0402
73
3
11
2.2590093333
21
0.126492
41
0.75
7
W0$127
0
TEXT
8
PART_INFO
10
2.2590093333
20
-1.143508
40
0.889
1
000000
73
3
11
2.2590093333
21
-1.143508
41
0.75
7
W0$127
0
TEXT
8
PART_PTS
10
2.2590093333
20
-2.413508
40
0.889
1
1 2 
73
3
11
2.2590093333
21
-2.413508
41
0.75
7
W0$127
0
ENDBLK
0
BLOCK
2
PART_TOP_222
8
0
10
0
20
0
3
PART_TOP_222
70
64
0
INSERT
2
SYM_TOP_5
8
0
10
0
20
0
0
INSERT
2
PKG_1
8
0
10
0
20
0
0
TEXT
8
LABEL_INFO
10
0
20
0
40
0.49
1
0 0 1 1 0 1
72
1
73
1
11
0
21
0
41
0.75
7
W0$07
0
TEXT
8
LABEL_ATTRIBUTE
10
0
20
0
40
0.49
1
Ref.Des.
72
1
73
1
11
0
21
0
41
0.75
7
W0$07
0
TEXT
8
PART_NAME_126
10
0
20
0
40
0.49
1
C71
72
1
73
2
11
0
21
0
41
0.75
7
W0$07
0
TEXT
8
LABEL_INFO
10
2.2590093333
20
0.126492
40
0.889
1
0 0 0 0 0 0
41
0.75
7
W0$127
0
TEXT
8
LABEL_ATTRIBUTE
10
2.2590093333
20
0.126492
40
0.889
1
Ref.Des.
41
0.75
7
W0$127
0
TEXT
8
PART_NAME_01
10
2.2590093333
20
0.126492
40
0.889
1
C71
41
0.75
7
W0$127
0
TEXT
8
LABEL_INFO
10
2.2590093333
20
0.126492
40
0.889
1
0 0 0 2 0 1
73
2
11
2.2590093333
21
0.126492
41
0.75
7
W0$127
0
TEXT
8
LABEL_ATTRIBUTE
10
2.2590093333
20
0.126492
40
0.889
1
PartType
73
2
11
2.2590093333
21
0.126492
41
0.75
7
W0$127
0
TEXT
8
PART_TYPE_01
10
2.2590093333
20
0.126492
40
0.889
1
C0402
73
3
11
2.2590093333
21
0.126492
41
0.75
7
W0$127
0
TEXT
8
PART_INFO
10
2.2590093333
20
-1.143508
40
0.889
1
000000
73
3
11
2.2590093333
21
-1.143508
41
0.75
7
W0$127
0
TEXT
8
PART_PTS
10
2.2590093333
20
-2.413508
40
0.889
1
1 2 
73
3
11
2.2590093333
21
-2.413508
41
0.75
7
W0$127
0
ENDBLK
0
BLOCK
2
PART_TOP_223
8
0
10
0
20
0
3
PART_TOP_223
70
64
0
INSERT
2
SYM_TOP_7
8
0
10
0
20
0
0
INSERT
2
PKG_3
8
0
10
0
20
0
0
TEXT
8
LABEL_INFO
10
0
20
0
40
0.49
1
0 324000000 1 1 0 1
72
1
73
1
11
0
21
0
50
180
41
0.75
7
W0$07
0
TEXT
8
LABEL_ATTRIBUTE
10
0
20
0
40
0.49
1
Ref.Des.
72
1
73
1
11
0
21
0
50
180
41
0.75
7
W0$07
0
TEXT
8
PART_NAME_126
10
0
20
0
40
0.49
1
C74
72
1
73
2
11
0
21
0
50
180
41
0.75
7
W0$07
0
TEXT
8
LABEL_INFO
10
2.2590093333
20
0.126492
40
0.889
1
0 0 0 0 0 0
41
0.75
7
W0$127
0
TEXT
8
LABEL_ATTRIBUTE
10
2.2590093333
20
0.126492
40
0.889
1
Ref.Des.
41
0.75
7
W0$127
0
TEXT
8
PART_NAME_01
10
2.2590093333
20
0.126492
40
0.889
1
C74
41
0.75
7
W0$127
0
TEXT
8
LABEL_INFO
10
2.2590093333
20
0.126492
40
0.889
1
0 0 0 2 0 1
73
2
11
2.2590093333
21
0.126492
41
0.75
7
W0$127
0
TEXT
8
LABEL_ATTRIBUTE
10
2.2590093333
20
0.126492
40
0.889
1
PartType
73
2
11
2.2590093333
21
0.126492
41
0.75
7
W0$127
0
TEXT
8
PART_TYPE_01
10
2.2590093333
20
0.126492
40
0.889
1
C0805
73
3
11
2.2590093333
21
0.126492
41
0.75
7
W0$127
0
TEXT
8
PART_INFO
10
2.2590093333
20
-1.143508
40
0.889
1
000000
73
3
11
2.2590093333
21
-1.143508
41
0.75
7
W0$127
0
TEXT
8
PART_PTS
10
2.2590093333
20
-2.413508
40
0.889
1
1 2 
73
3
11
2.2590093333
21
-2.413508
41
0.75
7
W0$127
0
ENDBLK
0
BLOCK
2
PART_TOP_224
8
0
10
0
20
0
3
PART_TOP_224
70
64
0
INSERT
2
SYM_TOP_5
8
0
10
0
20
0
0
INSERT
2
PKG_1
8
0
10
0
20
0
0
TEXT
8
LABEL_INFO
10
0
20
0
40
0.49
1
0 0 1 1 0 1
72
1
73
1
11
0
21
0
41
0.75
7
W0$07
0
TEXT
8
LABEL_ATTRIBUTE
10
0
20
0
40
0.49
1
Ref.Des.
72
1
73
1
11
0
21
0
41
0.75
7
W0$07
0
TEXT
8
PART_NAME_126
10
0
20
0
40
0.49
1
C15
72
1
73
2
11
0
21
0
41
0.75
7
W0$07
0
TEXT
8
PART_TYPE_TOP
10
0
20
-0.7
40
0.49
1
C0402
72
1
73
2
11
0
21
-0.7
41
0.75
7
W0$07
0
TEXT
8
PART_INFO
10
0
20
-1.4
40
0.49
1
000000
72
1
73
2
11
0
21
-1.4
41
0.75
7
W0$07
0
TEXT
8
PART_PTS
10
0
20
-2.1
40
0.49
1
1 2 
72
1
73
2
11
0
21
-2.1
41
0.75
7
W0$07
0
ENDBLK
0
BLOCK
2
PART_TOP_225
8
0
10
0
20
0
3
PART_TOP_225
70
64
0
INSERT
2
SYM_TOP_5
8
0
10
0
20
0
0
INSERT
2
PKG_1
8
0
10
0
20
0
0
TEXT
8
LABEL_INFO
10
0
20
0
40
0.49
1
0 324000000 1 1 0 1
72
1
73
1
11
0
21
0
50
180
41
0.75
7
W0$07
0
TEXT
8
LABEL_ATTRIBUTE
10
0
20
0
40
0.49
1
Ref.Des.
72
1
73
1
11
0
21
0
50
180
41
0.75
7
W0$07
0
TEXT
8
PART_NAME_126
10
0
20
0
40
0.49
1
C16
72
1
73
2
11
0
21
0
50
180
41
0.75
7
W0$07
0
TEXT
8
PART_TYPE_TOP
10
0
20
-0.7
40
0.49
1
C0402
72
1
73
2
11
0
21
-0.7
50
180
41
0.75
7
W0$07
0
TEXT
8
PART_INFO
10
0
20
-1.4
40
0.49
1
000000
72
1
73
2
11
0
21
-1.4
50
180
41
0.75
7
W0$07
0
TEXT
8
PART_PTS
10
0
20
-2.1
40
0.49
1
1 2 
72
1
73
2
11
0
21
-2.1
50
180
41
0.75
7
W0$07
0
ENDBLK
0
BLOCK
2
PART_TOP_226
8
0
10
0
20
0
3
PART_TOP_226
70
64
0
INSERT
2
SYM_TOP_6
8
0
10
0
20
0
0
INSERT
2
PKG_2
8
0
10
0
20
0
0
TEXT
8
LABEL_INFO
10
0
20
0
40
0.49
1
0 324000000 1 1 0 1
72
1
73
1
11
0
21
0
50
180
41
0.75
7
W0$07
0
TEXT
8
LABEL_ATTRIBUTE
10
0
20
0
40
0.49
1
Ref.Des.
72
1
73
1
11
0
21
0
50
180
41
0.75
7
W0$07
0
TEXT
8
PART_NAME_126
10
0
20
0
40
0.49
1
C17
72
1
73
2
11
0
21
0
50
180
41
0.75
7
W0$07
0
TEXT
8
PART_TYPE_TOP
10
0
20
-0.7
40
0.49
1
C0603
72
1
73
2
11
0
21
-0.7
50
180
41
0.75
7
W0$07
0
TEXT
8
PART_INFO
10
0
20
-1.4
40
0.49
1
000000
72
1
73
2
11
0
21
-1.4
50
180
41
0.75
7
W0$07
0
TEXT
8
PART_PTS
10
0
20
-2.1
40
0.49
1
1 2 
72
1
73
2
11
0
21
-2.1
50
180
41
0.75
7
W0$07
0
ENDBLK
0
BLOCK
2
PART_TOP_227
8
0
10
0
20
0
3
PART_TOP_227
70
64
0
INSERT
2
SYM_TOP_5
8
0
10
0
20
0
0
INSERT
2
PKG_1
8
0
10
0
20
0
0
TEXT
8
LABEL_INFO
10
0
20
0
40
0.49
1
0 0 1 1 0 1
72
1
73
1
11
0
21
0
41
0.75
7
W0$07
0
TEXT
8
LABEL_ATTRIBUTE
10
0
20
0
40
0.49
1
Ref.Des.
72
1
73
1
11
0
21
0
41
0.75
7
W0$07
0
TEXT
8
PART_NAME_126
10
0
20
0
40
0.49
1
C23
72
1
73
2
11
0
21
0
41
0.75
7
W0$07
0
TEXT
8
PART_TYPE_TOP
10
0
20
-0.7
40
0.49
1
C0402
72
1
73
2
11
0
21
-0.7
41
0.75
7
W0$07
0
TEXT
8
PART_INFO
10
0
20
-1.4
40
0.49
1
000000
72
1
73
2
11
0
21
-1.4
41
0.75
7
W0$07
0
TEXT
8
PART_PTS
10
0
20
-2.1
40
0.49
1
1 2 
72
1
73
2
11
0
21
-2.1
41
0.75
7
W0$07
0
ENDBLK
0
BLOCK
2
PART_TOP_228
8
0
10
0
20
0
3
PART_TOP_228
70
64
0
INSERT
2
SYM_TOP_5
8
0
10
0
20
0
0
INSERT
2
PKG_1
8
0
10
0
20
0
0
TEXT
8
LABEL_INFO
10
0
20
0
40
0.49
1
0 0 1 1 0 1
72
1
73
1
11
0
21
0
41
0.75
7
W0$07
0
TEXT
8
LABEL_ATTRIBUTE
10
0
20
0
40
0.49
1
Ref.Des.
72
1
73
1
11
0
21
0
41
0.75
7
W0$07
0
TEXT
8
PART_NAME_126
10
0
20
0
40
0.49
1
C24
72
1
73
2
11
0
21
0
41
0.75
7
W0$07
0
TEXT
8
PART_TYPE_TOP
10
0
20
-0.7
40
0.49
1
C0402
72
1
73
2
11
0
21
-0.7
41
0.75
7
W0$07
0
TEXT
8
PART_INFO
10
0
20
-1.4
40
0.49
1
000000
72
1
73
2
11
0
21
-1.4
41
0.75
7
W0$07
0
TEXT
8
PART_PTS
10
0
20
-2.1
40
0.49
1
1 2 
72
1
73
2
11
0
21
-2.1
41
0.75
7
W0$07
0
ENDBLK
0
BLOCK
2
PART_TOP_229
8
0
10
0
20
0
3
PART_TOP_229
70
64
0
INSERT
2
SYM_TOP_5
8
0
10
0
20
0
0
INSERT
2
PKG_1
8
0
10
0
20
0
0
TEXT
8
LABEL_INFO
10
0
20
0
40
0.49
1
0 324000000 1 1 0 1
72
1
73
1
11
0
21
0
50
180
41
0.75
7
W0$07
0
TEXT
8
LABEL_ATTRIBUTE
10
0
20
0
40
0.49
1
Ref.Des.
72
1
73
1
11
0
21
0
50
180
41
0.75
7
W0$07
0
TEXT
8
PART_NAME_126
10
0
20
0
40
0.49
1
C25
72
1
73
2
11
0
21
0
50
180
41
0.75
7
W0$07
0
TEXT
8
PART_TYPE_TOP
10
0
20
-0.7
40
0.49
1
C0402
72
1
73
2
11
0
21
-0.7
50
180
41
0.75
7
W0$07
0
TEXT
8
PART_INFO
10
0
20
-1.4
40
0.49
1
000000
72
1
73
2
11
0
21
-1.4
50
180
41
0.75
7
W0$07
0
TEXT
8
PART_PTS
10
0
20
-2.1
40
0.49
1
1 2 
72
1
73
2
11
0
21
-2.1
50
180
41
0.75
7
W0$07
0
ENDBLK
0
BLOCK
2
PART_TOP_230
8
0
10
0
20
0
3
PART_TOP_230
70
64
0
INSERT
2
SYM_TOP_8
8
0
10
0
20
0
0
INSERT
2
PKG_4
8
0
10
0
20
0
0
TEXT
8
LABEL_INFO
10
0
20
0
40
0.49
1
0 324000000 1 1 0 1
72
1
73
1
11
0
21
0
50
180
41
0.75
7
W0$07
0
TEXT
8
LABEL_ATTRIBUTE
10
0
20
0
40
0.49
1
Ref.Des.
72
1
73
1
11
0
21
0
50
180
41
0.75
7
W0$07
0
TEXT
8
PART_NAME_126
10
0
20
0
40
0.49
1
C34
72
1
73
2
11
0
21
0
50
180
41
0.75
7
W0$07
0
TEXT
8
LABEL_INFO
10
-1.0668
20
0.127
40
0.74676
1
0 0 0 1 0 1
73
1
11
-1.0668
21
0.127
41
0.75
7
W0$127
0
TEXT
8
LABEL_ATTRIBUTE
10
-1.0668
20
0.127
40
0.74676
1
PartType
73
1
11
-1.0668
21
0.127
41
0.75
7
W0$127
0
TEXT
8
PART_TYPE_01
10
-1.0668
20
0.127
40
0.74676
1
C1206
73
2
11
-1.0668
21
0.127
41
0.75
7
W0$127
0
TEXT
8
PART_INFO
10
-1.0668
20
-0.9398
40
0.74676
1
000000
73
2
11
-1.0668
21
-0.9398
41
0.75
7
W0$127
0
TEXT
8
PART_PTS
10
-1.0668
20
-2.0066
40
0.74676
1
1 2 
73
2
11
-1.0668
21
-2.0066
41
0.75
7
W0$127
0
ENDBLK
0
BLOCK
2
PART_TOP_231
8
0
10
0
20
0
3
PART_TOP_231
70
64
0
INSERT
2
SYM_TOP_5
8
0
10
0
20
0
0
INSERT
2
PKG_1
8
0
10
0
20
0
0
TEXT
8
LABEL_INFO
10
0
20
0
40
0.49
1
0 0 1 1 0 1
72
1
73
1
11
0
21
0
41
0.75
7
W0$07
0
TEXT
8
LABEL_ATTRIBUTE
10
0
20
0
40
0.49
1
Ref.Des.
72
1
73
1
11
0
21
0
41
0.75
7
W0$07
0
TEXT
8
PART_NAME_126
10
0
20
0
40
0.49
1
C43
72
1
73
2
11
0
21
0
41
0.75
7
W0$07
0
TEXT
8
LABEL_INFO
10
-1.0668
20
0.127
40
0.74676
1
0 0 0 1 0 1
73
1
11
-1.0668
21
0.127
41
0.75
7
W0$127
0
TEXT
8
LABEL_ATTRIBUTE
10
-1.0668
20
0.127
40
0.74676
1
PartType
73
1
11
-1.0668
21
0.127
41
0.75
7
W0$127
0
TEXT
8
PART_TYPE_01
10
-1.0668
20
0.127
40
0.74676
1
C0402
73
2
11
-1.0668
21
0.127
41
0.75
7
W0$127
0
TEXT
8
PART_INFO
10
-1.0668
20
-0.9398
40
0.74676
1
000000
73
2
11
-1.0668
21
-0.9398
41
0.75
7
W0$127
0
TEXT
8
PART_PTS
10
-1.0668
20
-2.0066
40
0.74676
1
1 2 
73
2
11
-1.0668
21
-2.0066
41
0.75
7
W0$127
0
ENDBLK
0
BLOCK
2
PART_TOP_232
8
0
10
0
20
0
3
PART_TOP_232
70
64
0
INSERT
2
SYM_TOP_5
8
0
10
0
20
0
0
INSERT
2
PKG_1
8
0
10
0
20
0
0
TEXT
8
LABEL_INFO
10
0
20
0
40
0.49
1
0 324000000 1 1 0 1
72
1
73
1
11
0
21
0
50
180
41
0.75
7
W0$07
0
TEXT
8
LABEL_ATTRIBUTE
10
0
20
0
40
0.49
1
Ref.Des.
72
1
73
1
11
0
21
0
50
180
41
0.75
7
W0$07
0
TEXT
8
PART_NAME_126
10
0
20
0
40
0.49
1
C68
72
1
73
2
11
0
21
0
50
180
41
0.75
7
W0$07
0
TEXT
8
LABEL_INFO
10
-1.0668
20
0.127
40
0.74676
1
0 0 0 1 0 1
73
1
11
-1.0668
21
0.127
41
0.75
7
W0$127
0
TEXT
8
LABEL_ATTRIBUTE
10
-1.0668
20
0.127
40
0.74676
1
PartType
73
1
11
-1.0668
21
0.127
41
0.75
7
W0$127
0
TEXT
8
PART_TYPE_01
10
-1.0668
20
0.127
40
0.74676
1
C0402
73
2
11
-1.0668
21
0.127
41
0.75
7
W0$127
0
TEXT
8
PART_INFO
10
-1.0668
20
-0.9398
40
0.74676
1
000000
73
2
11
-1.0668
21
-0.9398
41
0.75
7
W0$127
0
TEXT
8
PART_PTS
10
-1.0668
20
-2.0066
40
0.74676
1
1 2 
73
2
11
-1.0668
21
-2.0066
41
0.75
7
W0$127
0
ENDBLK
0
BLOCK
2
PART_TOP_233
8
0
10
0
20
0
3
PART_TOP_233
70
64
0
INSERT
2
SYM_TOP_5
8
0
10
0
20
0
0
INSERT
2
PKG_1
8
0
10
0
20
0
0
TEXT
8
LABEL_INFO
10
0
20
0
40
0.49
1
0 324000000 1 1 0 1
72
1
73
1
11
0
21
0
50
180
41
0.75
7
W0$07
0
TEXT
8
LABEL_ATTRIBUTE
10
0
20
0
40
0.49
1
Ref.Des.
72
1
73
1
11
0
21
0
50
180
41
0.75
7
W0$07
0
TEXT
8
PART_NAME_126
10
0
20
0
40
0.49
1
C30
72
1
73
2
11
0
21
0
50
180
41
0.75
7
W0$07
0
TEXT
8
LABEL_INFO
10
0
20
0
40
0.889
1
0 324000000 1 1 0 1
72
1
73
1
11
0
21
0
50
180
41
0.75
7
W0$127
0
TEXT
8
LABEL_ATTRIBUTE
10
0
20
0
40
0.889
1
Comment
72
1
73
1
11
0
21
0
50
180
41
0.75
7
W0$127
0
TEXT
8
ATTRIBUTE_126
10
0
20
0
40
0.889
1
 
72
1
73
2
11
0
21
0
50
180
41
0.75
7
W0$127
0
TEXT
8
PART_TYPE_TOP
10
0
20
-1.27
40
0.889
1
C0402
72
1
73
2
11
0
21
-1.27
50
180
41
0.75
7
W0$127
0
TEXT
8
PART_INFO
10
0
20
-2.54
40
0.889
1
000000
72
1
73
2
11
0
21
-2.54
50
180
41
0.75
7
W0$127
0
TEXT
8
PART_PTS
10
0
20
-3.81
40
0.889
1
1 2 
72
1
73
2
11
0
21
-3.81
50
180
41
0.75
7
W0$127
0
ENDBLK
0
BLOCK
2
PART_TOP_234
8
0
10
0
20
0
3
PART_TOP_234
70
64
0
INSERT
2
SYM_TOP_54
8
0
10
0
20
0
0
INSERT
2
PKG_48
8
0
10
0
20
0
0
TEXT
8
LABEL_INFO
10
-0.3
20
-0.041942
40
0.49
1
0 324000000 1 1 0 1
72
1
73
1
11
-0.3
21
-0.041942
50
180
41
0.75
7
W0$07
0
TEXT
8
LABEL_ATTRIBUTE
10
-0.3
20
-0.041942
40
0.49
1
Ref.Des.
72
1
73
1
11
-0.3
21
-0.041942
50
180
41
0.75
7
W0$07
0
TEXT
8
PART_NAME_126
10
-0.3
20
-0.041942
40
0.49
1
Y2
72
1
73
2
11
-0.3
21
-0.041942
50
180
41
0.75
7
W0$07
0
TEXT
8
LABEL_INFO
10
-2.1999993333
20
1.5782006667
40
0.889
1
0 0 0 0 0 1
41
0.75
7
W0$127
0
TEXT
8
LABEL_ATTRIBUTE
10
-2.1999993333
20
1.5782006667
40
0.889
1
Comment
41
0.75
7
W0$127
0
TEXT
8
ATTRIBUTE_01
10
-2.1999993333
20
1.5782006667
40
0.889
1
 
41
0.75
7
W0$127
0
TEXT
8
PART_TYPE_TOP
10
-2.1999993333
20
0.3082006667
40
0.889
1
CRY-MC146
41
0.75
7
W0$127
0
TEXT
8
PART_INFO
10
-2.1999993333
20
-0.9617993333
40
0.889
1
000000
41
0.75
7
W0$127
0
TEXT
8
PART_PTS
10
-2.1999993333
20
-2.2317993333
40
0.889
1
1 2 3 4 
41
0.75
7
W0$127
0
ENDBLK
0
BLOCK
2
PART_TOP_235
8
0
10
0
20
0
3
PART_TOP_235
70
64
0
INSERT
2
SYM_TOP_28
8
0
10
0
20
0
0
INSERT
2
PKG_25
8
0
10
0
20
0
0
TEXT
8
LABEL_INFO
10
0
20
-0.0000026667
40
0.49
1
0 0 1 1 0 1
72
1
73
1
11
0
21
-0.0000026667
41
0.75
7
W0$07
0
TEXT
8
LABEL_ATTRIBUTE
10
0
20
-0.0000026667
40
0.49
1
Ref.Des.
72
1
73
1
11
0
21
-0.0000026667
41
0.75
7
W0$07
0
TEXT
8
PART_NAME_126
10
0
20
-0.0000026667
40
0.49
1
R20
72
1
73
2
11
0
21
-0.0000026667
41
0.75
7
W0$07
0
TEXT
8
LABEL_INFO
10
1.6
20
-0.1
40
0.889
1
0 0 0 2 0 1
73
2
11
1.6
21
-0.1
41
0.75
7
W0$127
0
TEXT
8
LABEL_ATTRIBUTE
10
1.6
20
-0.1
40
0.889
1
PartType
73
2
11
1.6
21
-0.1
41
0.75
7
W0$127
0
TEXT
8
PART_TYPE_01
10
1.6
20
-0.1
40
0.889
1
R0805
73
3
11
1.6
21
-0.1
41
0.75
7
W0$127
0
TEXT
8
PART_INFO
10
1.6
20
-1.37
40
0.889
1
000000
73
3
11
1.6
21
-1.37
41
0.75
7
W0$127
0
TEXT
8
PART_PTS
10
1.6
20
-2.64
40
0.889
1
1 2 
73
3
11
1.6
21
-2.64
41
0.75
7
W0$127
0
ENDBLK
0
BLOCK
2
PART_TOP_236
8
0
10
0
20
0
3
PART_TOP_236
70
64
0
INSERT
2
SYM_TOP_29
8
0
10
0
20
0
0
INSERT
2
PKG_26
8
0
10
0
20
0
0
TEXT
8
LABEL_INFO
10
0
20
0
40
0.49
1
0 324000000 1 1 0 1
72
1
73
1
11
0
21
0
50
180
41
0.75
7
W0$07
0
TEXT
8
LABEL_ATTRIBUTE
10
0
20
0
40
0.49
1
Ref.Des.
72
1
73
1
11
0
21
0
50
180
41
0.75
7
W0$07
0
TEXT
8
PART_NAME_126
10
0
20
0
40
0.49
1
R28
72
1
73
2
11
0
21
0
50
180
41
0.75
7
W0$07
0
TEXT
8
LABEL_INFO
10
1.6
20
-0.1
40
0.889
1
0 0 0 2 0 1
73
2
11
1.6
21
-0.1
41
0.75
7
W0$127
0
TEXT
8
LABEL_ATTRIBUTE
10
1.6
20
-0.1
40
0.889
1
PartType
73
2
11
1.6
21
-0.1
41
0.75
7
W0$127
0
TEXT
8
PART_TYPE_01
10
1.6
20
-0.1
40
0.889
1
R1206
73
3
11
1.6
21
-0.1
41
0.75
7
W0$127
0
TEXT
8
PART_INFO
10
1.6
20
-1.37
40
0.889
1
000000
73
3
11
1.6
21
-1.37
41
0.75
7
W0$127
0
TEXT
8
PART_PTS
10
1.6
20
-2.64
40
0.889
1
1 2 
73
3
11
1.6
21
-2.64
41
0.75
7
W0$127
0
ENDBLK
0
BLOCK
2
PART_TOP_237
8
0
10
0
20
0
3
PART_TOP_237
70
64
0
INSERT
2
SYM_TOP_31
8
0
10
0
20
0
0
INSERT
2
PKG_27
8
0
10
0
20
0
0
TEXT
8
LABEL_INFO
10
0
20
0
40
0.49
1
0 0 1 1 0 1
72
1
73
1
11
0
21
0
41
0.75
7
W0$07
0
TEXT
8
LABEL_ATTRIBUTE
10
0
20
0
40
0.49
1
Ref.Des.
72
1
73
1
11
0
21
0
41
0.75
7
W0$07
0
TEXT
8
PART_NAME_126
10
0
20
0
40
0.49
1
R61
72
1
73
2
11
0
21
0
41
0.75
7
W0$07
0
TEXT
8
LABEL_INFO
10
1.6
20
-0.1
40
0.889
1
0 0 0 2 0 1
73
2
11
1.6
21
-0.1
41
0.75
7
W0$127
0
TEXT
8
LABEL_ATTRIBUTE
10
1.6
20
-0.1
40
0.889
1
PartType
73
2
11
1.6
21
-0.1
41
0.75
7
W0$127
0
TEXT
8
PART_TYPE_01
10
1.6
20
-0.1
40
0.889
1
R0603
73
3
11
1.6
21
-0.1
41
0.75
7
W0$127
0
TEXT
8
PART_INFO
10
1.6
20
-1.37
40
0.889
1
000000
73
3
11
1.6
21
-1.37
41
0.75
7
W0$127
0
TEXT
8
PART_PTS
10
1.6
20
-2.64
40
0.889
1
1 2 
73
3
11
1.6
21
-2.64
41
0.75
7
W0$127
0
ENDBLK
0
BLOCK
2
PART_TOP_238
8
0
10
0
20
0
3
PART_TOP_238
70
64
0
INSERT
2
SYM_TOP_27
8
0
10
0
20
0
0
INSERT
2
PKG_24
8
0
10
0
20
0
0
TEXT
8
LABEL_INFO
10
0
20
0
40
0.49
1
0 324000000 1 1 0 1
72
1
73
1
11
0
21
0
50
180
41
0.75
7
W0$07
0
TEXT
8
LABEL_ATTRIBUTE
10
0
20
0
40
0.49
1
Ref.Des.
72
1
73
1
11
0
21
0
50
180
41
0.75
7
W0$07
0
TEXT
8
PART_NAME_126
10
0
20
0
40
0.49
1
R60
72
1
73
2
11
0
21
0
50
180
41
0.75
7
W0$07
0
TEXT
8
LABEL_INFO
10
-1
20
2.6
40
0.7
1
0 0 0 2 0 1
73
2
11
-1
21
2.6
41
0.75
7
W0$1
0
TEXT
8
LABEL_ATTRIBUTE
10
-1
20
2.6
40
0.7
1
PartType
73
2
11
-1
21
2.6
41
0.75
7
W0$1
0
TEXT
8
PART_TYPE_01
10
-1
20
2.6
40
0.7
1
R0402
73
3
11
-1
21
2.6
41
0.75
7
W0$1
0
TEXT
8
PART_INFO
10
-1
20
1.6
40
0.7
1
000000
73
3
11
-1
21
1.6
41
0.75
7
W0$1
0
TEXT
8
PART_PTS
10
-1
20
0.6
40
0.7
1
1 2 
73
3
11
-1
21
0.6
41
0.75
7
W0$1
0
ENDBLK
0
BLOCK
2
PART_TOP_239
8
0
10
0
20
0
3
PART_TOP_239
70
64
0
INSERT
2
SYM_TOP_27
8
0
10
0
20
0
0
INSERT
2
PKG_24
8
0
10
0
20
0
0
TEXT
8
LABEL_INFO
10
0
20
0
40
0.49
1
0 0 1 1 0 1
72
1
73
1
11
0
21
0
41
0.75
7
W0$07
0
TEXT
8
LABEL_ATTRIBUTE
10
0
20
0
40
0.49
1
Ref.Des.
72
1
73
1
11
0
21
0
41
0.75
7
W0$07
0
TEXT
8
PART_NAME_126
10
0
20
0
40
0.49
1
R19
72
1
73
2
11
0
21
0
41
0.75
7
W0$07
0
TEXT
8
LABEL_INFO
10
0
20
0
40
0.889
1
0 0 1 1 0 1
72
1
73
1
11
0
21
0
41
0.75
7
W0$127
0
TEXT
8
LABEL_ATTRIBUTE
10
0
20
0
40
0.889
1
Comment
72
1
73
1
11
0
21
0
41
0.75
7
W0$127
0
TEXT
8
ATTRIBUTE_126
10
0
20
0
40
0.889
1
 
72
1
73
2
11
0
21
0
41
0.75
7
W0$127
0
TEXT
8
PART_TYPE_TOP
10
0
20
-1.27
40
0.889
1
R0402
72
1
73
2
11
0
21
-1.27
41
0.75
7
W0$127
0
TEXT
8
PART_INFO
10
0
20
-2.54
40
0.889
1
000000
72
1
73
2
11
0
21
-2.54
41
0.75
7
W0$127
0
TEXT
8
PART_PTS
10
0
20
-3.81
40
0.889
1
1 2 
72
1
73
2
11
0
21
-3.81
41
0.75
7
W0$127
0
ENDBLK
0
BLOCK
2
PART_TOP_240
8
0
10
0
20
0
3
PART_TOP_240
70
64
0
INSERT
2
SYM_TOP_27
8
0
10
0
20
0
0
INSERT
2
PKG_24
8
0
10
0
20
0
0
TEXT
8
LABEL_INFO
10
0
20
0
40
0.49
1
0 0 1 1 0 1
72
1
73
1
11
0
21
0
41
0.75
7
W0$07
0
TEXT
8
LABEL_ATTRIBUTE
10
0
20
0
40
0.49
1
Ref.Des.
72
1
73
1
11
0
21
0
41
0.75
7
W0$07
0
TEXT
8
PART_NAME_126
10
0
20
0
40
0.49
1
R27
72
1
73
2
11
0
21
0
41
0.75
7
W0$07
0
TEXT
8
LABEL_INFO
10
0
20
0
40
0.889
1
0 0 1 1 0 1
72
1
73
1
11
0
21
0
41
0.75
7
W0$127
0
TEXT
8
LABEL_ATTRIBUTE
10
0
20
0
40
0.889
1
Comment
72
1
73
1
11
0
21
0
41
0.75
7
W0$127
0
TEXT
8
ATTRIBUTE_126
10
0
20
0
40
0.889
1
 
72
1
73
2
11
0
21
0
41
0.75
7
W0$127
0
TEXT
8
PART_TYPE_TOP
10
0
20
-1.27
40
0.889
1
R0402
72
1
73
2
11
0
21
-1.27
41
0.75
7
W0$127
0
TEXT
8
PART_INFO
10
0
20
-2.54
40
0.889
1
000000
72
1
73
2
11
0
21
-2.54
41
0.75
7
W0$127
0
TEXT
8
PART_PTS
10
0
20
-3.81
40
0.889
1
1 2 
72
1
73
2
11
0
21
-3.81
41
0.75
7
W0$127
0
ENDBLK
0
BLOCK
2
PART_TOP_241
8
0
10
0
20
0
3
PART_TOP_241
70
64
0
INSERT
2
SYM_TOP_53
8
0
10
0
20
0
0
INSERT
2
PKG_47
8
0
10
0
20
0
0
TEXT
8
LABEL_INFO
10
0
20
0
40
0.49
1
0 0 1 1 0 1
72
1
73
1
11
0
21
0
41
0.75
7
W0$07
0
TEXT
8
LABEL_ATTRIBUTE
10
0
20
0
40
0.49
1
Ref.Des.
72
1
73
1
11
0
21
0
41
0.75
7
W0$07
0
TEXT
8
PART_NAME_126
10
0
20
0
40
0.49
1
D13
72
1
73
2
11
0
21
0
41
0.75
7
W0$07
0
TEXT
8
LABEL_INFO
10
0
20
0
40
0.889
1
0 0 1 1 0 1
72
1
73
1
11
0
21
0
41
0.75
7
W0$127
0
TEXT
8
LABEL_ATTRIBUTE
10
0
20
0
40
0.889
1
Comment
72
1
73
1
11
0
21
0
41
0.75
7
W0$127
0
TEXT
8
ATTRIBUTE_126
10
0
20
0
40
0.889
1
 
72
1
73
2
11
0
21
0
41
0.75
7
W0$127
0
TEXT
8
PART_TYPE_TOP
10
0
20
-1.27
40
0.889
1
SOD_123
72
1
73
2
11
0
21
-1.27
41
0.75
7
W0$127
0
TEXT
8
PART_INFO
10
0
20
-2.54
40
0.889
1
000000
72
1
73
2
11
0
21
-2.54
41
0.75
7
W0$127
0
TEXT
8
PART_PTS
10
0
20
-3.81
40
0.889
1
1 2 
72
1
73
2
11
0
21
-3.81
41
0.75
7
W0$127
0
ENDBLK
0
BLOCK
2
PART_TOP_242
8
0
10
0
20
0
3
PART_TOP_242
70
64
0
INSERT
2
SYM_TOP_5
8
0
10
0
20
0
0
INSERT
2
PKG_1
8
0
10
0
20
0
0
TEXT
8
LABEL_INFO
10
0
20
0
40
0.49
1
0 0 1 1 0 1
72
1
73
1
11
0
21
0
41
0.75
7
W0$07
0
TEXT
8
LABEL_ATTRIBUTE
10
0
20
0
40
0.49
1
Ref.Des.
72
1
73
1
11
0
21
0
41
0.75
7
W0$07
0
TEXT
8
PART_NAME_126
10
0
20
0
40
0.49
1
C75
72
1
73
2
11
0
21
0
41
0.75
7
W0$07
0
TEXT
8
LABEL_INFO
10
0
20
0
40
1.0668
1
0 0 1 1 0 1
72
1
73
1
11
0
21
0
41
0.75
7
W0$254
0
TEXT
8
LABEL_ATTRIBUTE
10
0
20
0
40
1.0668
1
PartType
72
1
73
1
11
0
21
0
41
0.75
7
W0$254
0
TEXT
8
PART_TYPE_126
10
0
20
0
40
1.0668
1
C0402
72
1
73
2
11
0
21
0
41
0.75
7
W0$254
0
TEXT
8
PART_INFO
10
0
20
-1.524
40
1.0668
1
000000
72
1
73
2
11
0
21
-1.524
41
0.75
7
W0$254
0
TEXT
8
PART_PTS
10
0
20
-3.048
40
1.0668
1
1 2 
72
1
73
2
11
0
21
-3.048
41
0.75
7
W0$254
0
ENDBLK
0
BLOCK
2
PART_TOP_243
8
0
10
0
20
0
3
PART_TOP_243
70
64
0
INSERT
2
SYM_TOP_5
8
0
10
0
20
0
0
INSERT
2
PKG_1
8
0
10
0
20
0
0
TEXT
8
LABEL_INFO
10
0
20
0
40
0.49
1
0 324000000 1 1 0 1
72
1
73
1
11
0
21
0
50
180
41
0.75
7
W0$07
0
TEXT
8
LABEL_ATTRIBUTE
10
0
20
0
40
0.49
1
Ref.Des.
72
1
73
1
11
0
21
0
50
180
41
0.75
7
W0$07
0
TEXT
8
PART_NAME_126
10
0
20
0
40
0.49
1
C76
72
1
73
2
11
0
21
0
50
180
41
0.75
7
W0$07
0
TEXT
8
LABEL_INFO
10
0
20
0
40
1.0668
1
0 324000000 1 1 0 1
72
1
73
1
11
0
21
0
50
180
41
0.75
7
W0$254
0
TEXT
8
LABEL_ATTRIBUTE
10
0
20
0
40
1.0668
1
PartType
72
1
73
1
11
0
21
0
50
180
41
0.75
7
W0$254
0
TEXT
8
PART_TYPE_126
10
0
20
0
40
1.0668
1
C0402
72
1
73
2
11
0
21
0
50
180
41
0.75
7
W0$254
0
TEXT
8
PART_INFO
10
0
20
-1.524
40
1.0668
1
000000
72
1
73
2
11
0
21
-1.524
50
180
41
0.75
7
W0$254
0
TEXT
8
PART_PTS
10
0
20
-3.048
40
1.0668
1
1 2 
72
1
73
2
11
0
21
-3.048
50
180
41
0.75
7
W0$254
0
ENDBLK
0
BLOCK
2
PART_TOP_244
8
0
10
0
20
0
3
PART_TOP_244
70
64
0
INSERT
2
SYM_TOP_5
8
0
10
0
20
0
0
INSERT
2
PKG_1
8
0
10
0
20
0
0
TEXT
8
LABEL_INFO
10
0
20
0
40
0.49
1
0 0 1 1 0 1
72
1
73
1
11
0
21
0
41
0.75
7
W0$07
0
TEXT
8
LABEL_ATTRIBUTE
10
0
20
0
40
0.49
1
Ref.Des.
72
1
73
1
11
0
21
0
41
0.75
7
W0$07
0
TEXT
8
PART_NAME_126
10
0
20
0
40
0.49
1
C78
72
1
73
2
11
0
21
0
41
0.75
7
W0$07
0
TEXT
8
LABEL_INFO
10
0
20
0
40
1.0668
1
0 0 1 1 0 1
72
1
73
1
11
0
21
0
41
0.75
7
W0$254
0
TEXT
8
LABEL_ATTRIBUTE
10
0
20
0
40
1.0668
1
PartType
72
1
73
1
11
0
21
0
41
0.75
7
W0$254
0
TEXT
8
PART_TYPE_126
10
0
20
0
40
1.0668
1
C0402
72
1
73
2
11
0
21
0
41
0.75
7
W0$254
0
TEXT
8
PART_INFO
10
0
20
-1.524
40
1.0668
1
000000
72
1
73
2
11
0
21
-1.524
41
0.75
7
W0$254
0
TEXT
8
PART_PTS
10
0
20
-3.048
40
1.0668
1
1 2 
72
1
73
2
11
0
21
-3.048
41
0.75
7
W0$254
0
ENDBLK
0
BLOCK
2
PART_TOP_245
8
0
10
0
20
0
3
PART_TOP_245
70
64
0
INSERT
2
SYM_TOP_5
8
0
10
0
20
0
0
INSERT
2
PKG_1
8
0
10
0
20
0
0
TEXT
8
LABEL_INFO
10
0
20
0
40
0.49
1
0 0 1 1 0 1
72
1
73
1
11
0
21
0
41
0.75
7
W0$07
0
TEXT
8
LABEL_ATTRIBUTE
10
0
20
0
40
0.49
1
Ref.Des.
72
1
73
1
11
0
21
0
41
0.75
7
W0$07
0
TEXT
8
PART_NAME_126
10
0
20
0
40
0.49
1
C79
72
1
73
2
11
0
21
0
41
0.75
7
W0$07
0
TEXT
8
LABEL_INFO
10
0
20
0
40
1.0668
1
0 0 1 1 0 1
72
1
73
1
11
0
21
0
41
0.75
7
W0$254
0
TEXT
8
LABEL_ATTRIBUTE
10
0
20
0
40
1.0668
1
PartType
72
1
73
1
11
0
21
0
41
0.75
7
W0$254
0
TEXT
8
PART_TYPE_126
10
0
20
0
40
1.0668
1
C0402
72
1
73
2
11
0
21
0
41
0.75
7
W0$254
0
TEXT
8
PART_INFO
10
0
20
-1.524
40
1.0668
1
000000
72
1
73
2
11
0
21
-1.524
41
0.75
7
W0$254
0
TEXT
8
PART_PTS
10
0
20
-3.048
40
1.0668
1
1 2 
72
1
73
2
11
0
21
-3.048
41
0.75
7
W0$254
0
ENDBLK
0
BLOCK
2
PART_TOP_246
8
0
10
0
20
0
3
PART_TOP_246
70
64
0
INSERT
2
SYM_TOP_5
8
0
10
0
20
0
0
INSERT
2
PKG_1
8
0
10
0
20
0
0
TEXT
8
LABEL_INFO
10
0
20
0
40
0.49
1
0 0 1 1 0 1
72
1
73
1
11
0
21
0
41
0.75
7
W0$07
0
TEXT
8
LABEL_ATTRIBUTE
10
0
20
0
40
0.49
1
Ref.Des.
72
1
73
1
11
0
21
0
41
0.75
7
W0$07
0
TEXT
8
PART_NAME_126
10
0
20
0
40
0.49
1
D16
72
1
73
2
11
0
21
0
41
0.75
7
W0$07
0
TEXT
8
LABEL_INFO
10
0
20
0
40
1.0668
1
0 0 1 1 0 1
72
1
73
1
11
0
21
0
41
0.75
7
W0$254
0
TEXT
8
LABEL_ATTRIBUTE
10
0
20
0
40
1.0668
1
PartType
72
1
73
1
11
0
21
0
41
0.75
7
W0$254
0
TEXT
8
PART_TYPE_126
10
0
20
0
40
1.0668
1
C0402
72
1
73
2
11
0
21
0
41
0.75
7
W0$254
0
TEXT
8
PART_INFO
10
0
20
-1.524
40
1.0668
1
000000
72
1
73
2
11
0
21
-1.524
41
0.75
7
W0$254
0
TEXT
8
PART_PTS
10
0
20
-3.048
40
1.0668
1
1 2 
72
1
73
2
11
0
21
-3.048
41
0.75
7
W0$254
0
ENDBLK
0
BLOCK
2
PART_TOP_247
8
0
10
0
20
0
3
PART_TOP_247
70
64
0
INSERT
2
SYM_TOP_5
8
0
10
0
20
0
0
INSERT
2
PKG_1
8
0
10
0
20
0
0
TEXT
8
LABEL_INFO
10
0
20
0
40
0.49
1
0 0 1 1 0 1
72
1
73
1
11
0
21
0
41
0.75
7
W0$07
0
TEXT
8
LABEL_ATTRIBUTE
10
0
20
0
40
0.49
1
Ref.Des.
72
1
73
1
11
0
21
0
41
0.75
7
W0$07
0
TEXT
8
PART_NAME_126
10
0
20
0
40
0.49
1
D17
72
1
73
2
11
0
21
0
41
0.75
7
W0$07
0
TEXT
8
LABEL_INFO
10
0
20
0
40
1.0668
1
0 0 1 1 0 1
72
1
73
1
11
0
21
0
41
0.75
7
W0$254
0
TEXT
8
LABEL_ATTRIBUTE
10
0
20
0
40
1.0668
1
PartType
72
1
73
1
11
0
21
0
41
0.75
7
W0$254
0
TEXT
8
PART_TYPE_126
10
0
20
0
40
1.0668
1
C0402
72
1
73
2
11
0
21
0
41
0.75
7
W0$254
0
TEXT
8
PART_INFO
10
0
20
-1.524
40
1.0668
1
000000
72
1
73
2
11
0
21
-1.524
41
0.75
7
W0$254
0
TEXT
8
PART_PTS
10
0
20
-3.048
40
1.0668
1
1 2 
72
1
73
2
11
0
21
-3.048
41
0.75
7
W0$254
0
ENDBLK
0
BLOCK
2
PART_TOP_248
8
0
10
0
20
0
3
PART_TOP_248
70
64
0
INSERT
2
SYM_TOP_6
8
0
10
0
20
0
0
INSERT
2
PKG_2
8
0
10
0
20
0
0
TEXT
8
LABEL_INFO
10
0
20
0
40
0.49
1
0 0 1 1 0 1
72
1
73
1
11
0
21
0
41
0.75
7
W0$07
0
TEXT
8
LABEL_ATTRIBUTE
10
0
20
0
40
0.49
1
Ref.Des.
72
1
73
1
11
0
21
0
41
0.75
7
W0$07
0
TEXT
8
PART_NAME_126
10
0
20
0
40
0.49
1
C77
72
1
73
2
11
0
21
0
41
0.75
7
W0$07
0
TEXT
8
LABEL_INFO
10
2.2590093333
20
0.126492
40
0.889
1
0 0 0 2 0 1
73
2
11
2.2590093333
21
0.126492
41
0.75
7
W0$127
0
TEXT
8
LABEL_ATTRIBUTE
10
2.2590093333
20
0.126492
40
0.889
1
PartType
73
2
11
2.2590093333
21
0.126492
41
0.75
7
W0$127
0
TEXT
8
PART_TYPE_01
10
2.2590093333
20
0.126492
40
0.889
1
C0603
73
3
11
2.2590093333
21
0.126492
41
0.75
7
W0$127
0
TEXT
8
PART_INFO
10
2.2590093333
20
-1.143508
40
0.889
1
000000
73
3
11
2.2590093333
21
-1.143508
41
0.75
7
W0$127
0
TEXT
8
PART_PTS
10
2.2590093333
20
-2.413508
40
0.889
1
1 2 
73
3
11
2.2590093333
21
-2.413508
41
0.75
7
W0$127
0
ENDBLK
0
BLOCK
2
PART_TOP_249
8
0
10
0
20
0
3
PART_TOP_249
70
64
0
INSERT
2
SYM_TOP_6
8
0
10
0
20
0
0
INSERT
2
PKG_2
8
0
10
0
20
0
0
TEXT
8
LABEL_INFO
10
0
20
0
40
0.49
1
0 0 1 1 0 1
72
1
73
1
11
0
21
0
41
0.75
7
W0$07
0
TEXT
8
LABEL_ATTRIBUTE
10
0
20
0
40
0.49
1
Ref.Des.
72
1
73
1
11
0
21
0
41
0.75
7
W0$07
0
TEXT
8
PART_NAME_126
10
0
20
0
40
0.49
1
C80
72
1
73
2
11
0
21
0
41
0.75
7
W0$07
0
TEXT
8
LABEL_INFO
10
2.2590093333
20
0.126492
40
0.889
1
0 0 0 2 0 1
73
2
11
2.2590093333
21
0.126492
41
0.75
7
W0$127
0
TEXT
8
LABEL_ATTRIBUTE
10
2.2590093333
20
0.126492
40
0.889
1
PartType
73
2
11
2.2590093333
21
0.126492
41
0.75
7
W0$127
0
TEXT
8
PART_TYPE_01
10
2.2590093333
20
0.126492
40
0.889
1
C0603
73
3
11
2.2590093333
21
0.126492
41
0.75
7
W0$127
0
TEXT
8
PART_INFO
10
2.2590093333
20
-1.143508
40
0.889
1
000000
73
3
11
2.2590093333
21
-1.143508
41
0.75
7
W0$127
0
TEXT
8
PART_PTS
10
2.2590093333
20
-2.413508
40
0.889
1
1 2 
73
3
11
2.2590093333
21
-2.413508
41
0.75
7
W0$127
0
ENDBLK
0
BLOCK
2
PART_TOP_250
8
0
10
0
20
0
3
PART_TOP_250
70
64
0
INSERT
2
SYM_TOP_55
8
0
10
0
20
0
0
INSERT
2
PKG_49
8
0
10
0
20
0
0
TEXT
8
LABEL_INFO
10
0
20
-0.0000013333
40
0.49
1
0 324000000 1 1 0 1
72
1
73
1
11
0
21
-0.0000013333
50
180
41
0.75
7
W0$07
0
TEXT
8
LABEL_ATTRIBUTE
10
0
20
-0.0000013333
40
0.49
1
Ref.Des.
72
1
73
1
11
0
21
-0.0000013333
50
180
41
0.75
7
W0$07
0
TEXT
8
PART_NAME_126
10
0
20
-0.0000013333
40
0.49
1
U11
72
1
73
2
11
0
21
-0.0000013333
50
180
41
0.75
7
W0$07
0
TEXT
8
LABEL_INFO
10
0
20
-0.0000013333
40
0.889
1
0 324000000 1 1 0 1
72
1
73
1
11
0
21
-0.0000013333
50
180
41
0.75
7
W0$127
0
TEXT
8
LABEL_ATTRIBUTE
10
0
20
-0.0000013333
40
0.889
1
Comment
72
1
73
1
11
0
21
-0.0000013333
50
180
41
0.75
7
W0$127
0
TEXT
8
ATTRIBUTE_126
10
0
20
-0.0000013333
40
0.889
1
 
72
1
73
2
11
0
21
-0.0000013333
50
180
41
0.75
7
W0$127
0
TEXT
8
PART_TYPE_TOP
10
0
20
-1.2700013333
40
0.889
1
MSOP8
72
1
73
2
11
0
21
-1.2700013333
50
180
41
0.75
7
W0$127
0
TEXT
8
PART_INFO
10
0
20
-2.5400013333
40
0.889
1
000000
72
1
73
2
11
0
21
-2.5400013333
50
180
41
0.75
7
W0$127
0
TEXT
8
PART_PTS
10
0
20
-3.8100013333
40
0.889
1
1 2 4 5 6 8 
72
1
73
2
11
0
21
-3.8100013333
50
180
41
0.75
7
W0$127
0
ENDBLK
0
BLOCK
2
PART_TOP_251
8
0
10
0
20
0
3
PART_TOP_251
70
64
0
INSERT
2
SYM_TOP_27
8
0
10
0
20
0
0
INSERT
2
PKG_24
8
0
10
0
20
0
0
TEXT
8
LABEL_INFO
10
0
20
0
40
0.49
1
0 324000000 1 1 0 1
72
1
73
1
11
0
21
0
50
180
41
0.75
7
W0$07
0
TEXT
8
LABEL_ATTRIBUTE
10
0
20
0
40
0.49
1
Ref.Des.
72
1
73
1
11
0
21
0
50
180
41
0.75
7
W0$07
0
TEXT
8
PART_NAME_126
10
0
20
0
40
0.49
1
R85
72
1
73
2
11
0
21
0
50
180
41
0.75
7
W0$07
0
TEXT
8
LABEL_INFO
10
1.6
20
-0.1
40
0.889
1
0 0 0 2 0 1
73
2
11
1.6
21
-0.1
41
0.75
7
W0$127
0
TEXT
8
LABEL_ATTRIBUTE
10
1.6
20
-0.1
40
0.889
1
PartType
73
2
11
1.6
21
-0.1
41
0.75
7
W0$127
0
TEXT
8
PART_TYPE_01
10
1.6
20
-0.1
40
0.889
1
R0402
73
3
11
1.6
21
-0.1
41
0.75
7
W0$127
0
TEXT
8
PART_INFO
10
1.6
20
-1.37
40
0.889
1
000000
73
3
11
1.6
21
-1.37
41
0.75
7
W0$127
0
TEXT
8
PART_PTS
10
1.6
20
-2.64
40
0.889
1
1 2 
73
3
11
1.6
21
-2.64
41
0.75
7
W0$127
0
ENDBLK
0
BLOCK
2
PART_TOP_252
8
0
10
0
20
0
3
PART_TOP_252
70
64
0
INSERT
2
SYM_TOP_27
8
0
10
0
20
0
0
INSERT
2
PKG_24
8
0
10
0
20
0
0
TEXT
8
LABEL_INFO
10
0
20
0
40
0.49
1
0 324000000 1 1 0 1
72
1
73
1
11
0
21
0
50
180
41
0.75
7
W0$07
0
TEXT
8
LABEL_ATTRIBUTE
10
0
20
0
40
0.49
1
Ref.Des.
72
1
73
1
11
0
21
0
50
180
41
0.75
7
W0$07
0
TEXT
8
PART_NAME_126
10
0
20
0
40
0.49
1
R86
72
1
73
2
11
0
21
0
50
180
41
0.75
7
W0$07
0
TEXT
8
LABEL_INFO
10
1.6
20
-0.1
40
0.889
1
0 0 0 2 0 1
73
2
11
1.6
21
-0.1
41
0.75
7
W0$127
0
TEXT
8
LABEL_ATTRIBUTE
10
1.6
20
-0.1
40
0.889
1
PartType
73
2
11
1.6
21
-0.1
41
0.75
7
W0$127
0
TEXT
8
PART_TYPE_01
10
1.6
20
-0.1
40
0.889
1
R0402
73
3
11
1.6
21
-0.1
41
0.75
7
W0$127
0
TEXT
8
PART_INFO
10
1.6
20
-1.37
40
0.889
1
000000
73
3
11
1.6
21
-1.37
41
0.75
7
W0$127
0
TEXT
8
PART_PTS
10
1.6
20
-2.64
40
0.889
1
1 2 
73
3
11
1.6
21
-2.64
41
0.75
7
W0$127
0
ENDBLK
0
BLOCK
2
PART_TOP_253
8
0
10
0
20
0
3
PART_TOP_253
70
64
0
INSERT
2
SYM_TOP_27
8
0
10
0
20
0
0
INSERT
2
PKG_24
8
0
10
0
20
0
0
TEXT
8
LABEL_INFO
10
0
20
0
40
0.49
1
0 0 1 1 0 1
72
1
73
1
11
0
21
0
41
0.75
7
W0$07
0
TEXT
8
LABEL_ATTRIBUTE
10
0
20
0
40
0.49
1
Ref.Des.
72
1
73
1
11
0
21
0
41
0.75
7
W0$07
0
TEXT
8
PART_NAME_126
10
0
20
0
40
0.49
1
R87
72
1
73
2
11
0
21
0
41
0.75
7
W0$07
0
TEXT
8
LABEL_INFO
10
1.6
20
-0.1
40
0.889
1
0 0 0 2 0 1
73
2
11
1.6
21
-0.1
41
0.75
7
W0$127
0
TEXT
8
LABEL_ATTRIBUTE
10
1.6
20
-0.1
40
0.889
1
PartType
73
2
11
1.6
21
-0.1
41
0.75
7
W0$127
0
TEXT
8
PART_TYPE_01
10
1.6
20
-0.1
40
0.889
1
R0402
73
3
11
1.6
21
-0.1
41
0.75
7
W0$127
0
TEXT
8
PART_INFO
10
1.6
20
-1.37
40
0.889
1
000000
73
3
11
1.6
21
-1.37
41
0.75
7
W0$127
0
TEXT
8
PART_PTS
10
1.6
20
-2.64
40
0.889
1
1 2 
73
3
11
1.6
21
-2.64
41
0.75
7
W0$127
0
ENDBLK
0
BLOCK
2
PART_TOP_254
8
0
10
0
20
0
3
PART_TOP_254
70
64
0
INSERT
2
SYM_TOP_27
8
0
10
0
20
0
0
INSERT
2
PKG_24
8
0
10
0
20
0
0
TEXT
8
LABEL_INFO
10
0
20
0
40
0.49
1
0 0 1 1 0 1
72
1
73
1
11
0
21
0
41
0.75
7
W0$07
0
TEXT
8
LABEL_ATTRIBUTE
10
0
20
0
40
0.49
1
Ref.Des.
72
1
73
1
11
0
21
0
41
0.75
7
W0$07
0
TEXT
8
PART_NAME_126
10
0
20
0
40
0.49
1
R88
72
1
73
2
11
0
21
0
41
0.75
7
W0$07
0
TEXT
8
LABEL_INFO
10
1.6
20
-0.1
40
0.889
1
0 0 0 2 0 1
73
2
11
1.6
21
-0.1
41
0.75
7
W0$127
0
TEXT
8
LABEL_ATTRIBUTE
10
1.6
20
-0.1
40
0.889
1
PartType
73
2
11
1.6
21
-0.1
41
0.75
7
W0$127
0
TEXT
8
PART_TYPE_01
10
1.6
20
-0.1
40
0.889
1
R0402
73
3
11
1.6
21
-0.1
41
0.75
7
W0$127
0
TEXT
8
PART_INFO
10
1.6
20
-1.37
40
0.889
1
000000
73
3
11
1.6
21
-1.37
41
0.75
7
W0$127
0
TEXT
8
PART_PTS
10
1.6
20
-2.64
40
0.889
1
1 2 
73
3
11
1.6
21
-2.64
41
0.75
7
W0$127
0
ENDBLK
0
BLOCK
2
PART_TOP_255
8
0
10
0
20
0
3
PART_TOP_255
70
64
0
INSERT
2
SYM_TOP_56
8
0
10
0
20
0
0
INSERT
2
PKG_50
8
0
10
0
20
0
0
TEXT
8
LABEL_INFO
10
0
20
-1.425
40
0.49
1
0 0 1 1 0 1
72
1
73
1
11
0
21
-1.425
41
0.75
7
W0$07
0
TEXT
8
LABEL_ATTRIBUTE
10
0
20
-1.425
40
0.49
1
Ref.Des.
72
1
73
1
11
0
21
-1.425
41
0.75
7
W0$07
0
TEXT
8
PART_NAME_126
10
0
20
-1.425
40
0.49
1
U10
72
1
73
2
11
0
21
-1.425
41
0.75
7
W0$07
0
TEXT
8
LABEL_INFO
10
0.378
20
-1.53633
40
0.889
1
0 0 0 2 0 1
73
2
11
0.378
21
-1.53633
41
0.75
7
W0$127
0
TEXT
8
LABEL_ATTRIBUTE
10
0.378
20
-1.53633
40
0.889
1
PartType
73
2
11
0.378
21
-1.53633
41
0.75
7
W0$127
0
TEXT
8
PART_TYPE_01
10
0.378
20
-1.53633
40
0.889
1
SMD-2P-1.25
73
3
11
0.378
21
-1.53633
41
0.75
7
W0$127
0
TEXT
8
PART_INFO
10
0.378
20
-2.80633
40
0.889
1
000000
73
3
11
0.378
21
-2.80633
41
0.75
7
W0$127
0
TEXT
8
PART_PTS
10
0.378
20
-4.07633
40
0.889
1
1 2 
73
3
11
0.378
21
-4.07633
41
0.75
7
W0$127
0
ENDBLK
0
BLOCK
2
PART_TOP_256
8
0
10
0
20
0
3
PART_TOP_256
70
64
0
INSERT
2
SYM_TOP_57
8
0
10
0
20
0
0
INSERT
2
PKG_51
8
0
10
0
20
0
0
TEXT
8
LABEL_INFO
10
0.035
20
-0.1
40
0.49
1
0 324000000 1 1 0 1
72
1
73
1
11
0.035
21
-0.1
50
180
41
0.75
7
W0$07
0
TEXT
8
LABEL_ATTRIBUTE
10
0.035
20
-0.1
40
0.49
1
Ref.Des.
72
1
73
1
11
0.035
21
-0.1
50
180
41
0.75
7
W0$07
0
TEXT
8
PART_NAME_126
10
0.035
20
-0.1
40
0.49
1
U3
72
1
73
2
11
0.035
21
-0.1
50
180
41
0.75
7
W0$07
0
TEXT
8
LABEL_INFO
10
-1.0668
20
0.127
40
0.74676
1
0 0 0 1 0 1
73
1
11
-1.0668
21
0.127
41
0.75
7
W0$127
0
TEXT
8
LABEL_ATTRIBUTE
10
-1.0668
20
0.127
40
0.74676
1
PartType
73
1
11
-1.0668
21
0.127
41
0.75
7
W0$127
0
TEXT
8
PART_TYPE_01
10
-1.0668
20
0.127
40
0.74676
1
SOT_23_5
73
2
11
-1.0668
21
0.127
41
0.75
7
W0$127
0
TEXT
8
PART_INFO
10
-1.0668
20
-0.9398
40
0.74676
1
000000
73
2
11
-1.0668
21
-0.9398
41
0.75
7
W0$127
0
TEXT
8
PART_PTS
10
-1.0668
20
-2.0066
40
0.74676
1
1 2 3 4 5 
73
2
11
-1.0668
21
-2.0066
41
0.75
7
W0$127
0
ENDBLK
0
BLOCK
2
PART_TOP_257
8
0
10
0
20
0
3
PART_TOP_257
70
64
0
INSERT
2
SYM_TOP_58
8
0
10
0
20
0
0
INSERT
2
PKG_52
8
0
10
0
20
0
0
TEXT
8
LABEL_INFO
10
-4.45
20
1.95
40
0.2667
1
0 0 0 2 0 1
73
2
11
-4.45
21
1.95
41
0.75
7
W0$0381
0
TEXT
8
LABEL_ATTRIBUTE
10
-4.45
20
1.95
40
0.2667
1
PartType
73
2
11
-4.45
21
1.95
41
0.75
7
W0$0381
0
TEXT
8
PART_TYPE_01
10
-4.45
20
1.95
40
0.2667
1
TS-1038
73
3
11
-4.45
21
1.95
41
0.75
7
W0$0381
0
TEXT
8
LABEL_INFO
10
-0.0499986667
20
-0.05
40
0.49
1
0 324000000 1 1 0 1
72
1
73
1
11
-0.0499986667
21
-0.05
50
180
41
0.75
7
W0$07
0
TEXT
8
LABEL_ATTRIBUTE
10
-0.0499986667
20
-0.05
40
0.49
1
Ref.Des.
72
1
73
1
11
-0.0499986667
21
-0.05
50
180
41
0.75
7
W0$07
0
TEXT
8
PART_NAME_126
10
-0.0499986667
20
-0.05
40
0.49
1
SW4
72
1
73
2
11
-0.0499986667
21
-0.05
50
180
41
0.75
7
W0$07
0
TEXT
8
PART_INFO
10
-0.0499986667
20
-0.75
40
0.49
1
000000
72
1
73
2
11
-0.0499986667
21
-0.75
50
180
41
0.75
7
W0$07
0
TEXT
8
PART_PTS
10
-0.0499986667
20
-1.45
40
0.49
1
1 2 3 4 
72
1
73
2
11
-0.0499986667
21
-1.45
50
180
41
0.75
7
W0$07
0
ENDBLK
0
BLOCK
2
PART_TOP_258
8
0
10
0
20
0
3
PART_TOP_258
70
64
0
INSERT
2
SYM_TOP_18
8
0
10
0
20
0
0
INSERT
2
PKG_14
8
0
10
0
20
0
0
TEXT
8
LABEL_INFO
10
1.8
20
0.3
40
0.49
1
0 486000000 0 0 0 1
50
270
41
0.75
7
W0$07
0
TEXT
8
LABEL_ATTRIBUTE
10
1.8
20
0.3
40
0.49
1
Ref.Des.
50
270
41
0.75
7
W0$07
0
TEXT
8
PART_NAME_126
10
1.8
20
0.3
40
0.49
1
J11
50
270
41
0.75
7
W0$07
0
TEXT
8
LABEL_INFO
10
2.775
20
-1.045
40
1.0668
1
0 162000000 0 0 0 1
50
90
41
0.75
7
W0$1524
0
TEXT
8
LABEL_ATTRIBUTE
10
2.775
20
-1.045
40
1.0668
1
PartType
50
90
41
0.75
7
W0$1524
0
TEXT
8
PART_TYPE_01
10
2.775
20
-1.045
40
1.0668
1
CON3X1X1.25-HS
50
90
41
0.75
7
W0$1524
0
TEXT
8
PART_INFO
10
2.775
20
-2.569
40
1.0668
1
000000
50
90
41
0.75
7
W0$1524
0
TEXT
8
PART_PTS
10
2.775
20
-4.093
40
1.0668
1
1 2 3 
50
90
41
0.75
7
W0$1524
0
ENDBLK
0
BLOCK
2
PART_TOP_259
8
0
10
0
20
0
3
PART_TOP_259
70
64
0
INSERT
2
SYM_TOP_5
8
0
10
0
20
0
0
INSERT
2
PKG_1
8
0
10
0
20
0
0
TEXT
8
LABEL_INFO
10
0
20
0
40
0.49
1
0 324000000 1 1 0 1
72
1
73
1
11
0
21
0
50
180
41
0.75
7
W0$07
0
TEXT
8
LABEL_ATTRIBUTE
10
0
20
0
40
0.49
1
Ref.Des.
72
1
73
1
11
0
21
0
50
180
41
0.75
7
W0$07
0
TEXT
8
PART_NAME_126
10
0
20
0
40
0.49
1
C8
72
1
73
2
11
0
21
0
50
180
41
0.75
7
W0$07
0
TEXT
8
LABEL_INFO
10
0
20
0
40
1.0668
1
0 0 1 1 0 0
72
1
73
1
11
0
21
0
41
0.75
7
W0$254
0
TEXT
8
LABEL_ATTRIBUTE
10
0
20
0
40
1.0668
1
Ref.Des.
72
1
73
1
11
0
21
0
41
0.75
7
W0$254
0
TEXT
8
PART_NAME_126
10
0
20
0
40
1.0668
1
C8
72
1
73
2
11
0
21
0
41
0.75
7
W0$254
0
TEXT
8
LABEL_INFO
10
0
20
0
40
1.0668
1
0 0 1 1 0 1
72
1
73
1
11
0
21
0
41
0.75
7
W0$254
0
TEXT
8
LABEL_ATTRIBUTE
10
0
20
0
40
1.0668
1
PartType
72
1
73
1
11
0
21
0
41
0.75
7
W0$254
0
TEXT
8
PART_TYPE_126
10
0
20
0
40
1.0668
1
C0402
72
1
73
2
11
0
21
0
41
0.75
7
W0$254
0
TEXT
8
PART_INFO
10
0
20
-1.524
40
1.0668
1
000000
72
1
73
2
11
0
21
-1.524
41
0.75
7
W0$254
0
TEXT
8
PART_PTS
10
0
20
-3.048
40
1.0668
1
1 2 
72
1
73
2
11
0
21
-3.048
41
0.75
7
W0$254
0
ENDBLK
0
BLOCK
2
PART_TOP_260
8
0
10
0
20
0
3
PART_TOP_260
70
64
0
INSERT
2
SYM_TOP_5
8
0
10
0
20
0
0
INSERT
2
PKG_1
8
0
10
0
20
0
0
TEXT
8
LABEL_INFO
10
0
20
0
40
0.49
1
0 324000000 1 1 0 1
72
1
73
1
11
0
21
0
50
180
41
0.75
7
W0$07
0
TEXT
8
LABEL_ATTRIBUTE
10
0
20
0
40
0.49
1
Ref.Des.
72
1
73
1
11
0
21
0
50
180
41
0.75
7
W0$07
0
TEXT
8
PART_NAME_126
10
0
20
0
40
0.49
1
C7
72
1
73
2
11
0
21
0
50
180
41
0.75
7
W0$07
0
TEXT
8
PART_TYPE_TOP
10
0
20
-0.7
40
0.49
1
C0402
72
1
73
2
11
0
21
-0.7
50
180
41
0.75
7
W0$07
0
TEXT
8
PART_INFO
10
0
20
-1.4
40
0.49
1
000000
72
1
73
2
11
0
21
-1.4
50
180
41
0.75
7
W0$07
0
TEXT
8
PART_PTS
10
0
20
-2.1
40
0.49
1
1 2 
72
1
73
2
11
0
21
-2.1
50
180
41
0.75
7
W0$07
0
ENDBLK
0
BLOCK
2
PART_TOP_261
8
0
10
0
20
0
3
PART_TOP_261
70
64
0
INSERT
2
SYM_TOP_5
8
0
10
0
20
0
0
INSERT
2
PKG_1
8
0
10
0
20
0
0
TEXT
8
LABEL_INFO
10
0
20
0
40
0.49
1
0 0 1 1 0 1
72
1
73
1
11
0
21
0
41
0.75
7
W0$07
0
TEXT
8
LABEL_ATTRIBUTE
10
0
20
0
40
0.49
1
Ref.Des.
72
1
73
1
11
0
21
0
41
0.75
7
W0$07
0
TEXT
8
PART_NAME_126
10
0
20
0
40
0.49
1
C6
72
1
73
2
11
0
21
0
41
0.75
7
W0$07
0
TEXT
8
LABEL_INFO
10
0
20
0
40
1.0668
1
0 324000000 1 1 0 0
72
1
73
1
11
0
21
0
50
180
41
0.75
7
W0$254
0
TEXT
8
LABEL_ATTRIBUTE
10
0
20
0
40
1.0668
1
Ref.Des.
72
1
73
1
11
0
21
0
50
180
41
0.75
7
W0$254
0
TEXT
8
PART_NAME_126
10
0
20
0
40
1.0668
1
C6
72
1
73
2
11
0
21
0
50
180
41
0.75
7
W0$254
0
TEXT
8
LABEL_INFO
10
0
20
0
40
1.0668
1
0 324000000 1 1 0 1
72
1
73
1
11
0
21
0
50
180
41
0.75
7
W0$254
0
TEXT
8
LABEL_ATTRIBUTE
10
0
20
0
40
1.0668
1
PartType
72
1
73
1
11
0
21
0
50
180
41
0.75
7
W0$254
0
TEXT
8
PART_TYPE_126
10
0
20
0
40
1.0668
1
C0402
72
1
73
2
11
0
21
0
50
180
41
0.75
7
W0$254
0
TEXT
8
PART_INFO
10
0
20
-1.524
40
1.0668
1
000000
72
1
73
2
11
0
21
-1.524
50
180
41
0.75
7
W0$254
0
TEXT
8
PART_PTS
10
0
20
-3.048
40
1.0668
1
1 2 
72
1
73
2
11
0
21
-3.048
50
180
41
0.75
7
W0$254
0
ENDBLK
0
BLOCK
2
PART_TOP_262
8
0
10
0
20
0
3
PART_TOP_262
70
64
0
INSERT
2
SYM_TOP_5
8
0
10
0
20
0
0
INSERT
2
PKG_1
8
0
10
0
20
0
0
TEXT
8
LABEL_INFO
10
0
20
0
40
0.49
1
0 0 1 1 0 1
72
1
73
1
11
0
21
0
41
0.75
7
W0$07
0
TEXT
8
LABEL_ATTRIBUTE
10
0
20
0
40
0.49
1
Ref.Des.
72
1
73
1
11
0
21
0
41
0.75
7
W0$07
0
TEXT
8
PART_NAME_126
10
0
20
0
40
0.49
1
C9
72
1
73
2
11
0
21
0
41
0.75
7
W0$07
0
TEXT
8
LABEL_INFO
10
2.2590093333
20
0.126492
40
0.889
1
0 0 0 0 0 0
41
0.75
7
W0$127
0
TEXT
8
LABEL_ATTRIBUTE
10
2.2590093333
20
0.126492
40
0.889
1
Ref.Des.
41
0.75
7
W0$127
0
TEXT
8
PART_NAME_01
10
2.2590093333
20
0.126492
40
0.889
1
C9
41
0.75
7
W0$127
0
TEXT
8
LABEL_INFO
10
2.2590093333
20
0.126492
40
0.889
1
0 0 0 2 0 1
73
2
11
2.2590093333
21
0.126492
41
0.75
7
W0$127
0
TEXT
8
LABEL_ATTRIBUTE
10
2.2590093333
20
0.126492
40
0.889
1
PartType
73
2
11
2.2590093333
21
0.126492
41
0.75
7
W0$127
0
TEXT
8
PART_TYPE_01
10
2.2590093333
20
0.126492
40
0.889
1
C0402
73
3
11
2.2590093333
21
0.126492
41
0.75
7
W0$127
0
TEXT
8
PART_INFO
10
2.2590093333
20
-1.143508
40
0.889
1
000000
73
3
11
2.2590093333
21
-1.143508
41
0.75
7
W0$127
0
TEXT
8
PART_PTS
10
2.2590093333
20
-2.413508
40
0.889
1
1 2 
73
3
11
2.2590093333
21
-2.413508
41
0.75
7
W0$127
0
ENDBLK
0
BLOCK
2
PART_TOP_263
8
0
10
0
20
0
3
PART_TOP_263
70
64
0
INSERT
2
SYM_TOP_5
8
0
10
0
20
0
0
INSERT
2
PKG_1
8
0
10
0
20
0
0
TEXT
8
LABEL_INFO
10
0
20
0
40
0.49
1
0 324000000 1 1 0 1
72
1
73
1
11
0
21
0
50
180
41
0.75
7
W0$07
0
TEXT
8
LABEL_ATTRIBUTE
10
0
20
0
40
0.49
1
Ref.Des.
72
1
73
1
11
0
21
0
50
180
41
0.75
7
W0$07
0
TEXT
8
PART_NAME_126
10
0
20
0
40
0.49
1
C67
72
1
73
2
11
0
21
0
50
180
41
0.75
7
W0$07
0
TEXT
8
PART_TYPE_TOP
10
0
20
-0.7
40
0.49
1
C0402
72
1
73
2
11
0
21
-0.7
50
180
41
0.75
7
W0$07
0
TEXT
8
PART_INFO
10
0
20
-1.4
40
0.49
1
000000
72
1
73
2
11
0
21
-1.4
50
180
41
0.75
7
W0$07
0
TEXT
8
PART_PTS
10
0
20
-2.1
40
0.49
1
1 2 
72
1
73
2
11
0
21
-2.1
50
180
41
0.75
7
W0$07
0
ENDBLK
0
BLOCK
2
PART_TOP_264
8
0
10
0
20
0
3
PART_TOP_264
70
64
0
INSERT
2
SYM_TOP_5
8
0
10
0
20
0
0
INSERT
2
PKG_1
8
0
10
0
20
0
0
TEXT
8
LABEL_INFO
10
0
20
0
40
0.49
1
0 0 1 1 0 1
72
1
73
1
11
0
21
0
41
0.75
7
W0$07
0
TEXT
8
LABEL_ATTRIBUTE
10
0
20
0
40
0.49
1
Ref.Des.
72
1
73
1
11
0
21
0
41
0.75
7
W0$07
0
TEXT
8
PART_NAME_126
10
0
20
0
40
0.49
1
C69
72
1
73
2
11
0
21
0
41
0.75
7
W0$07
0
TEXT
8
LABEL_INFO
10
0
20
0
40
1.0668
1
0 0 1 1 0 0
72
1
73
1
11
0
21
0
41
0.75
7
W0$254
0
TEXT
8
LABEL_ATTRIBUTE
10
0
20
0
40
1.0668
1
Ref.Des.
72
1
73
1
11
0
21
0
41
0.75
7
W0$254
0
TEXT
8
PART_NAME_126
10
0
20
0
40
1.0668
1
C69
72
1
73
2
11
0
21
0
41
0.75
7
W0$254
0
TEXT
8
LABEL_INFO
10
0
20
0
40
1.0668
1
0 0 1 1 0 1
72
1
73
1
11
0
21
0
41
0.75
7
W0$254
0
TEXT
8
LABEL_ATTRIBUTE
10
0
20
0
40
1.0668
1
PartType
72
1
73
1
11
0
21
0
41
0.75
7
W0$254
0
TEXT
8
PART_TYPE_126
10
0
20
0
40
1.0668
1
C0402
72
1
73
2
11
0
21
0
41
0.75
7
W0$254
0
TEXT
8
PART_INFO
10
0
20
-1.524
40
1.0668
1
000000
72
1
73
2
11
0
21
-1.524
41
0.75
7
W0$254
0
TEXT
8
PART_PTS
10
0
20
-3.048
40
1.0668
1
1 2 
72
1
73
2
11
0
21
-3.048
41
0.75
7
W0$254
0
ENDBLK
0
BLOCK
2
PART_TOP_265
8
0
10
0
20
0
3
PART_TOP_265
70
64
0
INSERT
2
SYM_TOP_5
8
0
10
0
20
0
0
INSERT
2
PKG_1
8
0
10
0
20
0
0
TEXT
8
LABEL_INFO
10
0
20
0
40
0.49
1
0 0 1 1 0 1
72
1
73
1
11
0
21
0
41
0.75
7
W0$07
0
TEXT
8
LABEL_ATTRIBUTE
10
0
20
0
40
0.49
1
Ref.Des.
72
1
73
1
11
0
21
0
41
0.75
7
W0$07
0
TEXT
8
PART_NAME_126
10
0
20
0
40
0.49
1
C66
72
1
73
2
11
0
21
0
41
0.75
7
W0$07
0
TEXT
8
PART_TYPE_TOP
10
0
20
-0.7
40
0.49
1
C0402
72
1
73
2
11
0
21
-0.7
41
0.75
7
W0$07
0
TEXT
8
PART_INFO
10
0
20
-1.4
40
0.49
1
000000
72
1
73
2
11
0
21
-1.4
41
0.75
7
W0$07
0
TEXT
8
PART_PTS
10
0
20
-2.1
40
0.49
1
1 2 
72
1
73
2
11
0
21
-2.1
41
0.75
7
W0$07
0
ENDBLK
0
BLOCK
2
SYM_TOP_46
8
0
10
0
20
0
3
SYM_TOP_46
70
64
0
TEXT
8
SYM_NAME
10
0
20
0
40
1.778
1
CRY-D3225
41
0.75
0
TEXT
8
SYM_PART_NAME_01
10
-2.1999993333
20
2.8482006667
40
0.889
1
 
41
0.75
7
W0$127R0
0
TEXT
8
SYM_ATTRIBUTE_01
10
-2.1999993333
20
1.5782006667
40
0.889
1
Comment
41
0.75
7
W0$127R0
0
INSERT
2
PART_BODY_TOP_85
8
0
10
0
20
0
0
INSERT
2
STK_TOP_78
8
0
10
-1.3
20
-0.8
0
TEXT
8
SYM_TERMINAL
10
0
20
-3.048
40
1.778
1
1
0
INSERT
2
STK_TOP_78
8
0
10
1.3
20
-0.8
0
TEXT
8
SYM_TERMINAL
10
0
20
-6.096
40
1.778
1
2
0
INSERT
2
STK_TOP_78
8
0
10
1.3
20
0.8
0
TEXT
8
SYM_TERMINAL
10
0
20
-9.144
40
1.778
1
3
0
INSERT
2
STK_TOP_78
8
0
10
-1.3
20
0.8
0
TEXT
8
SYM_TERMINAL
10
0
20
-12.192
40
1.778
1
4
0
ENDBLK
0
BLOCK
2
PKG_41
8
0
10
0
20
0
3
PKG_41
70
64
0
TEXT
8
PKG_INFO
10
0
20
0
40
1.778
1
*SYM:= 46
0
TEXT
8
PKG_INFO
10
0
20
-3.048
40
1.778
1
*PKG:= 0 CRY-D3225 UND
0
TEXT
8
PKG_INFO
10
0
20
-6.096
40
1.778
1
*GATE:=0
0
TEXT
8
PKG_INFO
10
0
20
-9.144
40
1.778
1
*GATEPIN:= 0 9 1 <>
0
TEXT
8
PKG_INFO
10
0
20
-12.192
40
1.778
1
*GATEPIN:= 0 9 2 <>
0
TEXT
8
PKG_INFO
10
0
20
-15.24
40
1.778
1
*GATEPIN:= 0 9 3 <>
0
TEXT
8
PKG_INFO
10
0
20
-18.288
40
1.778
1
*GATEPIN:= 0 9 4 <>
0
ENDBLK
0
BLOCK
2
SYM_TOP_7
8
0
10
0
20
0
3
SYM_TOP_7
70
64
0
TEXT
8
SYM_NAME
10
0
20
0
40
1.778
1
C0805
41
0.75
0
INSERT
2
PART_BODY_TOP_46
8
0
10
0
20
0
0
INSERT
2
STK_TOP_9
8
0
10
-0.85
20
0
0
TEXT
8
SYM_TERMINAL
10
0
20
-3.048
40
1.778
1
1
0
INSERT
2
STK_TOP_9
8
0
10
0.85
20
0
0
TEXT
8
SYM_TERMINAL
10
0
20
-6.096
40
1.778
1
2
0
ENDBLK
0
BLOCK
2
PKG_3
8
0
10
0
20
0
3
PKG_3
70
64
0
TEXT
8
PKG_INFO
10
0
20
0
40
1.778
1
*SYM:= 7
0
TEXT
8
PKG_INFO
10
0
20
-3.048
40
1.778
1
*PKG:= 0 C0805 UND
0
TEXT
8
PKG_INFO
10
0
20
-6.096
40
1.778
1
*GATE:=0
0
TEXT
8
PKG_INFO
10
0
20
-9.144
40
1.778
1
*GATEPIN:= 0 9 1 <>
0
TEXT
8
PKG_INFO
10
0
20
-12.192
40
1.778
1
*GATEPIN:= 0 9 2 <>
0
ENDBLK
0
BLOCK
2
SYM_TOP_4
8
0
10
0
20
0
3
SYM_TOP_4
70
64
0
TEXT
8
SYM_NAME
10
0
20
0
40
1.778
1
ANT_JACK
41
0.75
0
TEXT
8
SYM_ATTRIBUTE_126
10
-0.5126226667
20
1.9559753333
40
0.889
1
Comment
41
0.75
7
W0$127R0
0
TEXT
8
SYM_PART_NAME_126
10
-0.5126226667
20
3.2259753333
40
0.889
1
 
41
0.75
7
W0$127R0
0
INSERT
2
PART_BODY_TOP_43
8
0
10
0
20
0
0
INSERT
2
STK_TOP_6
8
0
10
0
20
0
0
TEXT
8
SYM_TERMINAL
10
0
20
-3.048
40
1.778
1
1
0
INSERT
2
STK_TOP_5
8
0
10
1.5300953333
20
1.2400026667
0
TEXT
8
SYM_TERMINAL
10
0
20
-6.096
40
1.778
1
2
0
INSERT
2
STK_TOP_5
8
0
10
1.5300953333
20
-1.2799053333
0
TEXT
8
SYM_TERMINAL
10
0
20
-9.144
40
1.778
1
3
0
ENDBLK
0
BLOCK
2
PKG_0
8
0
10
0
20
0
3
PKG_0
70
64
0
TEXT
8
PKG_INFO
10
0
20
0
40
1.778
1
*SYM:= 4
0
TEXT
8
PKG_INFO
10
0
20
-3.048
40
1.778
1
*PKG:= 0 ANT_JACK UND
0
TEXT
8
PKG_INFO
10
0
20
-6.096
40
1.778
1
*GATE:=0
0
TEXT
8
PKG_INFO
10
0
20
-9.144
40
1.778
1
*GATEPIN:= 0 9 1 <>
0
TEXT
8
PKG_INFO
10
0
20
-12.192
40
1.778
1
*GATEPIN:= 0 9 2 <>
0
TEXT
8
PKG_INFO
10
0
20
-15.24
40
1.778
1
*GATEPIN:= 0 9 3 <>
0
ENDBLK
0
BLOCK
2
SYM_TOP_5
8
0
10
0
20
0
3
SYM_TOP_5
70
64
0
TEXT
8
SYM_NAME
10
0
20
0
40
1.778
1
C0402
41
0.75
0
TEXT
8
SYM_PART_NAME_126
10
1.016
20
0.762
40
1.0668
1
 
41
0.75
7
W0$254R0
0
TEXT
8
SYM_PART_TYPE_126
10
1.016
20
0.508
40
1.0668
1
 
73
2
11
1.016
21
0.508
41
0.75
7
W0$254R0
0
INSERT
2
PART_BODY_TOP_44
8
0
10
0
20
0
0
INSERT
2
STK_TOP_7
8
0
10
-0.4
20
0
0
TEXT
8
SYM_TERMINAL
10
0
20
-3.048
40
1.778
1
1
0
INSERT
2
STK_TOP_7
8
0
10
0.4
20
0
0
TEXT
8
SYM_TERMINAL
10
0
20
-6.096
40
1.778
1
2
0
ENDBLK
0
BLOCK
2
PKG_1
8
0
10
0
20
0
3
PKG_1
70
64
0
TEXT
8
PKG_INFO
10
0
20
0
40
1.778
1
*SYM:= 5
0
TEXT
8
PKG_INFO
10
0
20
-3.048
40
1.778
1
*PKG:= 0 C0402 UND
0
ENDBLK
0
BLOCK
2
SYM_TOP_6
8
0
10
0
20
0
3
SYM_TOP_6
70
64
0
TEXT
8
SYM_NAME
10
0
20
0
40
1.778
1
C0603
41
0.75
0
TEXT
8
SYM_PART_TYPE_01
10
2.2590093333
20
0.126492
40
0.889
1
 
73
2
11
2.2590093333
21
0.126492
41
0.75
7
W0$127R0
0
TEXT
8
SYM_PART_NAME_01
10
2.2590093333
20
0.126492
40
0.889
1
 
41
0.75
7
W0$127R0
0
INSERT
2
PART_BODY_TOP_45
8
0
10
0
20
0
0
INSERT
2
STK_TOP_8
8
0
10
-0.7
20
0
0
TEXT
8
SYM_TERMINAL
10
0
20
-3.048
40
1.778
1
1
0
INSERT
2
STK_TOP_8
8
0
10
0.7
20
0
0
TEXT
8
SYM_TERMINAL
10
0
20
-6.096
40
1.778
1
2
0
ENDBLK
0
BLOCK
2
PKG_2
8
0
10
0
20
0
3
PKG_2
70
64
0
TEXT
8
PKG_INFO
10
0
20
0
40
1.778
1
*SYM:= 6
0
TEXT
8
PKG_INFO
10
0
20
-3.048
40
1.778
1
*PKG:= 0 C0603 UND
0
ENDBLK
0
BLOCK
2
SYM_TOP_9
8
0
10
0
20
0
3
SYM_TOP_9
70
64
0
TEXT
8
SYM_NAME
10
0
20
0
40
1.778
1
DIP40_2X20
41
0.75
0
TEXT
8
SYM_PART_NAME_126
10
-10.32269
20
4.9598906667
40
0.889
1
 
41
0.75
7
W0$127R0
0
TEXT
8
SYM_ATTRIBUTE_126
10
-10.32269
20
3.6898906667
40
0.889
1
Comment
41
0.75
7
W0$127R0
0
INSERT
2
PART_BODY_TOP_48
8
0
10
0
20
0
0
INSERT
2
STK_TOP_12
8
0
10
-8.9999793333
20
-1
0
TEXT
8
SYM_TERMINAL
10
0
20
-3.048
40
1.778
1
1
0
INSERT
2
STK_TOP_11
8
0
10
-8.9999793333
20
1
0
TEXT
8
SYM_TERMINAL
10
0
20
-6.096
40
1.778
1
2
0
INSERT
2
STK_TOP_11
8
0
10
-6.9999906667
20
-1
0
TEXT
8
SYM_TERMINAL
10
0
20
-9.144
40
1.778
1
3
0
INSERT
2
STK_TOP_11
8
0
10
-6.9999906667
20
1
0
TEXT
8
SYM_TERMINAL
10
0
20
-12.192
40
1.778
1
4
0
INSERT
2
STK_TOP_11
8
0
10
-4.9999893333
20
-1
0
TEXT
8
SYM_TERMINAL
10
0
20
-15.24
40
1.778
1
5
0
INSERT
2
STK_TOP_11
8
0
10
-4.9999893333
20
1
0
TEXT
8
SYM_TERMINAL
10
0
20
-18.288
40
1.778
1
6
0
INSERT
2
STK_TOP_11
8
0
10
-2.9999886667
20
-1
0
TEXT
8
SYM_TERMINAL
10
0
20
-21.336
40
1.778
1
7
0
INSERT
2
STK_TOP_11
8
0
10
-2.9999886667
20
1
0
TEXT
8
SYM_TERMINAL
10
0
20
-24.384
40
1.778
1
8
0
INSERT
2
STK_TOP_11
8
0
10
-1
20
-1
0
TEXT
8
SYM_TERMINAL
10
0
20
-27.432
40
1.778
1
9
0
INSERT
2
STK_TOP_11
8
0
10
-1
20
1
0
TEXT
8
SYM_TERMINAL
10
0
20
-30.48
40
1.778
1
10
0
INSERT
2
STK_TOP_11
8
0
10
1
20
-1
0
TEXT
8
SYM_TERMINAL
10
0
20
-33.528
40
1.778
1
11
0
INSERT
2
STK_TOP_11
8
0
10
1
20
1
0
TEXT
8
SYM_TERMINAL
10
0
20
-36.576
40
1.778
1
12
0
INSERT
2
STK_TOP_11
8
0
10
2.9999886667
20
-1
0
TEXT
8
SYM_TERMINAL
10
0
20
-39.624
40
1.778
1
13
0
INSERT
2
STK_TOP_11
8
0
10
2.9999886667
20
1
0
TEXT
8
SYM_TERMINAL
10
0
20
-42.672
40
1.778
1
14
0
INSERT
2
STK_TOP_11
8
0
10
4.9999893333
20
-1
0
TEXT
8
SYM_TERMINAL
10
0
20
-45.72
40
1.778
1
15
0
INSERT
2
STK_TOP_11
8
0
10
4.9999893333
20
1
0
TEXT
8
SYM_TERMINAL
10
0
20
-48.768
40
1.778
1
16
0
INSERT
2
STK_TOP_11
8
0
10
6.9999806667
20
-1
0
TEXT
8
SYM_TERMINAL
10
0
20
-51.816
40
1.778
1
17
0
INSERT
2
STK_TOP_11
8
0
10
6.9999806667
20
1
0
TEXT
8
SYM_TERMINAL
10
0
20
-54.864
40
1.778
1
18
0
INSERT
2
STK_TOP_11
8
0
10
8.9999793333
20
-1
0
TEXT
8
SYM_TERMINAL
10
0
20
-57.912
40
1.778
1
19
0
INSERT
2
STK_TOP_11
8
0
10
8.9999793333
20
1
0
TEXT
8
SYM_TERMINAL
10
0
20
-60.96
40
1.778
1
20
0
INSERT
2
STK_TOP_11
8
0
10
10.99998
20
-1
0
TEXT
8
SYM_TERMINAL
10
0
20
-64.008
40
1.778
1
21
0
INSERT
2
STK_TOP_11
8
0
10
10.99998
20
1
0
TEXT
8
SYM_TERMINAL
10
0
20
-67.056
40
1.778
1
22
0
INSERT
2
STK_TOP_11
8
0
10
12.9999786667
20
-1
0
TEXT
8
SYM_TERMINAL
10
0
20
-70.104
40
1.778
1
23
0
INSERT
2
STK_TOP_11
8
0
10
12.9999786667
20
1
0
TEXT
8
SYM_TERMINAL
10
0
20
-73.152
40
1.778
1
24
0
INSERT
2
STK_TOP_11
8
0
10
14.99998
20
-1
0
TEXT
8
SYM_TERMINAL
10
0
20
-76.2
40
1.778
1
25
0
INSERT
2
STK_TOP_11
8
0
10
14.99998
20
1
0
TEXT
8
SYM_TERMINAL
10
0
20
-79.248
40
1.778
1
26
0
INSERT
2
STK_TOP_11
8
0
10
16.9999806667
20
-1
0
TEXT
8
SYM_TERMINAL
10
0
20
-82.296
40
1.778
1
27
0
INSERT
2
STK_TOP_11
8
0
10
16.9999806667
20
1
0
TEXT
8
SYM_TERMINAL
10
0
20
-85.344
40
1.778
1
28
0
INSERT
2
STK_TOP_11
8
0
10
18.9999793333
20
-1
0
TEXT
8
SYM_TERMINAL
10
0
20
-88.392
40
1.778
1
29
0
INSERT
2
STK_TOP_11
8
0
10
18.9999793333
20
1
0
TEXT
8
SYM_TERMINAL
10
0
20
-91.44
40
1.778
1
30
0
INSERT
2
STK_TOP_11
8
0
10
20.9999793333
20
-1
0
TEXT
8
SYM_TERMINAL
10
0
20
-94.488
40
1.778
1
31
0
INSERT
2
STK_TOP_11
8
0
10
20.9999793333
20
1
0
TEXT
8
SYM_TERMINAL
10
0
20
-97.536
40
1.778
1
32
0
INSERT
2
STK_TOP_11
8
0
10
22.9999793333
20
-1
0
TEXT
8
SYM_TERMINAL
10
0
20
-100.584
40
1.778
1
33
0
INSERT
2
STK_TOP_11
8
0
10
22.9999793333
20
1
0
TEXT
8
SYM_TERMINAL
10
0
20
-103.632
40
1.778
1
34
0
INSERT
2
STK_TOP_11
8
0
10
24.9999793333
20
-1
0
TEXT
8
SYM_TERMINAL
10
0
20
-106.68
40
1.778
1
35
0
INSERT
2
STK_TOP_11
8
0
10
24.9999793333
20
1
0
TEXT
8
SYM_TERMINAL
10
0
20
-109.728
40
1.778
1
36
0
INSERT
2
STK_TOP_11
8
0
10
26.9999793333
20
-1
0
TEXT
8
SYM_TERMINAL
10
0
20
-112.776
40
1.778
1
37
0
INSERT
2
STK_TOP_11
8
0
10
26.9999793333
20
1
0
TEXT
8
SYM_TERMINAL
10
0
20
-115.824
40
1.778
1
38
0
INSERT
2
STK_TOP_11
8
0
10
28.9999793333
20
-1
0
TEXT
8
SYM_TERMINAL
10
0
20
-118.872
40
1.778
1
39
0
INSERT
2
STK_TOP_11
8
0
10
28.9999793333
20
1
0
TEXT
8
SYM_TERMINAL
10
0
20
-121.92
40
1.778
1
40
0
ENDBLK
0
BLOCK
2
PKG_5
8
0
10
0
20
0
3
PKG_5
70
64
0
TEXT
8
PKG_INFO
10
0
20
0
40
1.778
1
*SYM:= 9
0
TEXT
8
PKG_INFO
10
0
20
-3.048
40
1.778
1
*PKG:= 0 DIP40_2X20 UND
0
ENDBLK
0
BLOCK
2
SYM_TOP_10
8
0
10
0
20
0
3
SYM_TOP_10
70
64
0
TEXT
8
SYM_NAME
10
0
20
0
40
1.778
1
SOD123
41
0.75
0
TEXT
8
SYM_ATTRIBUTE_126
10
-2.3495
20
1.0795
40
0.889
1
Comment
41
0.75
7
W0$127R0
0
TEXT
8
SYM_PART_NAME_126
10
-2.3495
20
2.3495
40
0.889
1
 
41
0.75
7
W0$127R0
0
INSERT
2
PART_BODY_TOP_49
8
0
10
0
20
0
0
INSERT
2
STK_TOP_13
8
0
10
1.635
20
0
0
TEXT
8
SYM_TERMINAL
10
0
20
-3.048
40
1.778
1
1
0
INSERT
2
STK_TOP_13
8
0
10
-1.635
20
0
0
TEXT
8
SYM_TERMINAL
10
0
20
-6.096
40
1.778
1
2
0
ENDBLK
0
BLOCK
2
PKG_6
8
0
10
0
20
0
3
PKG_6
70
64
0
TEXT
8
PKG_INFO
10
0
20
0
40
1.778
1
*SYM:= 10
0
TEXT
8
PKG_INFO
10
0
20
-3.048
40
1.778
1
*PKG:= 0 SOD123 UND
0
TEXT
8
PKG_INFO
10
0
20
-6.096
40
1.778
1
*GATE:=0
0
TEXT
8
PKG_INFO
10
0
20
-9.144
40
1.778
1
*GATEPIN:= 0 5 1 <>
0
TEXT
8
PKG_INFO
10
0
20
-12.192
40
1.778
1
*GATEPIN:= 0 5 2 <>
0
ENDBLK
0
BLOCK
2
SYM_TOP_11
8
0
10
0
20
0
3
SYM_TOP_11
70
64
0
TEXT
8
SYM_NAME
10
0
20
0
40
1.778
1
ESD0402
41
0.75
0
TEXT
8
SYM_PART_NAME_109
10
-1.08585
20
1.9773893333
40
0.889
1
 
41
0.75
7
W0$127R0
0
TEXT
8
SYM_ATTRIBUTE_109
10
-1.08585
20
0.7073893333
40
0.889
1
Comment
41
0.75
7
W0$127R0
0
INSERT
2
PART_BODY_TOP_50
8
0
10
0
20
0
0
INSERT
2
STK_TOP_14
8
0
10
-0.4988
20
0
0
TEXT
8
SYM_TERMINAL
10
0
20
-3.048
40
1.778
1
1
0
INSERT
2
STK_TOP_14
8
0
10
0.4788
20
0
0
TEXT
8
SYM_TERMINAL
10
0
20
-6.096
40
1.778
1
2
0
ENDBLK
0
BLOCK
2
PKG_7
8
0
10
0
20
0
3
PKG_7
70
64
0
TEXT
8
PKG_INFO
10
0
20
0
40
1.778
1
*SYM:= 11
0
TEXT
8
PKG_INFO
10
0
20
-3.048
40
1.778
1
*PKG:= 0 ESD0402 UND
0
ENDBLK
0
BLOCK
2
SYM_TOP_12
8
0
10
0
20
0
3
SYM_TOP_12
70
64
0
TEXT
8
SYM_NAME
10
0
20
0
40
1.778
1
E0402N
41
0.75
0
TEXT
8
SYM_ATTRIBUTE_01
10
-1.699372
20
1.065566
40
0.889
1
Comment
41
0.75
7
W0$127R0
0
TEXT
8
SYM_PART_NAME_01
10
-1.699372
20
2.335566
40
0.889
1
 
41
0.75
7
W0$127R0
0
INSERT
2
PART_BODY_TOP_51
8
0
10
0
20
0
0
INSERT
2
STK_TOP_15
8
0
10
-0.635
20
0
0
TEXT
8
SYM_TERMINAL
10
0
20
-3.048
40
1.778
1
1
0
INSERT
2
STK_TOP_15
8
0
10
0.635
20
0
0
TEXT
8
SYM_TERMINAL
10
0
20
-6.096
40
1.778
1
2
0
ENDBLK
0
BLOCK
2
PKG_8
8
0
10
0
20
0
3
PKG_8
70
64
0
TEXT
8
PKG_INFO
10
0
20
0
40
1.778
1
*SYM:= 12
0
TEXT
8
PKG_INFO
10
0
20
-3.048
40
1.778
1
*PKG:= 0 E0402N UND
0
TEXT
8
PKG_INFO
10
0
20
-6.096
40
1.778
1
*GATE:=0
0
TEXT
8
PKG_INFO
10
0
20
-9.144
40
1.778
1
*GATEPIN:= 0 9 1 <>
0
TEXT
8
PKG_INFO
10
0
20
-12.192
40
1.778
1
*GATEPIN:= 0 9 2 <>
0
ENDBLK
0
BLOCK
2
SYM_TOP_13
8
0
10
0
20
0
3
SYM_TOP_13
70
64
0
TEXT
8
SYM_NAME
10
0
20
0
40
1.778
1
FPC6-0.5MM-2660H
41
0.75
0
TEXT
8
SYM_PART_TYPE_01
10
-1.35
20
-7.3
40
1.778
1
 
73
2
11
-1.35
21
-7.3
41
0.75
7
W0$254R0
0
TEXT
8
SYM_PART_NAME_01
10
-1.45
20
-7
40
1.778
1
 
41
0.75
7
W0$254R0
0
INSERT
2
PART_BODY_TOP_52
8
0
10
0
20
0
0
INSERT
2
STK_TOP_16
8
0
10
-1.25
20
0
0
TEXT
8
SYM_TERMINAL
10
0
20
-3.048
40
1.778
1
1
0
INSERT
2
STK_TOP_16
8
0
10
-0.75
20
0
0
TEXT
8
SYM_TERMINAL
10
0
20
-6.096
40
1.778
1
2
0
INSERT
2
STK_TOP_16
8
0
10
-0.25
20
0
0
TEXT
8
SYM_TERMINAL
10
0
20
-9.144
40
1.778
1
3
0
INSERT
2
STK_TOP_16
8
0
10
0.25
20
0
0
TEXT
8
SYM_TERMINAL
10
0
20
-12.192
40
1.778
1
4
0
INSERT
2
STK_TOP_16
8
0
10
0.75
20
0
0
TEXT
8
SYM_TERMINAL
10
0
20
-15.24
40
1.778
1
5
0
INSERT
2
STK_TOP_16
8
0
10
1.25
20
0
0
TEXT
8
SYM_TERMINAL
10
0
20
-18.288
40
1.778
1
6
0
INSERT
2
STK_TOP_17
8
0
10
3.8
20
-3.5
0
TEXT
8
SYM_TERMINAL
10
0
20
-21.336
40
1.778
1
7
0
INSERT
2
STK_TOP_17
8
0
10
-3.8
20
-3.5
0
TEXT
8
SYM_TERMINAL
10
0
20
-24.384
40
1.778
1
8
0
ENDBLK
0
BLOCK
2
PKG_9
8
0
10
0
20
0
3
PKG_9
70
64
0
TEXT
8
PKG_INFO
10
0
20
0
40
1.778
1
*SYM:= 13
0
TEXT
8
PKG_INFO
10
0
20
-3.048
40
1.778
1
*PKG:= 0 FPC6-0.5MM-2660H UND
0
ENDBLK
0
BLOCK
2
SYM_TOP_14
8
0
10
0
20
0
3
SYM_TOP_14
70
64
0
TEXT
8
SYM_NAME
10
0
20
0
40
1.778
1
TYPEC-16PIN-SMD1
41
0.75
0
TEXT
8
SYM_PART_NAME_01
10
-8.64
20
0
40
0.889
1
 
41
0.75
7
W0$127R0
0
TEXT
8
SYM_PART_TYPE_01
10
-8.64
20
0
40
0.889
1
 
73
2
11
-8.64
21
0
41
0.75
7
W0$127R0
0
INSERT
2
PART_BODY_TOP_53
8
0
10
0
20
0
0
INSERT
2
STK_TOP_19
8
0
10
-8.64
20
0
0
TEXT
8
SYM_TERMINAL
10
0
20
-3.048
40
1.778
1
1
0
INSERT
2
STK_TOP_19
8
0
10
0
20
0
0
TEXT
8
SYM_TERMINAL
10
0
20
-6.096
40
1.778
1
2
0
INSERT
2
STK_TOP_20
8
0
10
-8.64
20
4.15
0
TEXT
8
SYM_TERMINAL
10
0
20
-9.144
40
1.778
1
3
0
INSERT
2
STK_TOP_20
8
0
10
0
20
4.15
0
TEXT
8
SYM_TERMINAL
10
0
20
-12.192
40
1.778
1
4
0
INSERT
2
STK_TOP_21
8
0
10
-7.195
20
3.2
0
TEXT
8
SYM_TERMINAL
10
0
20
-15.24
40
1.778
1
5
0
INSERT
2
STK_TOP_21
8
0
10
-1.445
20
3.2
0
TEXT
8
SYM_TERMINAL
10
0
20
-18.288
40
1.778
1
6
0
INSERT
2
STK_TOP_18
8
0
10
-7.52
20
4.75
0
TEXT
8
SYM_TERMINAL
10
0
20
-21.336
40
1.778
1
7
0
INSERT
2
STK_TOP_18
8
0
10
-7.52
20
4.75
0
TEXT
8
SYM_TERMINAL
10
0
20
-24.384
40
1.778
1
8
0
INSERT
2
STK_TOP_18
8
0
10
-6.72
20
4.75
0
TEXT
8
SYM_TERMINAL
10
0
20
-27.432
40
1.778
1
9
0
INSERT
2
STK_TOP_18
8
0
10
-6.72
20
4.75
0
TEXT
8
SYM_TERMINAL
10
0
20
-30.48
40
1.778
1
10
0
INSERT
2
STK_TOP_18
8
0
10
-1.12
20
4.75
0
TEXT
8
SYM_TERMINAL
10
0
20
-33.528
40
1.778
1
11
0
INSERT
2
STK_TOP_18
8
0
10
-1.12
20
4.75
0
TEXT
8
SYM_TERMINAL
10
0
20
-36.576
40
1.778
1
12
0
INSERT
2
STK_TOP_18
8
0
10
-1.92
20
4.75
0
TEXT
8
SYM_TERMINAL
10
0
20
-39.624
40
1.778
1
13
0
INSERT
2
STK_TOP_18
8
0
10
-1.92
20
4.75
0
TEXT
8
SYM_TERMINAL
10
0
20
-42.672
40
1.778
1
14
0
INSERT
2
STK_TOP_22
8
0
10
-4.57
20
4.75
0
TEXT
8
SYM_TERMINAL
10
0
20
-45.72
40
1.778
1
15
0
INSERT
2
STK_TOP_22
8
0
10
-5.07
20
4.75
0
TEXT
8
SYM_TERMINAL
10
0
20
-48.768
40
1.778
1
16
0
INSERT
2
STK_TOP_22
8
0
10
-5.57
20
4.75
0
TEXT
8
SYM_TERMINAL
10
0
20
-51.816
40
1.778
1
17
0
INSERT
2
STK_TOP_22
8
0
10
-6.07
20
4.75
0
TEXT
8
SYM_TERMINAL
10
0
20
-54.864
40
1.778
1
18
0
INSERT
2
STK_TOP_22
8
0
10
-4.07
20
4.75
0
TEXT
8
SYM_TERMINAL
10
0
20
-57.912
40
1.778
1
19
0
INSERT
2
STK_TOP_22
8
0
10
-3.57
20
4.75
0
TEXT
8
SYM_TERMINAL
10
0
20
-60.96
40
1.778
1
20
0
INSERT
2
STK_TOP_22
8
0
10
-3.07
20
4.75
0
TEXT
8
SYM_TERMINAL
10
0
20
-64.008
40
1.778
1
21
0
INSERT
2
STK_TOP_22
8
0
10
-2.57
20
4.75
0
TEXT
8
SYM_TERMINAL
10
0
20
-67.056
40
1.778
1
22
0
ENDBLK
0
BLOCK
2
PKG_10
8
0
10
0
20
0
3
PKG_10
70
64
0
TEXT
8
PKG_INFO
10
0
20
0
40
1.778
1
*SYM:= 14
0
TEXT
8
PKG_INFO
10
0
20
-3.048
40
1.778
1
*PKG:= 0 TYPEC-16PIN-SMD1 UND
0
TEXT
8
PKG_INFO
10
0
20
-6.096
40
1.778
1
*PINNM:=E1 E2 E3 E4 6 7 A1 B12 A4 B9 B1 A12 B4 A9 A6 B7 A5 A8 A7 B6 B8 B5
0
ENDBLK
0
BLOCK
2
SYM_TOP_15
8
0
10
0
20
0
3
SYM_TOP_15
70
64
0
TEXT
8
SYM_NAME
10
0
20
0
40
1.778
1
FPC30R_0R50_DOWN
41
0.75
0
TEXT
8
SYM_PART_NAME_01
10
-6.176
20
-2.602
40
0.889
1
 
41
0.75
7
W0$127R0
0
TEXT
8
SYM_PART_TYPE_01
10
-6.146
20
-2.722
40
0.889
1
 
73
2
11
-6.146
21
-2.722
41
0.75
7
W0$127R0
0
INSERT
2
PART_BODY_TOP_54
8
0
10
0
20
0
0
INSERT
2
STK_TOP_23
8
0
10
-14.5
20
0
0
TEXT
8
SYM_TERMINAL
10
0
20
-3.048
40
1.778
1
1
0
INSERT
2
STK_TOP_23
8
0
10
-14
20
0
0
TEXT
8
SYM_TERMINAL
10
0
20
-6.096
40
1.778
1
2
0
INSERT
2
STK_TOP_23
8
0
10
-13.5
20
0
0
TEXT
8
SYM_TERMINAL
10
0
20
-9.144
40
1.778
1
3
0
INSERT
2
STK_TOP_23
8
0
10
-13
20
0
0
TEXT
8
SYM_TERMINAL
10
0
20
-12.192
40
1.778
1
4
0
INSERT
2
STK_TOP_23
8
0
10
-12.5
20
0
0
TEXT
8
SYM_TERMINAL
10
0
20
-15.24
40
1.778
1
5
0
INSERT
2
STK_TOP_23
8
0
10
-12
20
0
0
TEXT
8
SYM_TERMINAL
10
0
20
-18.288
40
1.778
1
6
0
INSERT
2
STK_TOP_23
8
0
10
-11.5
20
0
0
TEXT
8
SYM_TERMINAL
10
0
20
-21.336
40
1.778
1
7
0
INSERT
2
STK_TOP_23
8
0
10
-11
20
0
0
TEXT
8
SYM_TERMINAL
10
0
20
-24.384
40
1.778
1
8
0
INSERT
2
STK_TOP_23
8
0
10
-10.5
20
0
0
TEXT
8
SYM_TERMINAL
10
0
20
-27.432
40
1.778
1
9
0
INSERT
2
STK_TOP_23
8
0
10
-10
20
0
0
TEXT
8
SYM_TERMINAL
10
0
20
-30.48
40
1.778
1
10
0
INSERT
2
STK_TOP_23
8
0
10
-9.5
20
0
0
TEXT
8
SYM_TERMINAL
10
0
20
-33.528
40
1.778
1
11
0
INSERT
2
STK_TOP_23
8
0
10
-9
20
0
0
TEXT
8
SYM_TERMINAL
10
0
20
-36.576
40
1.778
1
12
0
INSERT
2
STK_TOP_23
8
0
10
-8.5
20
0
0
TEXT
8
SYM_TERMINAL
10
0
20
-39.624
40
1.778
1
13
0
INSERT
2
STK_TOP_23
8
0
10
-8
20
0
0
TEXT
8
SYM_TERMINAL
10
0
20
-42.672
40
1.778
1
14
0
INSERT
2
STK_TOP_23
8
0
10
-7.5
20
0
0
TEXT
8
SYM_TERMINAL
10
0
20
-45.72
40
1.778
1
15
0
INSERT
2
STK_TOP_23
8
0
10
-7
20
0
0
TEXT
8
SYM_TERMINAL
10
0
20
-48.768
40
1.778
1
16
0
INSERT
2
STK_TOP_23
8
0
10
-6.5
20
0
0
TEXT
8
SYM_TERMINAL
10
0
20
-51.816
40
1.778
1
17
0
INSERT
2
STK_TOP_23
8
0
10
-6
20
0
0
TEXT
8
SYM_TERMINAL
10
0
20
-54.864
40
1.778
1
18
0
INSERT
2
STK_TOP_23
8
0
10
-5.5
20
0
0
TEXT
8
SYM_TERMINAL
10
0
20
-57.912
40
1.778
1
19
0
INSERT
2
STK_TOP_23
8
0
10
-5
20
0
0
TEXT
8
SYM_TERMINAL
10
0
20
-60.96
40
1.778
1
20
0
INSERT
2
STK_TOP_23
8
0
10
-4.5
20
0
0
TEXT
8
SYM_TERMINAL
10
0
20
-64.008
40
1.778
1
21
0
INSERT
2
STK_TOP_23
8
0
10
-4
20
0
0
TEXT
8
SYM_TERMINAL
10
0
20
-67.056
40
1.778
1
22
0
INSERT
2
STK_TOP_23
8
0
10
-3.5
20
0
0
TEXT
8
SYM_TERMINAL
10
0
20
-70.104
40
1.778
1
23
0
INSERT
2
STK_TOP_23
8
0
10
-3
20
0
0
TEXT
8
SYM_TERMINAL
10
0
20
-73.152
40
1.778
1
24
0
INSERT
2
STK_TOP_23
8
0
10
-2.5
20
0
0
TEXT
8
SYM_TERMINAL
10
0
20
-76.2
40
1.778
1
25
0
INSERT
2
STK_TOP_23
8
0
10
-2
20
0
0
TEXT
8
SYM_TERMINAL
10
0
20
-79.248
40
1.778
1
26
0
INSERT
2
STK_TOP_23
8
0
10
-1.5
20
0
0
TEXT
8
SYM_TERMINAL
10
0
20
-82.296
40
1.778
1
27
0
INSERT
2
STK_TOP_23
8
0
10
-1
20
0
0
TEXT
8
SYM_TERMINAL
10
0
20
-85.344
40
1.778
1
28
0
INSERT
2
STK_TOP_23
8
0
10
-0.5
20
0
0
TEXT
8
SYM_TERMINAL
10
0
20
-88.392
40
1.778
1
29
0
INSERT
2
STK_TOP_23
8
0
10
0
20
0
0
TEXT
8
SYM_TERMINAL
10
0
20
-91.44
40
1.778
1
30
0
INSERT
2
STK_TOP_24
8
0
10
1.7
20
-2.775
0
TEXT
8
SYM_TERMINAL
10
0
20
-94.488
40
1.778
1
31
0
INSERT
2
STK_TOP_24
8
0
10
-16.2
20
-2.775
0
TEXT
8
SYM_TERMINAL
10
0
20
-97.536
40
1.778
1
32
0
ENDBLK
0
BLOCK
2
PKG_11
8
0
10
0
20
0
3
PKG_11
70
64
0
TEXT
8
PKG_INFO
10
0
20
0
40
1.778
1
*SYM:= 15
0
TEXT
8
PKG_INFO
10
0
20
-3.048
40
1.778
1
*PKG:= 0 FPC30R_0R50_DOWN UND
0
TEXT
8
PKG_INFO
10
0
20
-6.096
40
1.778
1
*GATE:=0
0
TEXT
8
PKG_INFO
10
0
20
-9.144
40
1.778
1
*GATEPIN:= 0 9 1 <>
0
TEXT
8
PKG_INFO
10
0
20
-12.192
40
1.778
1
*GATEPIN:= 0 9 2 <>
0
TEXT
8
PKG_INFO
10
0
20
-15.24
40
1.778
1
*GATEPIN:= 0 9 3 <>
0
TEXT
8
PKG_INFO
10
0
20
-18.288
40
1.778
1
*GATEPIN:= 0 9 4 <>
0
TEXT
8
PKG_INFO
10
0
20
-21.336
40
1.778
1
*GATEPIN:= 0 9 5 <>
0
TEXT
8
PKG_INFO
10
0
20
-24.384
40
1.778
1
*GATEPIN:= 0 9 6 <>
0
TEXT
8
PKG_INFO
10
0
20
-27.432
40
1.778
1
*GATEPIN:= 0 9 7 <>
0
TEXT
8
PKG_INFO
10
0
20
-30.48
40
1.778
1
*GATEPIN:= 0 9 8 <>
0
TEXT
8
PKG_INFO
10
0
20
-33.528
40
1.778
1
*GATEPIN:= 0 9 9 <>
0
TEXT
8
PKG_INFO
10
0
20
-36.576
40
1.778
1
*GATEPIN:= 0 9 10 <>
0
TEXT
8
PKG_INFO
10
0
20
-39.624
40
1.778
1
*GATEPIN:= 0 9 11 <>
0
TEXT
8
PKG_INFO
10
0
20
-42.672
40
1.778
1
*GATEPIN:= 0 9 12 <>
0
TEXT
8
PKG_INFO
10
0
20
-45.72
40
1.778
1
*GATEPIN:= 0 9 13 <>
0
TEXT
8
PKG_INFO
10
0
20
-48.768
40
1.778
1
*GATEPIN:= 0 9 14 <>
0
TEXT
8
PKG_INFO
10
0
20
-51.816
40
1.778
1
*GATEPIN:= 0 9 15 <>
0
TEXT
8
PKG_INFO
10
0
20
-54.864
40
1.778
1
*GATEPIN:= 0 9 16 <>
0
TEXT
8
PKG_INFO
10
0
20
-57.912
40
1.778
1
*GATEPIN:= 0 9 17 <>
0
TEXT
8
PKG_INFO
10
0
20
-60.96
40
1.778
1
*GATEPIN:= 0 9 18 <>
0
TEXT
8
PKG_INFO
10
0
20
-64.008
40
1.778
1
*GATEPIN:= 0 9 19 <>
0
TEXT
8
PKG_INFO
10
0
20
-67.056
40
1.778
1
*GATEPIN:= 0 9 20 <>
0
TEXT
8
PKG_INFO
10
0
20
-70.104
40
1.778
1
*GATEPIN:= 0 9 21 <>
0
TEXT
8
PKG_INFO
10
0
20
-73.152
40
1.778
1
*GATEPIN:= 0 9 22 <>
0
TEXT
8
PKG_INFO
10
0
20
-76.2
40
1.778
1
*GATEPIN:= 0 9 23 <>
0
TEXT
8
PKG_INFO
10
0
20
-79.248
40
1.778
1
*GATEPIN:= 0 9 24 <>
0
TEXT
8
PKG_INFO
10
0
20
-82.296
40
1.778
1
*GATEPIN:= 0 9 25 <>
0
TEXT
8
PKG_INFO
10
0
20
-85.344
40
1.778
1
*GATEPIN:= 0 9 26 <>
0
TEXT
8
PKG_INFO
10
0
20
-88.392
40
1.778
1
*GATEPIN:= 0 9 27 <>
0
TEXT
8
PKG_INFO
10
0
20
-91.44
40
1.778
1
*GATEPIN:= 0 9 28 <>
0
TEXT
8
PKG_INFO
10
0
20
-94.488
40
1.778
1
*GATEPIN:= 0 9 29 <>
0
TEXT
8
PKG_INFO
10
0
20
-97.536
40
1.778
1
*GATEPIN:= 0 9 30 <>
0
TEXT
8
PKG_INFO
10
0
20
-100.584
40
1.778
1
*GATEPIN:= 0 9 31 <>
0
TEXT
8
PKG_INFO
10
0
20
-103.632
40
1.778
1
*GATEPIN:= 0 9 32 <>
0
TEXT
8
PKG_INFO
10
0
20
-106.68
40
1.778
1
*GATEPIN:= 0 9 33 <>
0
TEXT
8
PKG_INFO
10
0
20
-109.728
40
1.778
1
*GATEPIN:= 0 9 34 <>
0
TEXT
8
PKG_INFO
10
0
20
-112.776
40
1.778
1
*GATEPIN:= 0 9 35 <>
0
TEXT
8
PKG_INFO
10
0
20
-115.824
40
1.778
1
*GATEPIN:= 0 9 36 <>
0
TEXT
8
PKG_INFO
10
0
20
-118.872
40
1.778
1
*GATEPIN:= 0 9 37 <>
0
TEXT
8
PKG_INFO
10
0
20
-121.92
40
1.778
1
*GATEPIN:= 0 9 38 <>
0
TEXT
8
PKG_INFO
10
0
20
-124.968
40
1.778
1
*GATEPIN:= 0 9 39 <>
0
TEXT
8
PKG_INFO
10
0
20
-128.016
40
1.778
1
*GATEPIN:= 0 9 40 <>
0
TEXT
8
PKG_INFO
10
0
20
-131.064
40
1.778
1
*GATEPIN:= 0 9 41 <>
0
TEXT
8
PKG_INFO
10
0
20
-134.112
40
1.778
1
*GATEPIN:= 0 9 42 <>
0
ENDBLK
0
BLOCK
2
SYM_TOP_16
8
0
10
0
20
0
3
SYM_TOP_16
70
64
0
TEXT
8
SYM_NAME
10
0
20
0
40
1.778
1
TF-CKT01-009D
41
0.75
0
TEXT
8
SYM_ATTRIBUTE_126
10
-11.3155986667
20
9.6031973333
40
0.889
1
Comment
41
0.75
7
W0$127R0
0
TEXT
8
SYM_PART_NAME_126
10
-11.3155986667
20
10.8731973333
40
0.889
1
 
41
0.75
7
W0$127R0
0
INSERT
2
PART_BODY_TOP_55
8
0
10
0
20
0
0
INSERT
2
STK_TOP_25
8
0
10
-10.5156
20
3.20001
0
TEXT
8
SYM_TERMINAL
10
0
20
-3.048
40
1.778
1
1
0
INSERT
2
STK_TOP_25
8
0
10
-10.5156
20
2.1000126667
0
TEXT
8
SYM_TERMINAL
10
0
20
-6.096
40
1.778
1
2
0
INSERT
2
STK_TOP_25
8
0
10
-10.5156
20
1.0000146667
0
TEXT
8
SYM_TERMINAL
10
0
20
-9.144
40
1.778
1
3
0
INSERT
2
STK_TOP_25
8
0
10
-10.5156
20
-0.1000086667
0
TEXT
8
SYM_TERMINAL
10
0
20
-12.192
40
1.778
1
4
0
INSERT
2
STK_TOP_25
8
0
10
-10.5156
20
-1.1999806667
0
TEXT
8
SYM_TERMINAL
10
0
20
-15.24
40
1.778
1
5
0
INSERT
2
STK_TOP_25
8
0
10
-10.5156
20
-2.300004
0
TEXT
8
SYM_TERMINAL
10
0
20
-18.288
40
1.778
1
6
0
INSERT
2
STK_TOP_25
8
0
10
-10.5156
20
-3.400002
0
TEXT
8
SYM_TERMINAL
10
0
20
-21.336
40
1.778
1
7
0
INSERT
2
STK_TOP_25
8
0
10
-10.5156
20
-4.5
0
TEXT
8
SYM_TERMINAL
10
0
20
-24.384
40
1.778
1
8
0
INSERT
2
STK_TOP_25
8
0
10
-10.5156
20
-5.5999973333
0
TEXT
8
SYM_TERMINAL
10
0
20
-27.432
40
1.778
1
9
0
INSERT
2
STK_TOP_26
8
0
10
-10.0156
20
-6.99999
0
TEXT
8
SYM_TERMINAL
10
0
20
-30.48
40
1.778
1
10
0
INSERT
2
STK_TOP_27
8
0
10
-0.4155953333
20
-6.7999953333
0
TEXT
8
SYM_TERMINAL
10
0
20
-33.528
40
1.778
1
11
0
INSERT
2
STK_TOP_27
8
0
10
-0.4155953333
20
8.6999986667
0
TEXT
8
SYM_TERMINAL
10
0
20
-36.576
40
1.778
1
12
0
INSERT
2
STK_TOP_26
8
0
10
-10.0156013333
20
8.6999986667
0
TEXT
8
SYM_TERMINAL
10
0
20
-39.624
40
1.778
1
13
0
INSERT
2
STK_TOP_28
8
0
10
0
20
4
0
TEXT
8
SYM_TERMINAL
10
0
20
-42.672
40
1.778
1
14
0
INSERT
2
STK_TOP_28
8
0
10
0
20
-4
0
TEXT
8
SYM_TERMINAL
10
0
20
-45.72
40
1.778
1
15
0
ENDBLK
0
BLOCK
2
PKG_12
8
0
10
0
20
0
3
PKG_12
70
64
0
TEXT
8
PKG_INFO
10
0
20
0
40
1.778
1
*SYM:= 16
0
TEXT
8
PKG_INFO
10
0
20
-3.048
40
1.778
1
*PKG:= 0 TF-CKT01-009D UND
0
ENDBLK
0
BLOCK
2
SYM_TOP_17
8
0
10
0
20
0
3
SYM_TOP_17
70
64
0
TEXT
8
SYM_NAME
10
0
20
0
40
1.778
1
DC-044A
41
0.75
0
TEXT
8
SYM_PART_TYPE_01
10
0
20
0
40
0.32004
1
 
73
2
11
0
21
0
41
0.75
7
W0$0508R0
0
TEXT
8
SYM_PART_NAME_01
10
0
20
0
40
0.32004
1
 
41
0.75
7
W0$0508R0
0
INSERT
2
PART_BODY_TOP_56
8
0
10
0
20
0
0
INSERT
2
STK_TOP_29
8
0
10
3.2
20
10.2
0
TEXT
8
SYM_TERMINAL
10
0
20
-3.048
40
1.778
1
1
0
INSERT
2
STK_TOP_29
8
0
10
-5.3
20
10.2
0
TEXT
8
SYM_TERMINAL
10
0
20
-6.096
40
1.778
1
2
0
INSERT
2
STK_TOP_29
8
0
10
0
20
10.2
0
TEXT
8
SYM_TERMINAL
10
0
20
-9.144
40
1.778
1
3
0
INSERT
2
STK_TOP_30
8
0
10
-6.2
20
3
0
TEXT
8
SYM_TERMINAL
10
0
20
-12.192
40
1.778
1
4
0
INSERT
2
STK_TOP_30
8
0
10
3.6
20
3
0
TEXT
8
SYM_TERMINAL
10
0
20
-15.24
40
1.778
1
5
0
ENDBLK
0
BLOCK
2
PKG_13
8
0
10
0
20
0
3
PKG_13
70
64
0
TEXT
8
PKG_INFO
10
0
20
0
40
1.778
1
*SYM:= 17
0
TEXT
8
PKG_INFO
10
0
20
-3.048
40
1.778
1
*PKG:= 0 DC-044A UND
0
ENDBLK
0
BLOCK
2
SYM_TOP_18
8
0
10
0
20
0
3
SYM_TOP_18
70
64
0
TEXT
8
SYM_NAME
10
0
20
0
40
1.778
1
CON3X1X1.25-HS
41
0.75
0
TEXT
8
SYM_PART_TYPE_01
10
2.775
20
-1.045
40
1.0668
1
 
50
90
41
0.75
7
W0$1524R0
0
TEXT
8
SYM_PART_NAME_01
10
3.2
20
-1.125
40
1.0668
1
 
50
90
41
0.75
7
W0$1524R0
0
INSERT
2
PART_BODY_TOP_57
8
0
10
0
20
0
0
INSERT
2
STK_TOP_31
8
0
10
0
20
-1.25
0
TEXT
8
SYM_TERMINAL
10
0
20
-3.048
40
1.778
1
1
0
INSERT
2
STK_TOP_31
8
0
10
0
20
0
0
TEXT
8
SYM_TERMINAL
10
0
20
-6.096
40
1.778
1
2
0
INSERT
2
STK_TOP_31
8
0
10
0
20
1.25
0
TEXT
8
SYM_TERMINAL
10
0
20
-9.144
40
1.778
1
3
0
INSERT
2
STK_TOP_32
8
0
10
2.9
20
-3.8
0
TEXT
8
SYM_TERMINAL
10
0
20
-12.192
40
1.778
1
4
0
INSERT
2
STK_TOP_32
8
0
10
2.9
20
3.8
0
TEXT
8
SYM_TERMINAL
10
0
20
-15.24
40
1.778
1
5
0
ENDBLK
0
BLOCK
2
PKG_14
8
0
10
0
20
0
3
PKG_14
70
64
0
TEXT
8
PKG_INFO
10
0
20
0
40
1.778
1
*SYM:= 18
0
TEXT
8
PKG_INFO
10
0
20
-3.048
40
1.778
1
*PKG:= 0 CON3X1X1.25-HS UND
0
ENDBLK
0
BLOCK
2
SYM_TOP_19
8
0
10
0
20
0
3
SYM_TOP_19
70
64
0
TEXT
8
SYM_NAME
10
0
20
0
40
1.778
1
USB-AF-DUAL
41
0.75
0
TEXT
8
SYM_PART_NAME_01
10
-8.8
20
7.6
40
0.889
1
 
41
0.75
7
W0$127R0
0
INSERT
2
PART_BODY_TOP_58
8
0
10
0
20
0
0
INSERT
2
STK_TOP_33
8
0
10
3.18
20
3.5
0
TEXT
8
SYM_TERMINAL
10
0
20
-3.048
40
1.778
1
1
0
INSERT
2
STK_TOP_33
8
0
10
3.18
20
1
0
TEXT
8
SYM_TERMINAL
10
0
20
-6.096
40
1.778
1
2
0
INSERT
2
STK_TOP_33
8
0
10
3.18
20
-1
0
TEXT
8
SYM_TERMINAL
10
0
20
-9.144
40
1.778
1
3
0
INSERT
2
STK_TOP_33
8
0
10
3.18
20
-3.5
0
TEXT
8
SYM_TERMINAL
10
0
20
-12.192
40
1.778
1
4
0
INSERT
2
STK_TOP_33
8
0
10
5.68
20
3.5
0
TEXT
8
SYM_TERMINAL
10
0
20
-15.24
40
1.778
1
5
0
INSERT
2
STK_TOP_33
8
0
10
5.68
20
1
0
TEXT
8
SYM_TERMINAL
10
0
20
-18.288
40
1.778
1
6
0
INSERT
2
STK_TOP_33
8
0
10
5.68
20
-1
0
TEXT
8
SYM_TERMINAL
10
0
20
-21.336
40
1.778
1
7
0
INSERT
2
STK_TOP_33
8
0
10
5.68
20
-3.5
0
TEXT
8
SYM_TERMINAL
10
0
20
-24.384
40
1.778
1
8
0
INSERT
2
STK_TOP_34
8
0
10
0
20
6.7
0
TEXT
8
SYM_TERMINAL
10
0
20
-27.432
40
1.778
1
9
0
INSERT
2
STK_TOP_35
8
0
10
0
20
-6.7
0
TEXT
8
SYM_TERMINAL
10
0
20
-30.48
40
1.778
1
10
0
INSERT
2
STK_TOP_35
8
0
10
5.7
20
6.7
0
TEXT
8
SYM_TERMINAL
10
0
20
-33.528
40
1.778
1
11
0
INSERT
2
STK_TOP_35
8
0
10
5.7
20
-6.7
0
TEXT
8
SYM_TERMINAL
10
0
20
-36.576
40
1.778
1
12
0
ENDBLK
0
BLOCK
2
PKG_15
8
0
10
0
20
0
3
PKG_15
70
64
0
TEXT
8
PKG_INFO
10
0
20
0
40
1.778
1
*SYM:= 19
0
TEXT
8
PKG_INFO
10
0
20
-3.048
40
1.778
1
*PKG:= 0 USB_DUAL CON
0
TEXT
8
PKG_INFO
10
0
20
-6.096
40
1.778
1
*GATE:=0
0
TEXT
8
PKG_INFO
10
0
20
-9.144
40
1.778
1
*GATEPIN:= 0 7 1 VBUS1
0
TEXT
8
PKG_INFO
10
0
20
-12.192
40
1.778
1
*GATEPIN:= 0 5 2 DM1
0
TEXT
8
PKG_INFO
10
0
20
-15.24
40
1.778
1
*GATEPIN:= 0 5 3 DP1
0
TEXT
8
PKG_INFO
10
0
20
-18.288
40
1.778
1
*GATEPIN:= 0 7 4 GND
0
TEXT
8
PKG_INFO
10
0
20
-21.336
40
1.778
1
*GATEPIN:= 0 7 9 SHLD
0
TEXT
8
PKG_INFO
10
0
20
-24.384
40
1.778
1
*GATEPIN:= 0 7 5 VBUS2
0
TEXT
8
PKG_INFO
10
0
20
-27.432
40
1.778
1
*GATEPIN:= 0 5 6 DM2
0
TEXT
8
PKG_INFO
10
0
20
-30.48
40
1.778
1
*GATEPIN:= 0 5 7 DP2
0
TEXT
8
PKG_INFO
10
0
20
-33.528
40
1.778
1
*GATEPIN:= 0 7 8 GND
0
TEXT
8
PKG_INFO
10
0
20
-36.576
40
1.778
1
*GATEPIN:= 0 7 10 SHLD
0
TEXT
8
PKG_INFO
10
0
20
-39.624
40
1.778
1
*GATEPIN:= 0 7 11 SHLD
0
TEXT
8
PKG_INFO
10
0
20
-42.672
40
1.778
1
*GATEPIN:= 0 7 12 SHLD
0
ENDBLK
0
BLOCK
2
SYM_TOP_20
8
0
10
0
20
0
3
SYM_TOP_20
70
64
0
TEXT
8
SYM_NAME
10
0
20
0
40
1.778
1
RJ-45-HR911105B
41
0.75
0
TEXT
8
SYM_PART_NAME_126
10
-8.5422006667
20
10.063988
40
0.889
1
 
41
0.75
7
W0$127R0
0
TEXT
8
SYM_ATTRIBUTE_126
10
-8.5422006667
20
8.793988
40
0.889
1
Comment
41
0.75
7
W0$127R0
0
INSERT
2
PART_BODY_TOP_59
8
0
10
0
20
0
0
INSERT
2
STK_TOP_37
8
0
10
-5.6388
20
0.762
0
TEXT
8
SYM_TERMINAL
10
0
20
-3.048
40
1.778
1
1
0
INSERT
2
STK_TOP_37
8
0
10
5.9182
20
0.762
0
TEXT
8
SYM_TERMINAL
10
0
20
-6.096
40
1.778
1
2
0
INSERT
2
STK_TOP_38
8
0
10
-7.4422
20
-2.4384
0
TEXT
8
SYM_TERMINAL
10
0
20
-9.144
40
1.778
1
3
0
INSERT
2
STK_TOP_38
8
0
10
7.6708
20
-2.3876
0
TEXT
8
SYM_TERMINAL
10
0
20
-12.192
40
1.778
1
4
0
INSERT
2
STK_TOP_39
8
0
10
4.4930053333
20
-5.5465973333
0
TEXT
8
SYM_TERMINAL
10
0
20
-15.24
40
1.778
1
5
0
INSERT
2
STK_TOP_36
8
0
10
3.2230053333
20
-8.0865973333
0
TEXT
8
SYM_TERMINAL
10
0
20
-18.288
40
1.778
1
6
0
INSERT
2
STK_TOP_36
8
0
10
1.9530106667
20
-5.5466
0
TEXT
8
SYM_TERMINAL
10
0
20
-21.336
40
1.778
1
7
0
INSERT
2
STK_TOP_36
8
0
10
0.6830053333
20
-8.0865973333
0
TEXT
8
SYM_TERMINAL
10
0
20
-24.384
40
1.778
1
8
0
INSERT
2
STK_TOP_36
8
0
10
-0.586994
20
-5.5465973333
0
TEXT
8
SYM_TERMINAL
10
0
20
-27.432
40
1.778
1
9
0
INSERT
2
STK_TOP_36
8
0
10
-1.856994
20
-8.0865973333
0
TEXT
8
SYM_TERMINAL
10
0
20
-30.48
40
1.778
1
10
0
INSERT
2
STK_TOP_36
8
0
10
-3.1269886667
20
-5.5466
0
TEXT
8
SYM_TERMINAL
10
0
20
-33.528
40
1.778
1
11
0
INSERT
2
STK_TOP_36
8
0
10
-4.396994
20
-8.0865973333
0
TEXT
8
SYM_TERMINAL
10
0
20
-36.576
40
1.778
1
12
0
INSERT
2
STK_TOP_40
8
0
10
6.6802
20
5.6134
0
TEXT
8
SYM_TERMINAL
10
0
20
-39.624
40
1.778
1
13
0
INSERT
2
STK_TOP_40
8
0
10
4.1402
20
5.6388
0
TEXT
8
SYM_TERMINAL
10
0
20
-42.672
40
1.778
1
14
0
INSERT
2
STK_TOP_40
8
0
10
-3.9624
20
5.6134
0
TEXT
8
SYM_TERMINAL
10
0
20
-45.72
40
1.778
1
15
0
INSERT
2
STK_TOP_40
8
0
10
-6.5024
20
5.6388
0
TEXT
8
SYM_TERMINAL
10
0
20
-48.768
40
1.778
1
16
0
ENDBLK
0
BLOCK
2
PKG_16
8
0
10
0
20
0
3
PKG_16
70
64
0
TEXT
8
PKG_INFO
10
0
20
0
40
1.778
1
*SYM:= 20
0
TEXT
8
PKG_INFO
10
0
20
-3.048
40
1.778
1
*PKG:= 0 RJ-45-RH911105A UND
0
TEXT
8
PKG_INFO
10
0
20
-6.096
40
1.778
1
*PINNM:=0 0/2 13 14 1 2 3 4 5 6 7 8 9 10 11 12
0
ENDBLK
0
BLOCK
2
SYM_TOP_21
8
0
10
0
20
0
3
SYM_TOP_21
70
64
0
TEXT
8
SYM_NAME
10
0
20
0
40
1.778
1
IND-4X4
41
0.75
0
TEXT
8
SYM_PART_NAME_01
10
-2.40001
20
3.8732
40
0.889
1
 
41
0.75
7
W0$127R0
0
TEXT
8
SYM_ATTRIBUTE_01
10
-2.40001
20
2.6032
40
0.889
1
Comment
41
0.75
7
W0$127R0
0
INSERT
2
PART_BODY_TOP_60
8
0
10
0
20
0
0
INSERT
2
STK_TOP_41
8
0
10
-1.65001
20
0
0
TEXT
8
SYM_TERMINAL
10
0
20
-3.048
40
1.778
1
1
0
INSERT
2
STK_TOP_41
8
0
10
1.65001
20
0
0
TEXT
8
SYM_TERMINAL
10
0
20
-6.096
40
1.778
1
2
0
ENDBLK
0
BLOCK
2
PKG_17
8
0
10
0
20
0
3
PKG_17
70
64
0
TEXT
8
PKG_INFO
10
0
20
0
40
1.778
1
*SYM:= 21
0
TEXT
8
PKG_INFO
10
0
20
-3.048
40
1.778
1
*PKG:= 0 IND-4X4 UND
0
TEXT
8
PKG_INFO
10
0
20
-6.096
40
1.778
1
*GATE:=0
0
TEXT
8
PKG_INFO
10
0
20
-9.144
40
1.778
1
*GATEPIN:= 0 9 1 <>
0
TEXT
8
PKG_INFO
10
0
20
-12.192
40
1.778
1
*GATEPIN:= 0 9 2 <>
0
ENDBLK
0
BLOCK
2
SYM_TOP_22
8
0
10
0
20
0
3
SYM_TOP_22
70
64
0
TEXT
8
SYM_NAME
10
0
20
0
40
1.778
1
0624_66X70
41
0.75
0
TEXT
8
SYM_PART_NAME_01
10
-2.2
20
0
40
0.889
1
 
41
0.75
7
W0$127R0
0
TEXT
8
SYM_PART_TYPE_01
10
-2.2
20
0
40
0.889
1
 
73
2
11
-2.2
21
0
41
0.75
7
W0$127R0
0
INSERT
2
PART_BODY_TOP_61
8
0
10
0
20
0
0
INSERT
2
STK_TOP_42
8
0
10
-2.95
20
0
0
TEXT
8
SYM_TERMINAL
10
0
20
-3.048
40
1.778
1
1
0
INSERT
2
STK_TOP_42
8
0
10
2.95
20
0
0
TEXT
8
SYM_TERMINAL
10
0
20
-6.096
40
1.778
1
2
0
ENDBLK
0
BLOCK
2
PKG_18
8
0
10
0
20
0
3
PKG_18
70
64
0
TEXT
8
PKG_INFO
10
0
20
0
40
1.778
1
*SYM:= 22
0
TEXT
8
PKG_INFO
10
0
20
-3.048
40
1.778
1
*PKG:= 0 0624_66X70 UND
0
ENDBLK
0
BLOCK
2
SYM_TOP_23
8
0
10
0
20
0
3
SYM_TOP_23
70
64
0
TEXT
8
SYM_NAME
10
0
20
0
40
1.778
1
IND-2520
41
0.75
0
TEXT
8
SYM_ATTRIBUTE_01
10
-1.5085226667
20
1.3638126667
40
0.889
1
Comment
41
0.75
7
W0$127R0
0
TEXT
8
SYM_PART_NAME_01
10
-1.4812953333
20
2.4248126667
40
0.889
1
 
41
0.75
7
W0$127R0
0
INSERT
2
PART_BODY_TOP_62
8
0
10
0
20
0
0
INSERT
2
STK_TOP_43
8
0
10
0.947
20
0.006
0
TEXT
8
SYM_TERMINAL
10
0
20
-3.048
40
1.778
1
1
0
INSERT
2
STK_TOP_43
8
0
10
-0.953
20
0.006
0
TEXT
8
SYM_TERMINAL
10
0
20
-6.096
40
1.778
1
2
0
ENDBLK
0
BLOCK
2
PKG_19
8
0
10
0
20
0
3
PKG_19
70
64
0
TEXT
8
PKG_INFO
10
0
20
0
40
1.778
1
*SYM:= 23
0
TEXT
8
PKG_INFO
10
0
20
-3.048
40
1.778
1
*PKG:= 0 IND-2520 UND
0
ENDBLK
0
BLOCK
2
SYM_TOP_24
8
0
10
0
20
0
3
SYM_TOP_24
70
64
0
TEXT
8
SYM_NAME
10
0
20
0
40
1.778
1
LED0603
41
0.75
0
TEXT
8
SYM_PART_TYPE_01
10
-2.7586606667
20
-3.6
40
1.778
1
 
73
2
11
-2.7586606667
21
-3.6
41
0.75
7
W0$254R0
0
TEXT
8
SYM_PART_NAME_01
10
-2.8889286667
20
-3.2210713333
40
1.778
1
 
41
0.75
7
W0$254R0
0
INSERT
2
PART_BODY_TOP_63
8
0
10
0
20
0
0
INSERT
2
STK_TOP_44
8
0
10
-0.86843
20
0.00152
0
TEXT
8
SYM_TERMINAL
10
0
20
-3.048
40
1.778
1
1
0
INSERT
2
STK_TOP_45
8
0
10
0.86868
20
-0.00127
0
TEXT
8
SYM_TERMINAL
10
0
20
-6.096
40
1.778
1
2
0
ENDBLK
0
BLOCK
2
PKG_20
8
0
10
0
20
0
3
PKG_20
70
64
0
TEXT
8
PKG_INFO
10
0
20
0
40
1.778
1
*SYM:= 24
0
TEXT
8
PKG_INFO
10
0
20
-3.048
40
1.778
1
*PKG:= 0 LED0603 UND
0
ENDBLK
0
BLOCK
2
SYM_TOP_26
8
0
10
0
20
0
3
SYM_TOP_26
70
64
0
TEXT
8
SYM_NAME
10
0
20
0
40
1.778
1
SOT23
41
0.75
0
TEXT
8
SYM_ATTRIBUTE_126
10
-1.7399
20
2.2987
40
0.889
1
Comment
41
0.75
7
W0$127R0
0
TEXT
8
SYM_PART_NAME_126
10
-1.7399
20
3.5687
40
0.889
1
 
41
0.75
7
W0$127R0
0
INSERT
2
PART_BODY_TOP_65
8
0
10
0
20
0
0
INSERT
2
STK_TOP_47
8
0
10
-0.949998
20
-1.1000026667
0
TEXT
8
SYM_TERMINAL
10
0
20
-3.048
40
1.778
1
1
0
INSERT
2
STK_TOP_47
8
0
10
0.9500026667
20
-1.1000026667
0
TEXT
8
SYM_TERMINAL
10
0
20
-6.096
40
1.778
1
2
0
INSERT
2
STK_TOP_47
8
0
10
0
20
1.1
0
TEXT
8
SYM_TERMINAL
10
0
20
-9.144
40
1.778
1
3
0
ENDBLK
0
BLOCK
2
PKG_22
8
0
10
0
20
0
3
PKG_22
70
64
0
TEXT
8
PKG_INFO
10
0
20
0
40
1.778
1
*SYM:= 26
0
TEXT
8
PKG_INFO
10
0
20
-3.048
40
1.778
1
*PKG:= 0 SOT-23 UND
0
ENDBLK
0
BLOCK
2
PKG_23
8
0
10
0
20
0
3
PKG_23
70
64
0
TEXT
8
PKG_INFO
10
0
20
0
40
1.778
1
*SYM:= 26
0
TEXT
8
PKG_INFO
10
0
20
-3.048
40
1.778
1
*PKG:= 0 SOT23 UND
0
TEXT
8
PKG_INFO
10
0
20
-6.096
40
1.778
1
*GATE:=0
0
TEXT
8
PKG_INFO
10
0
20
-9.144
40
1.778
1
*GATEPIN:= 0 5 1 <>
0
TEXT
8
PKG_INFO
10
0
20
-12.192
40
1.778
1
*GATEPIN:= 0 5 2 <>
0
TEXT
8
PKG_INFO
10
0
20
-15.24
40
1.778
1
*GATEPIN:= 0 5 3 <>
0
ENDBLK
0
BLOCK
2
SYM_TOP_27
8
0
10
0
20
0
3
SYM_TOP_27
70
64
0
TEXT
8
SYM_NAME
10
0
20
0
40
1.778
1
R0402
41
0.75
0
TEXT
8
SYM_PART_NAME_01
10
1.65
20
0.15
40
0.889
1
 
41
0.75
7
W0$127R0
0
TEXT
8
SYM_PART_TYPE_01
10
1.6
20
-0.1
40
0.889
1
 
73
2
11
1.6
21
-0.1
41
0.75
7
W0$127R0
0
INSERT
2
PART_BODY_TOP_66
8
0
10
0
20
0
0
INSERT
2
STK_TOP_7
8
0
10
-0.4
20
0
0
TEXT
8
SYM_TERMINAL
10
0
20
-3.048
40
1.778
1
1
0
INSERT
2
STK_TOP_7
8
0
10
0.4
20
0
0
TEXT
8
SYM_TERMINAL
10
0
20
-6.096
40
1.778
1
2
0
ENDBLK
0
BLOCK
2
PKG_24
8
0
10
0
20
0
3
PKG_24
70
64
0
TEXT
8
PKG_INFO
10
0
20
0
40
1.778
1
*SYM:= 27
0
TEXT
8
PKG_INFO
10
0
20
-3.048
40
1.778
1
*PKG:= 0 R0402 UND
0
TEXT
8
PKG_INFO
10
0
20
-6.096
40
1.778
1
*GATE:=0
0
TEXT
8
PKG_INFO
10
0
20
-9.144
40
1.778
1
*GATEPIN:= 0 5 1 <>
0
TEXT
8
PKG_INFO
10
0
20
-12.192
40
1.778
1
*GATEPIN:= 0 5 2 <>
0
ENDBLK
0
BLOCK
2
SYM_TOP_32
8
0
10
0
20
0
3
SYM_TOP_32
70
64
0
TEXT
8
SYM_NAME
10
0
20
0
40
1.778
1
KEY6X6X45
41
0.75
0
TEXT
8
SYM_PART_TYPE_01
10
-4.45
20
1.95
40
0.2667
1
 
73
2
11
-4.45
21
1.95
41
0.75
7
W0$0381R0
0
TEXT
8
SYM_PART_NAME_01
10
-4.45
20
1.95
40
0.2667
1
 
41
0.75
7
W0$0381R0
0
INSERT
2
PART_BODY_TOP_71
8
0
10
0
20
0
0
INSERT
2
STK_TOP_51
8
0
10
-4.45
20
1.95
0
TEXT
8
SYM_TERMINAL
10
0
20
-3.048
40
1.778
1
1
0
INSERT
2
STK_TOP_51
8
0
10
-4.45
20
-1.95
0
TEXT
8
SYM_TERMINAL
10
0
20
-6.096
40
1.778
1
2
0
INSERT
2
STK_TOP_51
8
0
10
4.35
20
-1.95
0
TEXT
8
SYM_TERMINAL
10
0
20
-9.144
40
1.778
1
3
0
INSERT
2
STK_TOP_51
8
0
10
4.35
20
1.95
0
TEXT
8
SYM_TERMINAL
10
0
20
-12.192
40
1.778
1
4
0
ENDBLK
0
BLOCK
2
PKG_28
8
0
10
0
20
0
3
PKG_28
70
64
0
TEXT
8
PKG_INFO
10
0
20
0
40
1.778
1
*SYM:= 32 33
0
TEXT
8
PKG_INFO
10
0
20
-3.048
40
1.778
1
*PKG:= 0 KEY6X6X45 UND
0
TEXT
8
PKG_INFO
10
0
20
-6.096
40
1.778
1
*GATE:=0
0
TEXT
8
PKG_INFO
10
0
20
-9.144
40
1.778
1
*GATEPIN:= 0 9 1 <>
0
TEXT
8
PKG_INFO
10
0
20
-12.192
40
1.778
1
*GATEPIN:= 0 9 4 <>
0
TEXT
8
PKG_INFO
10
0
20
-15.24
40
1.778
1
*GATEPIN:= 0 9 2 <>
0
TEXT
8
PKG_INFO
10
0
20
-18.288
40
1.778
1
*GATEPIN:= 0 9 3 <>
0
ENDBLK
0
BLOCK
2
SYM_TOP_34
8
0
10
0
20
0
3
SYM_TOP_34
70
64
0
TEXT
8
SYM_NAME
10
0
20
0
40
1.778
1
35X35_MOUDEL_124SMD
41
0.75
0
TEXT
8
SYM_PART_NAME_01
10
-3
20
35
40
0.2667
1
 
41
0.75
7
W0$0381R0
0
TEXT
8
SYM_PART_TYPE_01
10
-3
20
35
40
0.2667
1
 
73
2
11
-3
21
35
41
0.75
7
W0$0381R0
0
INSERT
2
PART_BODY_TOP_73
8
0
10
0
20
0
0
INSERT
2
STK_TOP_55
8
0
10
0
20
0
0
TEXT
8
SYM_TERMINAL
10
0
20
-3.048
40
1.778
1
1
0
INSERT
2
STK_TOP_55
8
0
10
1
20
0
0
TEXT
8
SYM_TERMINAL
10
0
20
-6.096
40
1.778
1
2
0
INSERT
2
STK_TOP_55
8
0
10
2
20
0
0
TEXT
8
SYM_TERMINAL
10
0
20
-9.144
40
1.778
1
3
0
INSERT
2
STK_TOP_55
8
0
10
3
20
0
0
TEXT
8
SYM_TERMINAL
10
0
20
-12.192
40
1.778
1
4
0
INSERT
2
STK_TOP_55
8
0
10
4
20
0
0
TEXT
8
SYM_TERMINAL
10
0
20
-15.24
40
1.778
1
5
0
INSERT
2
STK_TOP_55
8
0
10
5
20
0
0
TEXT
8
SYM_TERMINAL
10
0
20
-18.288
40
1.778
1
6
0
INSERT
2
STK_TOP_55
8
0
10
6
20
0
0
TEXT
8
SYM_TERMINAL
10
0
20
-21.336
40
1.778
1
7
0
INSERT
2
STK_TOP_55
8
0
10
7
20
0
0
TEXT
8
SYM_TERMINAL
10
0
20
-24.384
40
1.778
1
8
0
INSERT
2
STK_TOP_55
8
0
10
8
20
0
0
TEXT
8
SYM_TERMINAL
10
0
20
-27.432
40
1.778
1
9
0
INSERT
2
STK_TOP_55
8
0
10
9
20
0
0
TEXT
8
SYM_TERMINAL
10
0
20
-30.48
40
1.778
1
10
0
INSERT
2
STK_TOP_55
8
0
10
10
20
0
0
TEXT
8
SYM_TERMINAL
10
0
20
-33.528
40
1.778
1
11
0
INSERT
2
STK_TOP_55
8
0
10
11
20
0
0
TEXT
8
SYM_TERMINAL
10
0
20
-36.576
40
1.778
1
12
0
INSERT
2
STK_TOP_55
8
0
10
12
20
0
0
TEXT
8
SYM_TERMINAL
10
0
20
-39.624
40
1.778
1
13
0
INSERT
2
STK_TOP_55
8
0
10
13
20
0
0
TEXT
8
SYM_TERMINAL
10
0
20
-42.672
40
1.778
1
14
0
INSERT
2
STK_TOP_55
8
0
10
14
20
0
0
TEXT
8
SYM_TERMINAL
10
0
20
-45.72
40
1.778
1
15
0
INSERT
2
STK_TOP_55
8
0
10
15
20
0
0
TEXT
8
SYM_TERMINAL
10
0
20
-48.768
40
1.778
1
16
0
INSERT
2
STK_TOP_55
8
0
10
16
20
0
0
TEXT
8
SYM_TERMINAL
10
0
20
-51.816
40
1.778
1
17
0
INSERT
2
STK_TOP_55
8
0
10
17
20
0
0
TEXT
8
SYM_TERMINAL
10
0
20
-54.864
40
1.778
1
18
0
INSERT
2
STK_TOP_55
8
0
10
18
20
0
0
TEXT
8
SYM_TERMINAL
10
0
20
-57.912
40
1.778
1
19
0
INSERT
2
STK_TOP_55
8
0
10
19
20
0
0
TEXT
8
SYM_TERMINAL
10
0
20
-60.96
40
1.778
1
20
0
INSERT
2
STK_TOP_55
8
0
10
20
20
0
0
TEXT
8
SYM_TERMINAL
10
0
20
-64.008
40
1.778
1
21
0
INSERT
2
STK_TOP_55
8
0
10
21
20
0
0
TEXT
8
SYM_TERMINAL
10
0
20
-67.056
40
1.778
1
22
0
INSERT
2
STK_TOP_55
8
0
10
22
20
0
0
TEXT
8
SYM_TERMINAL
10
0
20
-70.104
40
1.778
1
23
0
INSERT
2
STK_TOP_55
8
0
10
23
20
0
0
TEXT
8
SYM_TERMINAL
10
0
20
-73.152
40
1.778
1
24
0
INSERT
2
STK_TOP_55
8
0
10
24
20
0
0
TEXT
8
SYM_TERMINAL
10
0
20
-76.2
40
1.778
1
25
0
INSERT
2
STK_TOP_55
8
0
10
25
20
0
0
TEXT
8
SYM_TERMINAL
10
0
20
-79.248
40
1.778
1
26
0
INSERT
2
STK_TOP_55
8
0
10
26
20
0
0
TEXT
8
SYM_TERMINAL
10
0
20
-82.296
40
1.778
1
27
0
INSERT
2
STK_TOP_55
8
0
10
27
20
0
0
TEXT
8
SYM_TERMINAL
10
0
20
-85.344
40
1.778
1
28
0
INSERT
2
STK_TOP_55
8
0
10
28
20
0
0
TEXT
8
SYM_TERMINAL
10
0
20
-88.392
40
1.778
1
29
0
INSERT
2
STK_TOP_55
8
0
10
29
20
0
0
TEXT
8
SYM_TERMINAL
10
0
20
-91.44
40
1.778
1
30
0
INSERT
2
STK_TOP_54
8
0
10
32
20
3
0
TEXT
8
SYM_TERMINAL
10
0
20
-94.488
40
1.778
1
31
0
INSERT
2
STK_TOP_54
8
0
10
32
20
4
0
TEXT
8
SYM_TERMINAL
10
0
20
-97.536
40
1.778
1
32
0
INSERT
2
STK_TOP_54
8
0
10
32
20
5
0
TEXT
8
SYM_TERMINAL
10
0
20
-100.584
40
1.778
1
33
0
INSERT
2
STK_TOP_54
8
0
10
32
20
6
0
TEXT
8
SYM_TERMINAL
10
0
20
-103.632
40
1.778
1
34
0
INSERT
2
STK_TOP_54
8
0
10
32
20
7
0
TEXT
8
SYM_TERMINAL
10
0
20
-106.68
40
1.778
1
35
0
INSERT
2
STK_TOP_54
8
0
10
32
20
8
0
TEXT
8
SYM_TERMINAL
10
0
20
-109.728
40
1.778
1
36
0
INSERT
2
STK_TOP_54
8
0
10
32
20
9
0
TEXT
8
SYM_TERMINAL
10
0
20
-112.776
40
1.778
1
37
0
INSERT
2
STK_TOP_54
8
0
10
32
20
10
0
TEXT
8
SYM_TERMINAL
10
0
20
-115.824
40
1.778
1
38
0
INSERT
2
STK_TOP_54
8
0
10
32
20
11
0
TEXT
8
SYM_TERMINAL
10
0
20
-118.872
40
1.778
1
39
0
INSERT
2
STK_TOP_54
8
0
10
32
20
12
0
TEXT
8
SYM_TERMINAL
10
0
20
-121.92
40
1.778
1
40
0
INSERT
2
STK_TOP_54
8
0
10
32
20
13
0
TEXT
8
SYM_TERMINAL
10
0
20
-124.968
40
1.778
1
41
0
INSERT
2
STK_TOP_54
8
0
10
32
20
14
0
TEXT
8
SYM_TERMINAL
10
0
20
-128.016
40
1.778
1
42
0
INSERT
2
STK_TOP_54
8
0
10
32
20
15
0
TEXT
8
SYM_TERMINAL
10
0
20
-131.064
40
1.778
1
43
0
INSERT
2
STK_TOP_54
8
0
10
32
20
16
0
TEXT
8
SYM_TERMINAL
10
0
20
-134.112
40
1.778
1
44
0
INSERT
2
STK_TOP_54
8
0
10
32
20
17
0
TEXT
8
SYM_TERMINAL
10
0
20
-137.16
40
1.778
1
45
0
INSERT
2
STK_TOP_54
8
0
10
32
20
18
0
TEXT
8
SYM_TERMINAL
10
0
20
-140.208
40
1.778
1
46
0
INSERT
2
STK_TOP_54
8
0
10
32
20
19
0
TEXT
8
SYM_TERMINAL
10
0
20
-143.256
40
1.778
1
47
0
INSERT
2
STK_TOP_54
8
0
10
32
20
20
0
TEXT
8
SYM_TERMINAL
10
0
20
-146.304
40
1.778
1
48
0
INSERT
2
STK_TOP_54
8
0
10
32
20
21
0
TEXT
8
SYM_TERMINAL
10
0
20
-149.352
40
1.778
1
49
0
INSERT
2
STK_TOP_54
8
0
10
32
20
22
0
TEXT
8
SYM_TERMINAL
10
0
20
-152.4
40
1.778
1
50
0
INSERT
2
STK_TOP_54
8
0
10
32
20
23
0
TEXT
8
SYM_TERMINAL
10
0
20
-155.448
40
1.778
1
51
0
INSERT
2
STK_TOP_54
8
0
10
32
20
24
0
TEXT
8
SYM_TERMINAL
10
0
20
-158.496
40
1.778
1
52
0
INSERT
2
STK_TOP_54
8
0
10
32
20
25
0
TEXT
8
SYM_TERMINAL
10
0
20
-161.544
40
1.778
1
53
0
INSERT
2
STK_TOP_54
8
0
10
32
20
26
0
TEXT
8
SYM_TERMINAL
10
0
20
-164.592
40
1.778
1
54
0
INSERT
2
STK_TOP_54
8
0
10
32
20
27
0
TEXT
8
SYM_TERMINAL
10
0
20
-167.64
40
1.778
1
55
0
INSERT
2
STK_TOP_54
8
0
10
32
20
28
0
TEXT
8
SYM_TERMINAL
10
0
20
-170.688
40
1.778
1
56
0
INSERT
2
STK_TOP_54
8
0
10
32
20
29
0
TEXT
8
SYM_TERMINAL
10
0
20
-173.736
40
1.778
1
57
0
INSERT
2
STK_TOP_54
8
0
10
32
20
30
0
TEXT
8
SYM_TERMINAL
10
0
20
-176.784
40
1.778
1
58
0
INSERT
2
STK_TOP_54
8
0
10
32
20
31
0
TEXT
8
SYM_TERMINAL
10
0
20
-179.832
40
1.778
1
59
0
INSERT
2
STK_TOP_54
8
0
10
32
20
32
0
TEXT
8
SYM_TERMINAL
10
0
20
-182.88
40
1.778
1
60
0
INSERT
2
STK_TOP_55
8
0
10
29
20
35
0
TEXT
8
SYM_TERMINAL
10
0
20
-185.928
40
1.778
1
61
0
INSERT
2
STK_TOP_55
8
0
10
28
20
35
0
TEXT
8
SYM_TERMINAL
10
0
20
-188.976
40
1.778
1
62
0
INSERT
2
STK_TOP_55
8
0
10
27
20
35
0
TEXT
8
SYM_TERMINAL
10
0
20
-192.024
40
1.778
1
63
0
INSERT
2
STK_TOP_55
8
0
10
26
20
35
0
TEXT
8
SYM_TERMINAL
10
0
20
-195.072
40
1.778
1
64
0
INSERT
2
STK_TOP_55
8
0
10
25
20
35
0
TEXT
8
SYM_TERMINAL
10
0
20
-198.12
40
1.778
1
65
0
INSERT
2
STK_TOP_55
8
0
10
24
20
35
0
TEXT
8
SYM_TERMINAL
10
0
20
-201.168
40
1.778
1
66
0
INSERT
2
STK_TOP_55
8
0
10
23
20
35
0
TEXT
8
SYM_TERMINAL
10
0
20
-204.216
40
1.778
1
67
0
INSERT
2
STK_TOP_55
8
0
10
22
20
35
0
TEXT
8
SYM_TERMINAL
10
0
20
-207.264
40
1.778
1
68
0
INSERT
2
STK_TOP_55
8
0
10
21
20
35
0
TEXT
8
SYM_TERMINAL
10
0
20
-210.312
40
1.778
1
69
0
INSERT
2
STK_TOP_55
8
0
10
20
20
35
0
TEXT
8
SYM_TERMINAL
10
0
20
-213.36
40
1.778
1
70
0
INSERT
2
STK_TOP_55
8
0
10
19
20
35
0
TEXT
8
SYM_TERMINAL
10
0
20
-216.408
40
1.778
1
71
0
INSERT
2
STK_TOP_55
8
0
10
18
20
35
0
TEXT
8
SYM_TERMINAL
10
0
20
-219.456
40
1.778
1
72
0
INSERT
2
STK_TOP_55
8
0
10
17
20
35
0
TEXT
8
SYM_TERMINAL
10
0
20
-222.504
40
1.778
1
73
0
INSERT
2
STK_TOP_55
8
0
10
16
20
35
0
TEXT
8
SYM_TERMINAL
10
0
20
-225.552
40
1.778
1
74
0
INSERT
2
STK_TOP_55
8
0
10
15
20
35
0
TEXT
8
SYM_TERMINAL
10
0
20
-228.6
40
1.778
1
75
0
INSERT
2
STK_TOP_55
8
0
10
14
20
35
0
TEXT
8
SYM_TERMINAL
10
0
20
-231.648
40
1.778
1
76
0
INSERT
2
STK_TOP_55
8
0
10
13
20
35
0
TEXT
8
SYM_TERMINAL
10
0
20
-234.696
40
1.778
1
77
0
INSERT
2
STK_TOP_55
8
0
10
12
20
35
0
TEXT
8
SYM_TERMINAL
10
0
20
-237.744
40
1.778
1
78
0
INSERT
2
STK_TOP_55
8
0
10
11
20
35
0
TEXT
8
SYM_TERMINAL
10
0
20
-240.792
40
1.778
1
79
0
INSERT
2
STK_TOP_55
8
0
10
10
20
35
0
TEXT
8
SYM_TERMINAL
10
0
20
-243.84
40
1.778
1
80
0
INSERT
2
STK_TOP_55
8
0
10
9
20
35
0
TEXT
8
SYM_TERMINAL
10
0
20
-246.888
40
1.778
1
81
0
INSERT
2
STK_TOP_55
8
0
10
8
20
35
0
TEXT
8
SYM_TERMINAL
10
0
20
-249.936
40
1.778
1
82
0
INSERT
2
STK_TOP_55
8
0
10
7
20
35
0
TEXT
8
SYM_TERMINAL
10
0
20
-252.984
40
1.778
1
83
0
INSERT
2
STK_TOP_55
8
0
10
6
20
35
0
TEXT
8
SYM_TERMINAL
10
0
20
-256.032
40
1.778
1
84
0
INSERT
2
STK_TOP_55
8
0
10
5
20
35
0
TEXT
8
SYM_TERMINAL
10
0
20
-259.08
40
1.778
1
85
0
INSERT
2
STK_TOP_55
8
0
10
4
20
35
0
TEXT
8
SYM_TERMINAL
10
0
20
-262.128
40
1.778
1
86
0
INSERT
2
STK_TOP_55
8
0
10
3
20
35
0
TEXT
8
SYM_TERMINAL
10
0
20
-265.176
40
1.778
1
87
0
INSERT
2
STK_TOP_55
8
0
10
2
20
35
0
TEXT
8
SYM_TERMINAL
10
0
20
-268.224
40
1.778
1
88
0
INSERT
2
STK_TOP_55
8
0
10
1
20
35
0
TEXT
8
SYM_TERMINAL
10
0
20
-271.272
40
1.778
1
89
0
INSERT
2
STK_TOP_55
8
0
10
0
20
35
0
TEXT
8
SYM_TERMINAL
10
0
20
-274.32
40
1.778
1
90
0
INSERT
2
STK_TOP_54
8
0
10
-3
20
32
0
TEXT
8
SYM_TERMINAL
10
0
20
-277.368
40
1.778
1
91
0
INSERT
2
STK_TOP_54
8
0
10
-3
20
31
0
TEXT
8
SYM_TERMINAL
10
0
20
-280.416
40
1.778
1
92
0
INSERT
2
STK_TOP_54
8
0
10
-3
20
30
0
TEXT
8
SYM_TERMINAL
10
0
20
-283.464
40
1.778
1
93
0
INSERT
2
STK_TOP_54
8
0
10
-3
20
29
0
TEXT
8
SYM_TERMINAL
10
0
20
-286.512
40
1.778
1
94
0
INSERT
2
STK_TOP_54
8
0
10
-3
20
28
0
TEXT
8
SYM_TERMINAL
10
0
20
-289.56
40
1.778
1
95
0
INSERT
2
STK_TOP_54
8
0
10
-3
20
27
0
TEXT
8
SYM_TERMINAL
10
0
20
-292.608
40
1.778
1
96
0
INSERT
2
STK_TOP_54
8
0
10
-3
20
26
0
TEXT
8
SYM_TERMINAL
10
0
20
-295.656
40
1.778
1
97
0
INSERT
2
STK_TOP_54
8
0
10
-3
20
25
0
TEXT
8
SYM_TERMINAL
10
0
20
-298.704
40
1.778
1
98
0
INSERT
2
STK_TOP_54
8
0
10
-3
20
24
0
TEXT
8
SYM_TERMINAL
10
0
20
-301.752
40
1.778
1
99
0
INSERT
2
STK_TOP_54
8
0
10
-3
20
23
0
TEXT
8
SYM_TERMINAL
10
0
20
-304.8
40
1.778
1
100
0
INSERT
2
STK_TOP_54
8
0
10
-3
20
22
0
TEXT
8
SYM_TERMINAL
10
0
20
-307.848
40
1.778
1
101
0
INSERT
2
STK_TOP_54
8
0
10
-3
20
21
0
TEXT
8
SYM_TERMINAL
10
0
20
-310.896
40
1.778
1
102
0
INSERT
2
STK_TOP_54
8
0
10
-3
20
20
0
TEXT
8
SYM_TERMINAL
10
0
20
-313.944
40
1.778
1
103
0
INSERT
2
STK_TOP_54
8
0
10
-3
20
19
0
TEXT
8
SYM_TERMINAL
10
0
20
-316.992
40
1.778
1
104
0
INSERT
2
STK_TOP_54
8
0
10
-3
20
18
0
TEXT
8
SYM_TERMINAL
10
0
20
-320.04
40
1.778
1
105
0
INSERT
2
STK_TOP_54
8
0
10
-3
20
17
0
TEXT
8
SYM_TERMINAL
10
0
20
-323.088
40
1.778
1
106
0
INSERT
2
STK_TOP_54
8
0
10
-3
20
16
0
TEXT
8
SYM_TERMINAL
10
0
20
-326.136
40
1.778
1
107
0
INSERT
2
STK_TOP_54
8
0
10
-3
20
15
0
TEXT
8
SYM_TERMINAL
10
0
20
-329.184
40
1.778
1
108
0
INSERT
2
STK_TOP_54
8
0
10
-3
20
14
0
TEXT
8
SYM_TERMINAL
10
0
20
-332.232
40
1.778
1
109
0
INSERT
2
STK_TOP_54
8
0
10
-3
20
13
0
TEXT
8
SYM_TERMINAL
10
0
20
-335.28
40
1.778
1
110
0
INSERT
2
STK_TOP_54
8
0
10
-3
20
12
0
TEXT
8
SYM_TERMINAL
10
0
20
-338.328
40
1.778
1
111
0
INSERT
2
STK_TOP_54
8
0
10
-3
20
11
0
TEXT
8
SYM_TERMINAL
10
0
20
-341.376
40
1.778
1
112
0
INSERT
2
STK_TOP_54
8
0
10
-3
20
10
0
TEXT
8
SYM_TERMINAL
10
0
20
-344.424
40
1.778
1
113
0
INSERT
2
STK_TOP_54
8
0
10
-3
20
9
0
TEXT
8
SYM_TERMINAL
10
0
20
-347.472
40
1.778
1
114
0
INSERT
2
STK_TOP_54
8
0
10
-3
20
8
0
TEXT
8
SYM_TERMINAL
10
0
20
-350.52
40
1.778
1
115
0
INSERT
2
STK_TOP_54
8
0
10
-3
20
7
0
TEXT
8
SYM_TERMINAL
10
0
20
-353.568
40
1.778
1
116
0
INSERT
2
STK_TOP_54
8
0
10
-3
20
6
0
TEXT
8
SYM_TERMINAL
10
0
20
-356.616
40
1.778
1
117
0
INSERT
2
STK_TOP_54
8
0
10
-3
20
5
0
TEXT
8
SYM_TERMINAL
10
0
20
-359.664
40
1.778
1
118
0
INSERT
2
STK_TOP_54
8
0
10
-3
20
4
0
TEXT
8
SYM_TERMINAL
10
0
20
-362.712
40
1.778
1
119
0
INSERT
2
STK_TOP_54
8
0
10
-3
20
3
0
TEXT
8
SYM_TERMINAL
10
0
20
-365.76
40
1.778
1
120
0
INSERT
2
STK_TOP_56
8
0
10
-2.99
20
0.02
0
TEXT
8
SYM_TERMINAL
10
0
20
-368.808
40
1.778
1
121
0
INSERT
2
STK_TOP_56
8
0
10
32
20
35.01
0
TEXT
8
SYM_TERMINAL
10
0
20
-371.856
40
1.778
1
122
0
INSERT
2
STK_TOP_57
8
0
10
31.99
20
0
0
TEXT
8
SYM_TERMINAL
10
0
20
-374.904
40
1.778
1
123
0
INSERT
2
STK_TOP_57
8
0
10
-2.99
20
35.01
0
TEXT
8
SYM_TERMINAL
10
0
20
-377.952
40
1.778
1
124
0
ENDBLK
0
BLOCK
2
PKG_30
8
0
10
0
20
0
3
PKG_30
70
64
0
TEXT
8
PKG_INFO
10
0
20
0
40
1.778
1
*SYM:= 34
0
TEXT
8
PKG_INFO
10
0
20
-3.048
40
1.778
1
*PKG:= 0 35X35_MOUDEL_124SMD UND
0
TEXT
8
PKG_INFO
10
0
20
-6.096
40
1.778
1
*GATE:=0
0
TEXT
8
PKG_INFO
10
0
20
-9.144
40
1.778
1
*GATEPIN:= 0 9 1 <>
0
TEXT
8
PKG_INFO
10
0
20
-12.192
40
1.778
1
*GATEPIN:= 0 9 2 <>
0
TEXT
8
PKG_INFO
10
0
20
-15.24
40
1.778
1
*GATEPIN:= 0 9 3 <>
0
TEXT
8
PKG_INFO
10
0
20
-18.288
40
1.778
1
*GATEPIN:= 0 9 4 <>
0
TEXT
8
PKG_INFO
10
0
20
-21.336
40
1.778
1
*GATEPIN:= 0 9 5 <>
0
TEXT
8
PKG_INFO
10
0
20
-24.384
40
1.778
1
*GATEPIN:= 0 9 6 <>
0
TEXT
8
PKG_INFO
10
0
20
-27.432
40
1.778
1
*GATEPIN:= 0 9 7 <>
0
TEXT
8
PKG_INFO
10
0
20
-30.48
40
1.778
1
*GATEPIN:= 0 9 8 <>
0
TEXT
8
PKG_INFO
10
0
20
-33.528
40
1.778
1
*GATEPIN:= 0 9 9 <>
0
TEXT
8
PKG_INFO
10
0
20
-36.576
40
1.778
1
*GATEPIN:= 0 9 10 <>
0
TEXT
8
PKG_INFO
10
0
20
-39.624
40
1.778
1
*GATEPIN:= 0 9 11 <>
0
TEXT
8
PKG_INFO
10
0
20
-42.672
40
1.778
1
*GATEPIN:= 0 9 12 <>
0
TEXT
8
PKG_INFO
10
0
20
-45.72
40
1.778
1
*GATEPIN:= 0 9 13 <>
0
TEXT
8
PKG_INFO
10
0
20
-48.768
40
1.778
1
*GATEPIN:= 0 9 14 <>
0
TEXT
8
PKG_INFO
10
0
20
-51.816
40
1.778
1
*GATEPIN:= 0 9 15 <>
0
TEXT
8
PKG_INFO
10
0
20
-54.864
40
1.778
1
*GATEPIN:= 0 9 16 <>
0
TEXT
8
PKG_INFO
10
0
20
-57.912
40
1.778
1
*GATEPIN:= 0 9 17 <>
0
TEXT
8
PKG_INFO
10
0
20
-60.96
40
1.778
1
*GATEPIN:= 0 9 18 <>
0
TEXT
8
PKG_INFO
10
0
20
-64.008
40
1.778
1
*GATEPIN:= 0 9 19 <>
0
TEXT
8
PKG_INFO
10
0
20
-67.056
40
1.778
1
*GATEPIN:= 0 9 20 <>
0
TEXT
8
PKG_INFO
10
0
20
-70.104
40
1.778
1
*GATEPIN:= 0 9 21 <>
0
TEXT
8
PKG_INFO
10
0
20
-73.152
40
1.778
1
*GATEPIN:= 0 9 22 <>
0
TEXT
8
PKG_INFO
10
0
20
-76.2
40
1.778
1
*GATEPIN:= 0 9 23 <>
0
TEXT
8
PKG_INFO
10
0
20
-79.248
40
1.778
1
*GATEPIN:= 0 9 24 <>
0
TEXT
8
PKG_INFO
10
0
20
-82.296
40
1.778
1
*GATEPIN:= 0 9 25 <>
0
TEXT
8
PKG_INFO
10
0
20
-85.344
40
1.778
1
*GATEPIN:= 0 9 26 <>
0
TEXT
8
PKG_INFO
10
0
20
-88.392
40
1.778
1
*GATEPIN:= 0 9 27 <>
0
TEXT
8
PKG_INFO
10
0
20
-91.44
40
1.778
1
*GATEPIN:= 0 9 28 <>
0
TEXT
8
PKG_INFO
10
0
20
-94.488
40
1.778
1
*GATEPIN:= 0 9 29 <>
0
TEXT
8
PKG_INFO
10
0
20
-97.536
40
1.778
1
*GATEPIN:= 0 9 30 <>
0
TEXT
8
PKG_INFO
10
0
20
-100.584
40
1.778
1
*GATEPIN:= 0 9 31 <>
0
TEXT
8
PKG_INFO
10
0
20
-103.632
40
1.778
1
*GATEPIN:= 0 9 32 <>
0
TEXT
8
PKG_INFO
10
0
20
-106.68
40
1.778
1
*GATEPIN:= 0 9 33 <>
0
TEXT
8
PKG_INFO
10
0
20
-109.728
40
1.778
1
*GATEPIN:= 0 9 34 <>
0
TEXT
8
PKG_INFO
10
0
20
-112.776
40
1.778
1
*GATEPIN:= 0 9 35 <>
0
TEXT
8
PKG_INFO
10
0
20
-115.824
40
1.778
1
*GATEPIN:= 0 9 36 <>
0
TEXT
8
PKG_INFO
10
0
20
-118.872
40
1.778
1
*GATEPIN:= 0 9 37 <>
0
TEXT
8
PKG_INFO
10
0
20
-121.92
40
1.778
1
*GATEPIN:= 0 9 38 <>
0
TEXT
8
PKG_INFO
10
0
20
-124.968
40
1.778
1
*GATEPIN:= 0 9 39 <>
0
TEXT
8
PKG_INFO
10
0
20
-128.016
40
1.778
1
*GATEPIN:= 0 9 40 <>
0
TEXT
8
PKG_INFO
10
0
20
-131.064
40
1.778
1
*GATEPIN:= 0 9 41 <>
0
TEXT
8
PKG_INFO
10
0
20
-134.112
40
1.778
1
*GATEPIN:= 0 9 42 <>
0
TEXT
8
PKG_INFO
10
0
20
-137.16
40
1.778
1
*GATEPIN:= 0 9 43 <>
0
TEXT
8
PKG_INFO
10
0
20
-140.208
40
1.778
1
*GATEPIN:= 0 9 44 <>
0
TEXT
8
PKG_INFO
10
0
20
-143.256
40
1.778
1
*GATEPIN:= 0 9 45 <>
0
TEXT
8
PKG_INFO
10
0
20
-146.304
40
1.778
1
*GATEPIN:= 0 9 46 <>
0
TEXT
8
PKG_INFO
10
0
20
-149.352
40
1.778
1
*GATEPIN:= 0 9 47 <>
0
TEXT
8
PKG_INFO
10
0
20
-152.4
40
1.778
1
*GATEPIN:= 0 9 48 <>
0
TEXT
8
PKG_INFO
10
0
20
-155.448
40
1.778
1
*GATEPIN:= 0 9 49 <>
0
TEXT
8
PKG_INFO
10
0
20
-158.496
40
1.778
1
*GATEPIN:= 0 9 50 <>
0
TEXT
8
PKG_INFO
10
0
20
-161.544
40
1.778
1
*GATEPIN:= 0 9 51 <>
0
TEXT
8
PKG_INFO
10
0
20
-164.592
40
1.778
1
*GATEPIN:= 0 9 52 <>
0
TEXT
8
PKG_INFO
10
0
20
-167.64
40
1.778
1
*GATEPIN:= 0 9 53 <>
0
TEXT
8
PKG_INFO
10
0
20
-170.688
40
1.778
1
*GATEPIN:= 0 9 54 <>
0
TEXT
8
PKG_INFO
10
0
20
-173.736
40
1.778
1
*GATEPIN:= 0 9 55 <>
0
TEXT
8
PKG_INFO
10
0
20
-176.784
40
1.778
1
*GATEPIN:= 0 9 56 <>
0
TEXT
8
PKG_INFO
10
0
20
-179.832
40
1.778
1
*GATEPIN:= 0 9 57 <>
0
TEXT
8
PKG_INFO
10
0
20
-182.88
40
1.778
1
*GATEPIN:= 0 9 58 <>
0
TEXT
8
PKG_INFO
10
0
20
-185.928
40
1.778
1
*GATEPIN:= 0 9 59 <>
0
TEXT
8
PKG_INFO
10
0
20
-188.976
40
1.778
1
*GATEPIN:= 0 9 60 <>
0
TEXT
8
PKG_INFO
10
0
20
-192.024
40
1.778
1
*GATEPIN:= 0 9 61 <>
0
TEXT
8
PKG_INFO
10
0
20
-195.072
40
1.778
1
*GATEPIN:= 0 9 62 <>
0
TEXT
8
PKG_INFO
10
0
20
-198.12
40
1.778
1
*GATEPIN:= 0 9 63 <>
0
TEXT
8
PKG_INFO
10
0
20
-201.168
40
1.778
1
*GATEPIN:= 0 9 64 <>
0
TEXT
8
PKG_INFO
10
0
20
-204.216
40
1.778
1
*GATEPIN:= 0 9 65 <>
0
TEXT
8
PKG_INFO
10
0
20
-207.264
40
1.778
1
*GATEPIN:= 0 9 66 <>
0
TEXT
8
PKG_INFO
10
0
20
-210.312
40
1.778
1
*GATEPIN:= 0 9 67 <>
0
TEXT
8
PKG_INFO
10
0
20
-213.36
40
1.778
1
*GATEPIN:= 0 9 68 <>
0
TEXT
8
PKG_INFO
10
0
20
-216.408
40
1.778
1
*GATEPIN:= 0 9 69 <>
0
TEXT
8
PKG_INFO
10
0
20
-219.456
40
1.778
1
*GATEPIN:= 0 9 70 <>
0
TEXT
8
PKG_INFO
10
0
20
-222.504
40
1.778
1
*GATEPIN:= 0 9 71 <>
0
TEXT
8
PKG_INFO
10
0
20
-225.552
40
1.778
1
*GATEPIN:= 0 9 72 <>
0
TEXT
8
PKG_INFO
10
0
20
-228.6
40
1.778
1
*GATEPIN:= 0 9 73 <>
0
TEXT
8
PKG_INFO
10
0
20
-231.648
40
1.778
1
*GATEPIN:= 0 9 74 <>
0
TEXT
8
PKG_INFO
10
0
20
-234.696
40
1.778
1
*GATEPIN:= 0 9 75 <>
0
TEXT
8
PKG_INFO
10
0
20
-237.744
40
1.778
1
*GATEPIN:= 0 9 76 <>
0
TEXT
8
PKG_INFO
10
0
20
-240.792
40
1.778
1
*GATEPIN:= 0 9 77 <>
0
TEXT
8
PKG_INFO
10
0
20
-243.84
40
1.778
1
*GATEPIN:= 0 9 78 <>
0
TEXT
8
PKG_INFO
10
0
20
-246.888
40
1.778
1
*GATEPIN:= 0 9 79 <>
0
TEXT
8
PKG_INFO
10
0
20
-249.936
40
1.778
1
*GATEPIN:= 0 9 80 <>
0
TEXT
8
PKG_INFO
10
0
20
-252.984
40
1.778
1
*GATEPIN:= 0 9 81 <>
0
TEXT
8
PKG_INFO
10
0
20
-256.032
40
1.778
1
*GATEPIN:= 0 9 82 <>
0
TEXT
8
PKG_INFO
10
0
20
-259.08
40
1.778
1
*GATEPIN:= 0 9 83 <>
0
TEXT
8
PKG_INFO
10
0
20
-262.128
40
1.778
1
*GATEPIN:= 0 9 84 <>
0
TEXT
8
PKG_INFO
10
0
20
-265.176
40
1.778
1
*GATEPIN:= 0 9 85 <>
0
TEXT
8
PKG_INFO
10
0
20
-268.224
40
1.778
1
*GATEPIN:= 0 9 86 <>
0
TEXT
8
PKG_INFO
10
0
20
-271.272
40
1.778
1
*GATEPIN:= 0 9 87 <>
0
TEXT
8
PKG_INFO
10
0
20
-274.32
40
1.778
1
*GATEPIN:= 0 9 88 <>
0
TEXT
8
PKG_INFO
10
0
20
-277.368
40
1.778
1
*GATEPIN:= 0 9 89 <>
0
TEXT
8
PKG_INFO
10
0
20
-280.416
40
1.778
1
*GATEPIN:= 0 9 90 <>
0
TEXT
8
PKG_INFO
10
0
20
-283.464
40
1.778
1
*GATEPIN:= 0 9 91 <>
0
TEXT
8
PKG_INFO
10
0
20
-286.512
40
1.778
1
*GATEPIN:= 0 9 92 <>
0
TEXT
8
PKG_INFO
10
0
20
-289.56
40
1.778
1
*GATEPIN:= 0 9 93 <>
0
TEXT
8
PKG_INFO
10
0
20
-292.608
40
1.778
1
*GATEPIN:= 0 9 94 <>
0
TEXT
8
PKG_INFO
10
0
20
-295.656
40
1.778
1
*GATEPIN:= 0 9 95 <>
0
TEXT
8
PKG_INFO
10
0
20
-298.704
40
1.778
1
*GATEPIN:= 0 9 96 <>
0
TEXT
8
PKG_INFO
10
0
20
-301.752
40
1.778
1
*GATEPIN:= 0 9 97 <>
0
TEXT
8
PKG_INFO
10
0
20
-304.8
40
1.778
1
*GATEPIN:= 0 9 98 <>
0
TEXT
8
PKG_INFO
10
0
20
-307.848
40
1.778
1
*GATEPIN:= 0 9 99 <>
0
TEXT
8
PKG_INFO
10
0
20
-310.896
40
1.778
1
*GATEPIN:= 0 9 100 <>
0
TEXT
8
PKG_INFO
10
0
20
-313.944
40
1.778
1
*GATEPIN:= 0 9 101 <>
0
TEXT
8
PKG_INFO
10
0
20
-316.992
40
1.778
1
*GATEPIN:= 0 9 102 <>
0
TEXT
8
PKG_INFO
10
0
20
-320.04
40
1.778
1
*GATEPIN:= 0 9 103 <>
0
TEXT
8
PKG_INFO
10
0
20
-323.088
40
1.778
1
*GATEPIN:= 0 9 104 <>
0
TEXT
8
PKG_INFO
10
0
20
-326.136
40
1.778
1
*GATEPIN:= 0 9 105 <>
0
TEXT
8
PKG_INFO
10
0
20
-329.184
40
1.778
1
*GATEPIN:= 0 9 106 <>
0
TEXT
8
PKG_INFO
10
0
20
-332.232
40
1.778
1
*GATEPIN:= 0 9 107 <>
0
TEXT
8
PKG_INFO
10
0
20
-335.28
40
1.778
1
*GATEPIN:= 0 9 108 <>
0
TEXT
8
PKG_INFO
10
0
20
-338.328
40
1.778
1
*GATEPIN:= 0 9 109 <>
0
TEXT
8
PKG_INFO
10
0
20
-341.376
40
1.778
1
*GATEPIN:= 0 9 110 <>
0
TEXT
8
PKG_INFO
10
0
20
-344.424
40
1.778
1
*GATEPIN:= 0 9 111 <>
0
TEXT
8
PKG_INFO
10
0
20
-347.472
40
1.778
1
*GATEPIN:= 0 9 112 <>
0
TEXT
8
PKG_INFO
10
0
20
-350.52
40
1.778
1
*GATEPIN:= 0 9 113 <>
0
TEXT
8
PKG_INFO
10
0
20
-353.568
40
1.778
1
*GATEPIN:= 0 9 114 <>
0
TEXT
8
PKG_INFO
10
0
20
-356.616
40
1.778
1
*GATEPIN:= 0 9 115 <>
0
TEXT
8
PKG_INFO
10
0
20
-359.664
40
1.778
1
*GATEPIN:= 0 9 116 <>
0
TEXT
8
PKG_INFO
10
0
20
-362.712
40
1.778
1
*GATEPIN:= 0 9 117 <>
0
TEXT
8
PKG_INFO
10
0
20
-365.76
40
1.778
1
*GATEPIN:= 0 9 118 <>
0
TEXT
8
PKG_INFO
10
0
20
-368.808
40
1.778
1
*GATEPIN:= 0 9 119 <>
0
TEXT
8
PKG_INFO
10
0
20
-371.856
40
1.778
1
*GATEPIN:= 0 9 120 <>
0
TEXT
8
PKG_INFO
10
0
20
-374.904
40
1.778
1
*GATEPIN:= 0 9 121 <>
0
TEXT
8
PKG_INFO
10
0
20
-377.952
40
1.778
1
*GATEPIN:= 0 9 122 <>
0
TEXT
8
PKG_INFO
10
0
20
-381
40
1.778
1
*GATEPIN:= 0 9 123 <>
0
TEXT
8
PKG_INFO
10
0
20
-384.048
40
1.778
1
*GATEPIN:= 0 9 124 <>
0
ENDBLK
0
BLOCK
2
SYM_TOP_35
8
0
10
0
20
0
3
SYM_TOP_35
70
64
0
TEXT
8
SYM_NAME
10
0
20
0
40
1.778
1
BGA169_18R00X14R00X1R20
41
0.75
0
TEXT
8
SYM_PART_TYPE_01
10
-5.5
20
10
40
0.889
1
 
73
2
11
-5.5
21
10
41
0.75
7
W0$127R0
0
TEXT
8
SYM_PART_NAME_01
10
-5.5
20
10
40
0.889
1
 
41
0.75
7
W0$127R0
0
INSERT
2
PART_BODY_TOP_74
8
0
10
0
20
0
0
INSERT
2
STK_TOP_58
8
0
10
-1.75
20
6.75
0
TEXT
8
SYM_TERMINAL
10
0
20
-3.048
40
1.778
1
1
0
INSERT
2
STK_TOP_58
8
0
10
-0.75
20
6.75
0
TEXT
8
SYM_TERMINAL
10
0
20
-6.096
40
1.778
1
2
0
INSERT
2
STK_TOP_58
8
0
10
0.75
20
6.75
0
TEXT
8
SYM_TERMINAL
10
0
20
-9.144
40
1.778
1
3
0
INSERT
2
STK_TOP_58
8
0
10
1.75
20
6.75
0
TEXT
8
SYM_TERMINAL
10
0
20
-12.192
40
1.778
1
4
0
INSERT
2
STK_TOP_58
8
0
10
-2.75
20
6.25
0
TEXT
8
SYM_TERMINAL
10
0
20
-15.24
40
1.778
1
5
0
INSERT
2
STK_TOP_58
8
0
10
2.75
20
6.25
0
TEXT
8
SYM_TERMINAL
10
0
20
-18.288
40
1.778
1
6
0
INSERT
2
STK_TOP_58
8
0
10
-3.25
20
5.25
0
TEXT
8
SYM_TERMINAL
10
0
20
-21.336
40
1.778
1
7
0
INSERT
2
STK_TOP_58
8
0
10
3.25
20
5.25
0
TEXT
8
SYM_TERMINAL
10
0
20
-24.384
40
1.778
1
8
0
INSERT
2
STK_TOP_59
8
0
10
-3.25
20
3.25
0
TEXT
8
SYM_TERMINAL
10
0
20
-27.432
40
1.778
1
9
0
INSERT
2
STK_TOP_60
8
0
10
-2.75
20
3.25
0
TEXT
8
SYM_TERMINAL
10
0
20
-30.48
40
1.778
1
10
0
INSERT
2
STK_TOP_60
8
0
10
-2.25
20
3.25
0
TEXT
8
SYM_TERMINAL
10
0
20
-33.528
40
1.778
1
11
0
INSERT
2
STK_TOP_60
8
0
10
-1.75
20
3.25
0
TEXT
8
SYM_TERMINAL
10
0
20
-36.576
40
1.778
1
12
0
INSERT
2
STK_TOP_60
8
0
10
-1.25
20
3.25
0
TEXT
8
SYM_TERMINAL
10
0
20
-39.624
40
1.778
1
13
0
INSERT
2
STK_TOP_60
8
0
10
-0.75
20
3.25
0
TEXT
8
SYM_TERMINAL
10
0
20
-42.672
40
1.778
1
14
0
INSERT
2
STK_TOP_58
8
0
10
-0.25
20
3.25
0
TEXT
8
SYM_TERMINAL
10
0
20
-45.72
40
1.778
1
15
0
INSERT
2
STK_TOP_58
8
0
10
0.25
20
3.25
0
TEXT
8
SYM_TERMINAL
10
0
20
-48.768
40
1.778
1
16
0
INSERT
2
STK_TOP_58
8
0
10
0.75
20
3.25
0
TEXT
8
SYM_TERMINAL
10
0
20
-51.816
40
1.778
1
17
0
INSERT
2
STK_TOP_58
8
0
10
1.25
20
3.25
0
TEXT
8
SYM_TERMINAL
10
0
20
-54.864
40
1.778
1
18
0
INSERT
2
STK_TOP_58
8
0
10
1.75
20
3.25
0
TEXT
8
SYM_TERMINAL
10
0
20
-57.912
40
1.778
1
19
0
INSERT
2
STK_TOP_58
8
0
10
2.25
20
3.25
0
TEXT
8
SYM_TERMINAL
10
0
20
-60.96
40
1.778
1
20
0
INSERT
2
STK_TOP_58
8
0
10
2.75
20
3.25
0
TEXT
8
SYM_TERMINAL
10
0
20
-64.008
40
1.778
1
21
0
INSERT
2
STK_TOP_58
8
0
10
3.25
20
3.25
0
TEXT
8
SYM_TERMINAL
10
0
20
-67.056
40
1.778
1
22
0
INSERT
2
STK_TOP_59
8
0
10
-3.25
20
2.75
0
TEXT
8
SYM_TERMINAL
10
0
20
-70.104
40
1.778
1
23
0
INSERT
2
STK_TOP_58
8
0
10
-2.75
20
2.75
0
TEXT
8
SYM_TERMINAL
10
0
20
-73.152
40
1.778
1
24
0
INSERT
2
STK_TOP_58
8
0
10
-2.25
20
2.75
0
TEXT
8
SYM_TERMINAL
10
0
20
-76.2
40
1.778
1
25
0
INSERT
2
STK_TOP_58
8
0
10
-1.75
20
2.75
0
TEXT
8
SYM_TERMINAL
10
0
20
-79.248
40
1.778
1
26
0
INSERT
2
STK_TOP_58
8
0
10
-1.25
20
2.75
0
TEXT
8
SYM_TERMINAL
10
0
20
-82.296
40
1.778
1
27
0
INSERT
2
STK_TOP_58
8
0
10
-0.75
20
2.75
0
TEXT
8
SYM_TERMINAL
10
0
20
-85.344
40
1.778
1
28
0
INSERT
2
STK_TOP_58
8
0
10
-0.25
20
2.75
0
TEXT
8
SYM_TERMINAL
10
0
20
-88.392
40
1.778
1
29
0
INSERT
2
STK_TOP_58
8
0
10
0.25
20
2.75
0
TEXT
8
SYM_TERMINAL
10
0
20
-91.44
40
1.778
1
30
0
INSERT
2
STK_TOP_58
8
0
10
0.75
20
2.75
0
TEXT
8
SYM_TERMINAL
10
0
20
-94.488
40
1.778
1
31
0
INSERT
2
STK_TOP_58
8
0
10
1.25
20
2.75
0
TEXT
8
SYM_TERMINAL
10
0
20
-97.536
40
1.778
1
32
0
INSERT
2
STK_TOP_58
8
0
10
1.75
20
2.75
0
TEXT
8
SYM_TERMINAL
10
0
20
-100.584
40
1.778
1
33
0
INSERT
2
STK_TOP_58
8
0
10
2.25
20
2.75
0
TEXT
8
SYM_TERMINAL
10
0
20
-103.632
40
1.778
1
34
0
INSERT
2
STK_TOP_58
8
0
10
2.75
20
2.75
0
TEXT
8
SYM_TERMINAL
10
0
20
-106.68
40
1.778
1
35
0
INSERT
2
STK_TOP_58
8
0
10
3.25
20
2.75
0
TEXT
8
SYM_TERMINAL
10
0
20
-109.728
40
1.778
1
36
0
INSERT
2
STK_TOP_59
8
0
10
-3.25
20
2.25
0
TEXT
8
SYM_TERMINAL
10
0
20
-112.776
40
1.778
1
37
0
INSERT
2
STK_TOP_58
8
0
10
-2.75
20
2.25
0
TEXT
8
SYM_TERMINAL
10
0
20
-115.824
40
1.778
1
38
0
INSERT
2
STK_TOP_58
8
0
10
-2.25
20
2.25
0
TEXT
8
SYM_TERMINAL
10
0
20
-118.872
40
1.778
1
39
0
INSERT
2
STK_TOP_58
8
0
10
-1.75
20
2.25
0
TEXT
8
SYM_TERMINAL
10
0
20
-121.92
40
1.778
1
40
0
INSERT
2
STK_TOP_58
8
0
10
-1.25
20
2.25
0
TEXT
8
SYM_TERMINAL
10
0
20
-124.968
40
1.778
1
41
0
INSERT
2
STK_TOP_58
8
0
10
-0.75
20
2.25
0
TEXT
8
SYM_TERMINAL
10
0
20
-128.016
40
1.778
1
42
0
INSERT
2
STK_TOP_58
8
0
10
-0.25
20
2.25
0
TEXT
8
SYM_TERMINAL
10
0
20
-131.064
40
1.778
1
43
0
INSERT
2
STK_TOP_58
8
0
10
0.25
20
2.25
0
TEXT
8
SYM_TERMINAL
10
0
20
-134.112
40
1.778
1
44
0
INSERT
2
STK_TOP_58
8
0
10
0.75
20
2.25
0
TEXT
8
SYM_TERMINAL
10
0
20
-137.16
40
1.778
1
45
0
INSERT
2
STK_TOP_58
8
0
10
1.25
20
2.25
0
TEXT
8
SYM_TERMINAL
10
0
20
-140.208
40
1.778
1
46
0
INSERT
2
STK_TOP_58
8
0
10
1.75
20
2.25
0
TEXT
8
SYM_TERMINAL
10
0
20
-143.256
40
1.778
1
47
0
INSERT
2
STK_TOP_58
8
0
10
2.25
20
2.25
0
TEXT
8
SYM_TERMINAL
10
0
20
-146.304
40
1.778
1
48
0
INSERT
2
STK_TOP_58
8
0
10
2.75
20
2.25
0
TEXT
8
SYM_TERMINAL
10
0
20
-149.352
40
1.778
1
49
0
INSERT
2
STK_TOP_58
8
0
10
3.25
20
2.25
0
TEXT
8
SYM_TERMINAL
10
0
20
-152.4
40
1.778
1
50
0
INSERT
2
STK_TOP_59
8
0
10
-3.25
20
1.75
0
TEXT
8
SYM_TERMINAL
10
0
20
-155.448
40
1.778
1
51
0
INSERT
2
STK_TOP_58
8
0
10
-2.75
20
1.75
0
TEXT
8
SYM_TERMINAL
10
0
20
-158.496
40
1.778
1
52
0
INSERT
2
STK_TOP_58
8
0
10
-2.25
20
1.75
0
TEXT
8
SYM_TERMINAL
10
0
20
-161.544
40
1.778
1
53
0
INSERT
2
STK_TOP_58
8
0
10
-1.75
20
1.75
0
TEXT
8
SYM_TERMINAL
10
0
20
-164.592
40
1.778
1
54
0
INSERT
2
STK_TOP_58
8
0
10
2.25
20
1.75
0
TEXT
8
SYM_TERMINAL
10
0
20
-167.64
40
1.778
1
55
0
INSERT
2
STK_TOP_58
8
0
10
2.75
20
1.75
0
TEXT
8
SYM_TERMINAL
10
0
20
-170.688
40
1.778
1
56
0
INSERT
2
STK_TOP_58
8
0
10
3.25
20
1.75
0
TEXT
8
SYM_TERMINAL
10
0
20
-173.736
40
1.778
1
57
0
INSERT
2
STK_TOP_59
8
0
10
-3.25
20
1.25
0
TEXT
8
SYM_TERMINAL
10
0
20
-176.784
40
1.778
1
58
0
INSERT
2
STK_TOP_58
8
0
10
-2.75
20
1.25
0
TEXT
8
SYM_TERMINAL
10
0
20
-179.832
40
1.778
1
59
0
INSERT
2
STK_TOP_58
8
0
10
-2.25
20
1.25
0
TEXT
8
SYM_TERMINAL
10
0
20
-182.88
40
1.778
1
60
0
INSERT
2
STK_TOP_58
8
0
10
-1.25
20
1.25
0
TEXT
8
SYM_TERMINAL
10
0
20
-185.928
40
1.778
1
61
0
INSERT
2
STK_TOP_58
8
0
10
-0.75
20
1.25
0
TEXT
8
SYM_TERMINAL
10
0
20
-188.976
40
1.778
1
62
0
INSERT
2
STK_TOP_58
8
0
10
-0.25
20
1.25
0
TEXT
8
SYM_TERMINAL
10
0
20
-192.024
40
1.778
1
63
0
INSERT
2
STK_TOP_58
8
0
10
0.25
20
1.25
0
TEXT
8
SYM_TERMINAL
10
0
20
-195.072
40
1.778
1
64
0
INSERT
2
STK_TOP_58
8
0
10
0.75
20
1.25
0
TEXT
8
SYM_TERMINAL
10
0
20
-198.12
40
1.778
1
65
0
INSERT
2
STK_TOP_58
8
0
10
1.25
20
1.25
0
TEXT
8
SYM_TERMINAL
10
0
20
-201.168
40
1.778
1
66
0
INSERT
2
STK_TOP_58
8
0
10
2.25
20
1.25
0
TEXT
8
SYM_TERMINAL
10
0
20
-204.216
40
1.778
1
67
0
INSERT
2
STK_TOP_58
8
0
10
2.75
20
1.25
0
TEXT
8
SYM_TERMINAL
10
0
20
-207.264
40
1.778
1
68
0
INSERT
2
STK_TOP_58
8
0
10
3.25
20
1.25
0
TEXT
8
SYM_TERMINAL
10
0
20
-210.312
40
1.778
1
69
0
INSERT
2
STK_TOP_58
8
0
10
-3.25
20
0.75
0
TEXT
8
SYM_TERMINAL
10
0
20
-213.36
40
1.778
1
70
0
INSERT
2
STK_TOP_58
8
0
10
-2.75
20
0.75
0
TEXT
8
SYM_TERMINAL
10
0
20
-216.408
40
1.778
1
71
0
INSERT
2
STK_TOP_58
8
0
10
-2.25
20
0.75
0
TEXT
8
SYM_TERMINAL
10
0
20
-219.456
40
1.778
1
72
0
INSERT
2
STK_TOP_58
8
0
10
-1.25
20
0.75
0
TEXT
8
SYM_TERMINAL
10
0
20
-222.504
40
1.778
1
73
0
INSERT
2
STK_TOP_58
8
0
10
1.25
20
0.75
0
TEXT
8
SYM_TERMINAL
10
0
20
-225.552
40
1.778
1
74
0
INSERT
2
STK_TOP_58
8
0
10
2.25
20
0.75
0
TEXT
8
SYM_TERMINAL
10
0
20
-228.6
40
1.778
1
75
0
INSERT
2
STK_TOP_58
8
0
10
2.75
20
0.75
0
TEXT
8
SYM_TERMINAL
10
0
20
-231.648
40
1.778
1
76
0
INSERT
2
STK_TOP_58
8
0
10
3.25
20
0.75
0
TEXT
8
SYM_TERMINAL
10
0
20
-234.696
40
1.778
1
77
0
INSERT
2
STK_TOP_58
8
0
10
-3.25
20
0.25
0
TEXT
8
SYM_TERMINAL
10
0
20
-237.744
40
1.778
1
78
0
INSERT
2
STK_TOP_58
8
0
10
-2.75
20
0.25
0
TEXT
8
SYM_TERMINAL
10
0
20
-240.792
40
1.778
1
79
0
INSERT
2
STK_TOP_58
8
0
10
-2.25
20
0.25
0
TEXT
8
SYM_TERMINAL
10
0
20
-243.84
40
1.778
1
80
0
INSERT
2
STK_TOP_58
8
0
10
-1.25
20
0.25
0
TEXT
8
SYM_TERMINAL
10
0
20
-246.888
40
1.778
1
81
0
INSERT
2
STK_TOP_58
8
0
10
1.25
20
0.25
0
TEXT
8
SYM_TERMINAL
10
0
20
-249.936
40
1.778
1
82
0
INSERT
2
STK_TOP_58
8
0
10
2.25
20
0.25
0
TEXT
8
SYM_TERMINAL
10
0
20
-252.984
40
1.778
1
83
0
INSERT
2
STK_TOP_58
8
0
10
2.75
20
0.25
0
TEXT
8
SYM_TERMINAL
10
0
20
-256.032
40
1.778
1
84
0
INSERT
2
STK_TOP_58
8
0
10
3.25
20
0.25
0
TEXT
8
SYM_TERMINAL
10
0
20
-259.08
40
1.778
1
85
0
INSERT
2
STK_TOP_58
8
0
10
-3.25
20
-0.25
0
TEXT
8
SYM_TERMINAL
10
0
20
-262.128
40
1.778
1
86
0
INSERT
2
STK_TOP_58
8
0
10
-2.75
20
-0.25
0
TEXT
8
SYM_TERMINAL
10
0
20
-265.176
40
1.778
1
87
0
INSERT
2
STK_TOP_58
8
0
10
-2.25
20
-0.25
0
TEXT
8
SYM_TERMINAL
10
0
20
-268.224
40
1.778
1
88
0
INSERT
2
STK_TOP_58
8
0
10
-1.25
20
-0.25
0
TEXT
8
SYM_TERMINAL
10
0
20
-271.272
40
1.778
1
89
0
INSERT
2
STK_TOP_58
8
0
10
1.25
20
-0.25
0
TEXT
8
SYM_TERMINAL
10
0
20
-274.32
40
1.778
1
90
0
INSERT
2
STK_TOP_58
8
0
10
2.25
20
-0.25
0
TEXT
8
SYM_TERMINAL
10
0
20
-277.368
40
1.778
1
91
0
INSERT
2
STK_TOP_58
8
0
10
2.75
20
-0.25
0
TEXT
8
SYM_TERMINAL
10
0
20
-280.416
40
1.778
1
92
0
INSERT
2
STK_TOP_58
8
0
10
3.25
20
-0.25
0
TEXT
8
SYM_TERMINAL
10
0
20
-283.464
40
1.778
1
93
0
INSERT
2
STK_TOP_58
8
0
10
-3.25
20
-0.75
0
TEXT
8
SYM_TERMINAL
10
0
20
-286.512
40
1.778
1
94
0
INSERT
2
STK_TOP_58
8
0
10
-2.75
20
-0.75
0
TEXT
8
SYM_TERMINAL
10
0
20
-289.56
40
1.778
1
95
0
INSERT
2
STK_TOP_58
8
0
10
-2.25
20
-0.75
0
TEXT
8
SYM_TERMINAL
10
0
20
-292.608
40
1.778
1
96
0
INSERT
2
STK_TOP_58
8
0
10
-1.25
20
-0.75
0
TEXT
8
SYM_TERMINAL
10
0
20
-295.656
40
1.778
1
97
0
INSERT
2
STK_TOP_58
8
0
10
1.25
20
-0.75
0
TEXT
8
SYM_TERMINAL
10
0
20
-298.704
40
1.778
1
98
0
INSERT
2
STK_TOP_58
8
0
10
2.25
20
-0.75
0
TEXT
8
SYM_TERMINAL
10
0
20
-301.752
40
1.778
1
99
0
INSERT
2
STK_TOP_58
8
0
10
2.75
20
-0.75
0
TEXT
8
SYM_TERMINAL
10
0
20
-304.8
40
1.778
1
100
0
INSERT
2
STK_TOP_58
8
0
10
3.25
20
-0.75
0
TEXT
8
SYM_TERMINAL
10
0
20
-307.848
40
1.778
1
101
0
INSERT
2
STK_TOP_58
8
0
10
-3.25
20
-1.25
0
TEXT
8
SYM_TERMINAL
10
0
20
-310.896
40
1.778
1
102
0
INSERT
2
STK_TOP_58
8
0
10
-2.75
20
-1.25
0
TEXT
8
SYM_TERMINAL
10
0
20
-313.944
40
1.778
1
103
0
INSERT
2
STK_TOP_58
8
0
10
-2.25
20
-1.25
0
TEXT
8
SYM_TERMINAL
10
0
20
-316.992
40
1.778
1
104
0
INSERT
2
STK_TOP_58
8
0
10
-1.25
20
-1.25
0
TEXT
8
SYM_TERMINAL
10
0
20
-320.04
40
1.778
1
105
0
INSERT
2
STK_TOP_58
8
0
10
-0.75
20
-1.25
0
TEXT
8
SYM_TERMINAL
10
0
20
-323.088
40
1.778
1
106
0
INSERT
2
STK_TOP_58
8
0
10
-0.25
20
-1.25
0
TEXT
8
SYM_TERMINAL
10
0
20
-326.136
40
1.778
1
107
0
INSERT
2
STK_TOP_58
8
0
10
0.25
20
-1.25
0
TEXT
8
SYM_TERMINAL
10
0
20
-329.184
40
1.778
1
108
0
INSERT
2
STK_TOP_58
8
0
10
0.75
20
-1.25
0
TEXT
8
SYM_TERMINAL
10
0
20
-332.232
40
1.778
1
109
0
INSERT
2
STK_TOP_58
8
0
10
1.25
20
-1.25
0
TEXT
8
SYM_TERMINAL
10
0
20
-335.28
40
1.778
1
110
0
INSERT
2
STK_TOP_58
8
0
10
2.25
20
-1.25
0
TEXT
8
SYM_TERMINAL
10
0
20
-338.328
40
1.778
1
111
0
INSERT
2
STK_TOP_58
8
0
10
2.75
20
-1.25
0
TEXT
8
SYM_TERMINAL
10
0
20
-341.376
40
1.778
1
112
0
INSERT
2
STK_TOP_58
8
0
10
3.25
20
-1.25
0
TEXT
8
SYM_TERMINAL
10
0
20
-344.424
40
1.778
1
113
0
INSERT
2
STK_TOP_58
8
0
10
-3.25
20
-1.75
0
TEXT
8
SYM_TERMINAL
10
0
20
-347.472
40
1.778
1
114
0
INSERT
2
STK_TOP_58
8
0
10
-2.75
20
-1.75
0
TEXT
8
SYM_TERMINAL
10
0
20
-350.52
40
1.778
1
115
0
INSERT
2
STK_TOP_58
8
0
10
-2.25
20
-1.75
0
TEXT
8
SYM_TERMINAL
10
0
20
-353.568
40
1.778
1
116
0
INSERT
2
STK_TOP_58
8
0
10
2.25
20
-1.75
0
TEXT
8
SYM_TERMINAL
10
0
20
-356.616
40
1.778
1
117
0
INSERT
2
STK_TOP_58
8
0
10
2.75
20
-1.75
0
TEXT
8
SYM_TERMINAL
10
0
20
-359.664
40
1.778
1
118
0
INSERT
2
STK_TOP_58
8
0
10
3.25
20
-1.75
0
TEXT
8
SYM_TERMINAL
10
0
20
-362.712
40
1.778
1
119
0
INSERT
2
STK_TOP_58
8
0
10
-3.25
20
-2.25
0
TEXT
8
SYM_TERMINAL
10
0
20
-365.76
40
1.778
1
120
0
INSERT
2
STK_TOP_58
8
0
10
-2.75
20
-2.25
0
TEXT
8
SYM_TERMINAL
10
0
20
-368.808
40
1.778
1
121
0
INSERT
2
STK_TOP_58
8
0
10
-2.25
20
-2.25
0
TEXT
8
SYM_TERMINAL
10
0
20
-371.856
40
1.778
1
122
0
INSERT
2
STK_TOP_58
8
0
10
-1.75
20
-2.25
0
TEXT
8
SYM_TERMINAL
10
0
20
-374.904
40
1.778
1
123
0
INSERT
2
STK_TOP_58
8
0
10
-1.25
20
-2.25
0
TEXT
8
SYM_TERMINAL
10
0
20
-377.952
40
1.778
1
124
0
INSERT
2
STK_TOP_58
8
0
10
-0.75
20
-2.25
0
TEXT
8
SYM_TERMINAL
10
0
20
-381
40
1.778
1
125
0
INSERT
2
STK_TOP_58
8
0
10
-0.25
20
-2.25
0
TEXT
8
SYM_TERMINAL
10
0
20
-384.048
40
1.778
1
126
0
INSERT
2
STK_TOP_58
8
0
10
0.25
20
-2.25
0
TEXT
8
SYM_TERMINAL
10
0
20
-387.096
40
1.778
1
127
0
INSERT
2
STK_TOP_58
8
0
10
0.75
20
-2.25
0
TEXT
8
SYM_TERMINAL
10
0
20
-390.144
40
1.778
1
128
0
INSERT
2
STK_TOP_58
8
0
10
1.25
20
-2.25
0
TEXT
8
SYM_TERMINAL
10
0
20
-393.192
40
1.778
1
129
0
INSERT
2
STK_TOP_58
8
0
10
1.75
20
-2.25
0
TEXT
8
SYM_TERMINAL
10
0
20
-396.24
40
1.778
1
130
0
INSERT
2
STK_TOP_58
8
0
10
2.25
20
-2.25
0
TEXT
8
SYM_TERMINAL
10
0
20
-399.288
40
1.778
1
131
0
INSERT
2
STK_TOP_58
8
0
10
2.75
20
-2.25
0
TEXT
8
SYM_TERMINAL
10
0
20
-402.336
40
1.778
1
132
0
INSERT
2
STK_TOP_58
8
0
10
3.25
20
-2.25
0
TEXT
8
SYM_TERMINAL
10
0
20
-405.384
40
1.778
1
133
0
INSERT
2
STK_TOP_59
8
0
10
-3.25
20
-2.75
0
TEXT
8
SYM_TERMINAL
10
0
20
-408.432
40
1.778
1
134
0
INSERT
2
STK_TOP_58
8
0
10
-2.75
20
-2.75
0
TEXT
8
SYM_TERMINAL
10
0
20
-411.48
40
1.778
1
135
0
INSERT
2
STK_TOP_58
8
0
10
-2.25
20
-2.75
0
TEXT
8
SYM_TERMINAL
10
0
20
-414.528
40
1.778
1
136
0
INSERT
2
STK_TOP_58
8
0
10
-1.75
20
-2.75
0
TEXT
8
SYM_TERMINAL
10
0
20
-417.576
40
1.778
1
137
0
INSERT
2
STK_TOP_58
8
0
10
-1.25
20
-2.75
0
TEXT
8
SYM_TERMINAL
10
0
20
-420.624
40
1.778
1
138
0
INSERT
2
STK_TOP_58
8
0
10
-0.75
20
-2.75
0
TEXT
8
SYM_TERMINAL
10
0
20
-423.672
40
1.778
1
139
0
INSERT
2
STK_TOP_58
8
0
10
-0.25
20
-2.75
0
TEXT
8
SYM_TERMINAL
10
0
20
-426.72
40
1.778
1
140
0
INSERT
2
STK_TOP_58
8
0
10
0.25
20
-2.75
0
TEXT
8
SYM_TERMINAL
10
0
20
-429.768
40
1.778
1
141
0
INSERT
2
STK_TOP_58
8
0
10
0.75
20
-2.75
0
TEXT
8
SYM_TERMINAL
10
0
20
-432.816
40
1.778
1
142
0
INSERT
2
STK_TOP_58
8
0
10
1.25
20
-2.75
0
TEXT
8
SYM_TERMINAL
10
0
20
-435.864
40
1.778
1
143
0
INSERT
2
STK_TOP_58
8
0
10
1.75
20
-2.75
0
TEXT
8
SYM_TERMINAL
10
0
20
-438.912
40
1.778
1
144
0
INSERT
2
STK_TOP_58
8
0
10
2.25
20
-2.75
0
TEXT
8
SYM_TERMINAL
10
0
20
-441.96
40
1.778
1
145
0
INSERT
2
STK_TOP_58
8
0
10
2.75
20
-2.75
0
TEXT
8
SYM_TERMINAL
10
0
20
-445.008
40
1.778
1
146
0
INSERT
2
STK_TOP_58
8
0
10
3.25
20
-2.75
0
TEXT
8
SYM_TERMINAL
10
0
20
-448.056
40
1.778
1
147
0
INSERT
2
STK_TOP_59
8
0
10
-3.25
20
-3.25
0
TEXT
8
SYM_TERMINAL
10
0
20
-451.104
40
1.778
1
148
0
INSERT
2
STK_TOP_58
8
0
10
-2.75
20
-3.25
0
TEXT
8
SYM_TERMINAL
10
0
20
-454.152
40
1.778
1
149
0
INSERT
2
STK_TOP_58
8
0
10
-2.25
20
-3.25
0
TEXT
8
SYM_TERMINAL
10
0
20
-457.2
40
1.778
1
150
0
INSERT
2
STK_TOP_58
8
0
10
-1.75
20
-3.25
0
TEXT
8
SYM_TERMINAL
10
0
20
-460.248
40
1.778
1
151
0
INSERT
2
STK_TOP_58
8
0
10
-1.25
20
-3.25
0
TEXT
8
SYM_TERMINAL
10
0
20
-463.296
40
1.778
1
152
0
INSERT
2
STK_TOP_58
8
0
10
-0.75
20
-3.25
0
TEXT
8
SYM_TERMINAL
10
0
20
-466.344
40
1.778
1
153
0
INSERT
2
STK_TOP_58
8
0
10
-0.25
20
-3.25
0
TEXT
8
SYM_TERMINAL
10
0
20
-469.392
40
1.778
1
154
0
INSERT
2
STK_TOP_58
8
0
10
0.25
20
-3.25
0
TEXT
8
SYM_TERMINAL
10
0
20
-472.44
40
1.778
1
155
0
INSERT
2
STK_TOP_58
8
0
10
0.75
20
-3.25
0
TEXT
8
SYM_TERMINAL
10
0
20
-475.488
40
1.778
1
156
0
INSERT
2
STK_TOP_58
8
0
10
1.25
20
-3.25
0
TEXT
8
SYM_TERMINAL
10
0
20
-478.536
40
1.778
1
157
0
INSERT
2
STK_TOP_58
8
0
10
1.75
20
-3.25
0
TEXT
8
SYM_TERMINAL
10
0
20
-481.584
40
1.778
1
158
0
INSERT
2
STK_TOP_58
8
0
10
2.25
20
-3.25
0
TEXT
8
SYM_TERMINAL
10
0
20
-484.632
40
1.778
1
159
0
INSERT
2
STK_TOP_58
8
0
10
2.75
20
-3.25
0
TEXT
8
SYM_TERMINAL
10
0
20
-487.68
40
1.778
1
160
0
INSERT
2
STK_TOP_58
8
0
10
3.25
20
-3.25
0
TEXT
8
SYM_TERMINAL
10
0
20
-490.728
40
1.778
1
161
0
INSERT
2
STK_TOP_58
8
0
10
-3.25
20
-5.25
0
TEXT
8
SYM_TERMINAL
10
0
20
-493.776
40
1.778
1
162
0
INSERT
2
STK_TOP_58
8
0
10
3.25
20
-5.25
0
TEXT
8
SYM_TERMINAL
10
0
20
-496.824
40
1.778
1
163
0
INSERT
2
STK_TOP_58
8
0
10
-2.75
20
-6.25
0
TEXT
8
SYM_TERMINAL
10
0
20
-499.872
40
1.778
1
164
0
INSERT
2
STK_TOP_58
8
0
10
2.75
20
-6.25
0
TEXT
8
SYM_TERMINAL
10
0
20
-502.92
40
1.778
1
165
0
INSERT
2
STK_TOP_58
8
0
10
-1.75
20
-6.75
0
TEXT
8
SYM_TERMINAL
10
0
20
-505.968
40
1.778
1
166
0
INSERT
2
STK_TOP_58
8
0
10
-0.75
20
-6.75
0
TEXT
8
SYM_TERMINAL
10
0
20
-509.016
40
1.778
1
167
0
INSERT
2
STK_TOP_58
8
0
10
0.75
20
-6.75
0
TEXT
8
SYM_TERMINAL
10
0
20
-512.064
40
1.778
1
168
0
INSERT
2
STK_TOP_58
8
0
10
1.75
20
-6.75
0
TEXT
8
SYM_TERMINAL
10
0
20
-515.112
40
1.778
1
169
0
ENDBLK
0
BLOCK
2
PKG_31
8
0
10
0
20
0
3
PKG_31
70
64
0
TEXT
8
PKG_INFO
10
0
20
0
40
1.778
1
*SYM:= 35 36
0
TEXT
8
PKG_INFO
10
0
20
-3.048
40
1.778
1
*PKG:= 0 INAND_169 UND
0
TEXT
8
PKG_INFO
10
0
20
-6.096
40
1.778
1
*PINNM:=A4 A6 A9 A11 B2 B13 D1 D14 H1 H2 H3 H4 H5 H6 H7 H8 H9 H10 H11 H12 H13 H14 J1 J2 J3 J4 J5 J6 J7 J8 J9 J10 J11 J12 J13 J14 K1 K2 K3 K4 K5 K6 K7 K8 K9 K10 K11 K12 K13 K14 L1 L2 L3 L4 L12 L13 L14 M1 M2 M3 M5 M6 M7 M8 M9 M10 M12 M13 M14 N1 N2 N3
0
TEXT
8
PKG_INFO
10
0
20
-9.144
40
1.778
1
*PINNM:=N5 N10 N12 N13 N14 P1 P2 P3 P5 P10 P12 P13 P14 R1 R2 R3 R5 R10 R12 R13 R14 T1 T2 T3 T5 T10 T12 T13 T14 U1 U2 U3 U5 U6 U7 U8 U9 U10 U12 U13 U14 V1 V2 V3 V12 V13 V14 W1 W2 W3 W4 W5 W6 W7 W8 W9 W10 W11 W12 W13 W14 Y1 Y2 Y3 Y4 Y5 Y6 Y7 Y8 Y9 Y10
0
TEXT
8
PKG_INFO
10
0
20
-12.192
40
1.778
1
*PINNM:=Y11 Y12 Y13 Y14 AA1 AA2 AA3 AA4 AA5 AA6 AA7 AA8 AA9 AA10 AA11 AA12 AA13 AA14 AE1 AE14 AG2 AG13 AH4 AH6 AH9 AH11
0
ENDBLK
0
BLOCK
2
SYM_TOP_37
8
0
10
0
20
0
3
SYM_TOP_37
70
64
0
TEXT
8
SYM_NAME
10
0
20
0
40
1.778
1
SOT23-5
41
0.75
0
TEXT
8
SYM_ATTRIBUTE_126
10
-1.6383
20
2.1463
40
0.889
1
Comment
41
0.75
7
W0$127R0
0
TEXT
8
SYM_PART_NAME_126
10
-1.6383
20
3.4163
40
0.889
1
 
41
0.75
7
W0$127R0
0
INSERT
2
PART_BODY_TOP_76
8
0
10
0
20
0
0
INSERT
2
STK_TOP_63
8
0
10
-0.95
20
-1.1
0
TEXT
8
SYM_TERMINAL
10
0
20
-3.048
40
1.778
1
1
0
INSERT
2
STK_TOP_63
8
0
10
0
20
-1.1
0
TEXT
8
SYM_TERMINAL
10
0
20
-6.096
40
1.778
1
2
0
INSERT
2
STK_TOP_63
8
0
10
0.95
20
-1.1
0
TEXT
8
SYM_TERMINAL
10
0
20
-9.144
40
1.778
1
3
0
INSERT
2
STK_TOP_63
8
0
10
0.95
20
1.1
0
TEXT
8
SYM_TERMINAL
10
0
20
-12.192
40
1.778
1
4
0
INSERT
2
STK_TOP_63
8
0
10
-0.95
20
1.1
0
TEXT
8
SYM_TERMINAL
10
0
20
-15.24
40
1.778
1
5
0
ENDBLK
0
BLOCK
2
PKG_32
8
0
10
0
20
0
3
PKG_32
70
64
0
TEXT
8
PKG_INFO
10
0
20
0
40
1.778
1
*SYM:= 37
0
TEXT
8
PKG_INFO
10
0
20
-3.048
40
1.778
1
*PKG:= 0 SOT23-5 UND
0
ENDBLK
0
BLOCK
2
SYM_TOP_38
8
0
10
0
20
0
3
SYM_TOP_38
70
64
0
TEXT
8
SYM_NAME
10
0
20
0
40
1.778
1
SSOP28-HUB
41
0.75
0
TEXT
8
SYM_PART_TYPE_01
10
-3.059
20
6.82544
40
1.778
1
 
73
2
11
-3.059
21
6.82544
41
0.75
7
W0$254R0
0
TEXT
8
SYM_PART_NAME_01
10
-3.059
20
6.82544
40
1.778
1
 
41
0.75
7
W0$254R0
0
INSERT
2
PART_BODY_TOP_77
8
0
10
0
20
0
0
INSERT
2
STK_TOP_64
8
0
10
-2.61
20
3.94
0
TEXT
8
SYM_TERMINAL
10
0
20
-3.048
40
1.778
1
1
0
INSERT
2
STK_TOP_64
8
0
10
-2.61
20
3.28976
0
TEXT
8
SYM_TERMINAL
10
0
20
-6.096
40
1.778
1
2
0
INSERT
2
STK_TOP_64
8
0
10
-2.61
20
2.63952
0
TEXT
8
SYM_TERMINAL
10
0
20
-9.144
40
1.778
1
3
0
INSERT
2
STK_TOP_64
8
0
10
-2.61
20
1.98928
0
TEXT
8
SYM_TERMINAL
10
0
20
-12.192
40
1.778
1
4
0
INSERT
2
STK_TOP_64
8
0
10
-2.61
20
1.33904
0
TEXT
8
SYM_TERMINAL
10
0
20
-15.24
40
1.778
1
5
0
INSERT
2
STK_TOP_64
8
0
10
-2.61
20
0.6888
0
TEXT
8
SYM_TERMINAL
10
0
20
-18.288
40
1.778
1
6
0
INSERT
2
STK_TOP_64
8
0
10
-2.61
20
0.03856
0
TEXT
8
SYM_TERMINAL
10
0
20
-21.336
40
1.778
1
7
0
INSERT
2
STK_TOP_64
8
0
10
-2.61
20
-0.61168
0
TEXT
8
SYM_TERMINAL
10
0
20
-24.384
40
1.778
1
8
0
INSERT
2
STK_TOP_64
8
0
10
-2.61
20
-1.26192
0
TEXT
8
SYM_TERMINAL
10
0
20
-27.432
40
1.778
1
9
0
INSERT
2
STK_TOP_64
8
0
10
-2.61
20
-1.91216
0
TEXT
8
SYM_TERMINAL
10
0
20
-30.48
40
1.778
1
10
0
INSERT
2
STK_TOP_64
8
0
10
-2.61
20
-2.5624
0
TEXT
8
SYM_TERMINAL
10
0
20
-33.528
40
1.778
1
11
0
INSERT
2
STK_TOP_64
8
0
10
-2.61
20
-3.21264
0
TEXT
8
SYM_TERMINAL
10
0
20
-36.576
40
1.778
1
12
0
INSERT
2
STK_TOP_64
8
0
10
-2.61
20
-3.86288
0
TEXT
8
SYM_TERMINAL
10
0
20
-39.624
40
1.778
1
13
0
INSERT
2
STK_TOP_64
8
0
10
-2.61
20
-4.51312
0
TEXT
8
SYM_TERMINAL
10
0
20
-42.672
40
1.778
1
14
0
INSERT
2
STK_TOP_64
8
0
10
2.402
20
-4.51312
0
TEXT
8
SYM_TERMINAL
10
0
20
-45.72
40
1.778
1
15
0
INSERT
2
STK_TOP_64
8
0
10
2.402
20
-3.86288
0
TEXT
8
SYM_TERMINAL
10
0
20
-48.768
40
1.778
1
16
0
INSERT
2
STK_TOP_64
8
0
10
2.402
20
-3.21264
0
TEXT
8
SYM_TERMINAL
10
0
20
-51.816
40
1.778
1
17
0
INSERT
2
STK_TOP_64
8
0
10
2.402
20
-2.5624
0
TEXT
8
SYM_TERMINAL
10
0
20
-54.864
40
1.778
1
18
0
INSERT
2
STK_TOP_64
8
0
10
2.402
20
-1.91216
0
TEXT
8
SYM_TERMINAL
10
0
20
-57.912
40
1.778
1
19
0
INSERT
2
STK_TOP_64
8
0
10
2.402
20
-1.26192
0
TEXT
8
SYM_TERMINAL
10
0
20
-60.96
40
1.778
1
20
0
INSERT
2
STK_TOP_64
8
0
10
2.402
20
-0.61168
0
TEXT
8
SYM_TERMINAL
10
0
20
-64.008
40
1.778
1
21
0
INSERT
2
STK_TOP_64
8
0
10
2.402
20
0.03856
0
TEXT
8
SYM_TERMINAL
10
0
20
-67.056
40
1.778
1
22
0
INSERT
2
STK_TOP_64
8
0
10
2.402
20
0.6888
0
TEXT
8
SYM_TERMINAL
10
0
20
-70.104
40
1.778
1
23
0
INSERT
2
STK_TOP_64
8
0
10
2.402
20
1.33904
0
TEXT
8
SYM_TERMINAL
10
0
20
-73.152
40
1.778
1
24
0
INSERT
2
STK_TOP_64
8
0
10
2.402
20
1.98928
0
TEXT
8
SYM_TERMINAL
10
0
20
-76.2
40
1.778
1
25
0
INSERT
2
STK_TOP_64
8
0
10
2.402
20
2.63952
0
TEXT
8
SYM_TERMINAL
10
0
20
-79.248
40
1.778
1
26
0
INSERT
2
STK_TOP_64
8
0
10
2.402
20
3.28976
0
TEXT
8
SYM_TERMINAL
10
0
20
-82.296
40
1.778
1
27
0
INSERT
2
STK_TOP_64
8
0
10
2.402
20
3.94
0
TEXT
8
SYM_TERMINAL
10
0
20
-85.344
40
1.778
1
28
0
ENDBLK
0
BLOCK
2
PKG_33
8
0
10
0
20
0
3
PKG_33
70
64
0
TEXT
8
PKG_INFO
10
0
20
0
40
1.778
1
*SYM:= 38
0
TEXT
8
PKG_INFO
10
0
20
-3.048
40
1.778
1
*PKG:= 0 SSOP28-HUB UND
0
ENDBLK
0
BLOCK
2
SYM_TOP_39
8
0
10
0
20
0
3
SYM_TOP_39
70
64
0
TEXT
8
SYM_NAME
10
0
20
0
40
1.778
1
LORA
41
0.75
0
TEXT
8
SYM_PART_TYPE_01
10
0
20
0
40
0.2667
1
 
73
2
11
0
21
0
41
0.75
7
W0$0381R0
0
TEXT
8
SYM_PART_NAME_01
10
0
20
0
40
0.2667
1
 
41
0.75
7
W0$0381R0
0
INSERT
2
PART_BODY_TOP_78
8
0
10
0
20
0
0
INSERT
2
STK_TOP_65
8
0
10
0
20
0
0
TEXT
8
SYM_TERMINAL
10
0
20
-3.048
40
1.778
1
1
0
INSERT
2
STK_TOP_65
8
0
10
0
20
-2
0
TEXT
8
SYM_TERMINAL
10
0
20
-6.096
40
1.778
1
2
0
INSERT
2
STK_TOP_65
8
0
10
0
20
-4
0
TEXT
8
SYM_TERMINAL
10
0
20
-9.144
40
1.778
1
3
0
INSERT
2
STK_TOP_65
8
0
10
0
20
-6
0
TEXT
8
SYM_TERMINAL
10
0
20
-12.192
40
1.778
1
4
0
INSERT
2
STK_TOP_65
8
0
10
0
20
-8
0
TEXT
8
SYM_TERMINAL
10
0
20
-15.24
40
1.778
1
5
0
INSERT
2
STK_TOP_65
8
0
10
0
20
-10
0
TEXT
8
SYM_TERMINAL
10
0
20
-18.288
40
1.778
1
6
0
INSERT
2
STK_TOP_65
8
0
10
0
20
-12
0
TEXT
8
SYM_TERMINAL
10
0
20
-21.336
40
1.778
1
7
0
INSERT
2
STK_TOP_65
8
0
10
0
20
-14
0
TEXT
8
SYM_TERMINAL
10
0
20
-24.384
40
1.778
1
8
0
INSERT
2
STK_TOP_65
8
0
10
16
20
-14
0
TEXT
8
SYM_TERMINAL
10
0
20
-27.432
40
1.778
1
9
0
INSERT
2
STK_TOP_65
8
0
10
16
20
-12
0
TEXT
8
SYM_TERMINAL
10
0
20
-30.48
40
1.778
1
10
0
INSERT
2
STK_TOP_65
8
0
10
16
20
-10
0
TEXT
8
SYM_TERMINAL
10
0
20
-33.528
40
1.778
1
11
0
INSERT
2
STK_TOP_65
8
0
10
16
20
-8
0
TEXT
8
SYM_TERMINAL
10
0
20
-36.576
40
1.778
1
12
0
INSERT
2
STK_TOP_65
8
0
10
16
20
-6
0
TEXT
8
SYM_TERMINAL
10
0
20
-39.624
40
1.778
1
13
0
INSERT
2
STK_TOP_65
8
0
10
16
20
-4
0
TEXT
8
SYM_TERMINAL
10
0
20
-42.672
40
1.778
1
14
0
INSERT
2
STK_TOP_65
8
0
10
16
20
-2
0
TEXT
8
SYM_TERMINAL
10
0
20
-45.72
40
1.778
1
15
0
INSERT
2
STK_TOP_65
8
0
10
16
20
0
0
TEXT
8
SYM_TERMINAL
10
0
20
-48.768
40
1.778
1
16
0
ENDBLK
0
BLOCK
2
PKG_34
8
0
10
0
20
0
3
PKG_34
70
64
0
TEXT
8
PKG_INFO
10
0
20
0
40
1.778
1
*SYM:= 39
0
TEXT
8
PKG_INFO
10
0
20
-3.048
40
1.778
1
*PKG:= 0 LORA UND
0
TEXT
8
PKG_INFO
10
0
20
-6.096
40
1.778
1
*GATE:=0
0
TEXT
8
PKG_INFO
10
0
20
-9.144
40
1.778
1
*GATEPIN:= 0 9 1 <>
0
TEXT
8
PKG_INFO
10
0
20
-12.192
40
1.778
1
*GATEPIN:= 0 9 2 <>
0
TEXT
8
PKG_INFO
10
0
20
-15.24
40
1.778
1
*GATEPIN:= 0 9 3 <>
0
TEXT
8
PKG_INFO
10
0
20
-18.288
40
1.778
1
*GATEPIN:= 0 9 4 <>
0
TEXT
8
PKG_INFO
10
0
20
-21.336
40
1.778
1
*GATEPIN:= 0 9 5 <>
0
TEXT
8
PKG_INFO
10
0
20
-24.384
40
1.778
1
*GATEPIN:= 0 9 6 <>
0
TEXT
8
PKG_INFO
10
0
20
-27.432
40
1.778
1
*GATEPIN:= 0 9 7 <>
0
TEXT
8
PKG_INFO
10
0
20
-30.48
40
1.778
1
*GATEPIN:= 0 9 8 <>
0
TEXT
8
PKG_INFO
10
0
20
-33.528
40
1.778
1
*GATEPIN:= 0 9 9 <>
0
TEXT
8
PKG_INFO
10
0
20
-36.576
40
1.778
1
*GATEPIN:= 0 9 10 <>
0
TEXT
8
PKG_INFO
10
0
20
-39.624
40
1.778
1
*GATEPIN:= 0 9 11 <>
0
TEXT
8
PKG_INFO
10
0
20
-42.672
40
1.778
1
*GATEPIN:= 0 9 12 <>
0
TEXT
8
PKG_INFO
10
0
20
-45.72
40
1.778
1
*GATEPIN:= 0 9 13 <>
0
TEXT
8
PKG_INFO
10
0
20
-48.768
40
1.778
1
*GATEPIN:= 0 9 14 <>
0
TEXT
8
PKG_INFO
10
0
20
-51.816
40
1.778
1
*GATEPIN:= 0 9 15 <>
0
TEXT
8
PKG_INFO
10
0
20
-54.864
40
1.778
1
*GATEPIN:= 0 9 16 <>
0
ENDBLK
0
BLOCK
2
SYM_TOP_40
8
0
10
0
20
0
3
SYM_TOP_40
70
64
0
TEXT
8
SYM_NAME
10
0
20
0
40
1.778
1
SOT26
41
0.75
0
TEXT
8
SYM_PART_NAME_126
10
-0.5499986667
20
2.0366986667
40
0.889
1
 
41
0.75
7
W0$127R0
0
TEXT
8
SYM_ATTRIBUTE_126
10
-0.5499986667
20
0.7666986667
40
0.889
1
Comment
41
0.75
7
W0$127R0
0
INSERT
2
PART_BODY_TOP_79
8
0
10
0
20
0
0
INSERT
2
STK_TOP_67
8
0
10
0
20
0
0
TEXT
8
SYM_TERMINAL
10
0
20
-3.048
40
1.778
1
1
0
INSERT
2
STK_TOP_66
8
0
10
0
20
-0.999998
0
TEXT
8
SYM_TERMINAL
10
0
20
-6.096
40
1.778
1
2
0
INSERT
2
STK_TOP_66
8
0
10
0
20
-1.999996
0
TEXT
8
SYM_TERMINAL
10
0
20
-9.144
40
1.778
1
3
0
INSERT
2
STK_TOP_66
8
0
10
2.799994
20
-1.999996
0
TEXT
8
SYM_TERMINAL
10
0
20
-12.192
40
1.778
1
4
0
INSERT
2
STK_TOP_66
8
0
10
2.799994
20
-0.999998
0
TEXT
8
SYM_TERMINAL
10
0
20
-15.24
40
1.778
1
5
0
INSERT
2
STK_TOP_66
8
0
10
2.799994
20
0
0
TEXT
8
SYM_TERMINAL
10
0
20
-18.288
40
1.778
1
6
0
ENDBLK
0
BLOCK
2
PKG_35
8
0
10
0
20
0
3
PKG_35
70
64
0
TEXT
8
PKG_INFO
10
0
20
0
40
1.778
1
*SYM:= 40
0
TEXT
8
PKG_INFO
10
0
20
-3.048
40
1.778
1
*PKG:= 0 SOT26 UND
0
TEXT
8
PKG_INFO
10
0
20
-6.096
40
1.778
1
*GATE:=0
0
TEXT
8
PKG_INFO
10
0
20
-9.144
40
1.778
1
*GATEPIN:= 0 5 1 <>
0
TEXT
8
PKG_INFO
10
0
20
-12.192
40
1.778
1
*GATEPIN:= 0 5 2 <>
0
TEXT
8
PKG_INFO
10
0
20
-15.24
40
1.778
1
*GATEPIN:= 0 5 3 <>
0
TEXT
8
PKG_INFO
10
0
20
-18.288
40
1.778
1
*GATEPIN:= 0 5 4 <>
0
TEXT
8
PKG_INFO
10
0
20
-21.336
40
1.778
1
*GATEPIN:= 0 5 5 <>
0
TEXT
8
PKG_INFO
10
0
20
-24.384
40
1.778
1
*GATEPIN:= 0 5 6 <>
0
ENDBLK
0
BLOCK
2
SYM_TOP_41
8
0
10
0
20
0
3
SYM_TOP_41
70
64
0
TEXT
8
SYM_NAME
10
0
20
0
40
1.778
1
QFN12_2R00X3R00X1R00
41
0.75
0
TEXT
8
SYM_PART_NAME_01
10
-0.892
20
-0.071
40
0.889
1
 
41
0.75
7
W0$127R0
0
TEXT
8
SYM_PART_TYPE_01
10
-0.933
20
-0.1473333333
40
0.889
1
 
73
2
11
-0.933
21
-0.1473333333
41
0.75
7
W0$127R0
0
INSERT
2
PART_BODY_TOP_80
8
0
10
0
20
0
0
INSERT
2
STK_TOP_69
8
0
10
-0.55
20
0.5
0
TEXT
8
SYM_TERMINAL
10
0
20
-3.048
40
1.778
1
1
0
INSERT
2
STK_TOP_69
8
0
10
-0.55
20
-0.5
0
TEXT
8
SYM_TERMINAL
10
0
20
-6.096
40
1.778
1
2
0
INSERT
2
STK_TOP_68
8
0
10
-0.75
20
-1.45
0
TEXT
8
SYM_TERMINAL
10
0
20
-9.144
40
1.778
1
3
0
INSERT
2
STK_TOP_68
8
0
10
-0.25
20
-1.45
0
TEXT
8
SYM_TERMINAL
10
0
20
-12.192
40
1.778
1
4
0
INSERT
2
STK_TOP_68
8
0
10
0.25
20
-1.45
0
TEXT
8
SYM_TERMINAL
10
0
20
-15.24
40
1.778
1
5
0
INSERT
2
STK_TOP_68
8
0
10
0.75
20
-1.45
0
TEXT
8
SYM_TERMINAL
10
0
20
-18.288
40
1.778
1
6
0
INSERT
2
STK_TOP_69
8
0
10
0.55
20
0
0
TEXT
8
SYM_TERMINAL
10
0
20
-21.336
40
1.778
1
7
0
INSERT
2
STK_TOP_70
8
0
10
0.95
20
0.5
0
TEXT
8
SYM_TERMINAL
10
0
20
-24.384
40
1.778
1
8
0
INSERT
2
STK_TOP_68
8
0
10
0.75
20
1.45
0
TEXT
8
SYM_TERMINAL
10
0
20
-27.432
40
1.778
1
9
0
INSERT
2
STK_TOP_68
8
0
10
0.25
20
1.45
0
TEXT
8
SYM_TERMINAL
10
0
20
-30.48
40
1.778
1
10
0
INSERT
2
STK_TOP_68
8
0
10
-0.25
20
1.45
0
TEXT
8
SYM_TERMINAL
10
0
20
-33.528
40
1.778
1
11
0
INSERT
2
STK_TOP_68
8
0
10
-0.75
20
1.45
0
TEXT
8
SYM_TERMINAL
10
0
20
-36.576
40
1.778
1
12
0
ENDBLK
0
BLOCK
2
PKG_36
8
0
10
0
20
0
3
PKG_36
70
64
0
TEXT
8
PKG_INFO
10
0
20
0
40
1.778
1
*SYM:= 41
0
TEXT
8
PKG_INFO
10
0
20
-3.048
40
1.778
1
*PKG:= 0 QFN12_2R00X3R00X1R00 UND
0
TEXT
8
PKG_INFO
10
0
20
-6.096
40
1.778
1
*GATE:=0
0
TEXT
8
PKG_INFO
10
0
20
-9.144
40
1.778
1
*GATEPIN:= 0 9 1 <>
0
TEXT
8
PKG_INFO
10
0
20
-12.192
40
1.778
1
*GATEPIN:= 0 9 2 <>
0
TEXT
8
PKG_INFO
10
0
20
-15.24
40
1.778
1
*GATEPIN:= 0 9 3 <>
0
TEXT
8
PKG_INFO
10
0
20
-18.288
40
1.778
1
*GATEPIN:= 0 9 4 <>
0
TEXT
8
PKG_INFO
10
0
20
-21.336
40
1.778
1
*GATEPIN:= 0 9 5 <>
0
TEXT
8
PKG_INFO
10
0
20
-24.384
40
1.778
1
*GATEPIN:= 0 9 6 <>
0
TEXT
8
PKG_INFO
10
0
20
-27.432
40
1.778
1
*GATEPIN:= 0 9 7 <>
0
TEXT
8
PKG_INFO
10
0
20
-30.48
40
1.778
1
*GATEPIN:= 0 9 8 <>
0
TEXT
8
PKG_INFO
10
0
20
-33.528
40
1.778
1
*GATEPIN:= 0 9 9 <>
0
TEXT
8
PKG_INFO
10
0
20
-36.576
40
1.778
1
*GATEPIN:= 0 9 10 <>
0
TEXT
8
PKG_INFO
10
0
20
-39.624
40
1.778
1
*GATEPIN:= 0 9 11 <>
0
TEXT
8
PKG_INFO
10
0
20
-42.672
40
1.778
1
*GATEPIN:= 0 9 12 <>
0
ENDBLK
0
BLOCK
2
SYM_TOP_42
8
0
10
0
20
0
3
SYM_TOP_42
70
64
0
TEXT
8
SYM_NAME
10
0
20
0
40
1.778
1
MDBT50Q
41
0.75
0
TEXT
8
SYM_PART_TYPE_01
10
-0.05
20
0
40
0.35
1
 
73
2
11
-0.05
21
0
41
0.75
7
W0$05R0
0
TEXT
8
SYM_PART_NAME_01
10
-0.05
20
0
40
0.35
1
 
41
0.75
7
W0$05R0
0
INSERT
2
PART_BODY_TOP_81
8
0
10
0
20
0
0
INSERT
2
STK_TOP_71
8
0
10
0.6
20
11.5
0
TEXT
8
SYM_TERMINAL
10
0
20
-3.048
40
1.778
1
1
0
INSERT
2
STK_TOP_71
8
0
10
0.6
20
10.4
0
TEXT
8
SYM_TERMINAL
10
0
20
-6.096
40
1.778
1
2
0
INSERT
2
STK_TOP_71
8
0
10
0.6
20
9.6
0
TEXT
8
SYM_TERMINAL
10
0
20
-9.144
40
1.778
1
3
0
INSERT
2
STK_TOP_71
8
0
10
0.6
20
8
0
TEXT
8
SYM_TERMINAL
10
0
20
-12.192
40
1.778
1
4
0
INSERT
2
STK_TOP_71
8
0
10
1.5
20
7.6
0
TEXT
8
SYM_TERMINAL
10
0
20
-15.24
40
1.778
1
5
0
INSERT
2
STK_TOP_71
8
0
10
0.6
20
7.2
0
TEXT
8
SYM_TERMINAL
10
0
20
-18.288
40
1.778
1
6
0
INSERT
2
STK_TOP_71
8
0
10
1.5
20
6.8
0
TEXT
8
SYM_TERMINAL
10
0
20
-21.336
40
1.778
1
7
0
INSERT
2
STK_TOP_71
8
0
10
0.6
20
6.4
0
TEXT
8
SYM_TERMINAL
10
0
20
-24.384
40
1.778
1
8
0
INSERT
2
STK_TOP_71
8
0
10
1.5
20
6
0
TEXT
8
SYM_TERMINAL
10
0
20
-27.432
40
1.778
1
9
0
INSERT
2
STK_TOP_71
8
0
10
0.6
20
5.6
0
TEXT
8
SYM_TERMINAL
10
0
20
-30.48
40
1.778
1
10
0
INSERT
2
STK_TOP_71
8
0
10
1.5
20
5.2
0
TEXT
8
SYM_TERMINAL
10
0
20
-33.528
40
1.778
1
11
0
INSERT
2
STK_TOP_71
8
0
10
0.6
20
4.8
0
TEXT
8
SYM_TERMINAL
10
0
20
-36.576
40
1.778
1
12
0
INSERT
2
STK_TOP_71
8
0
10
1.5
20
4.4
0
TEXT
8
SYM_TERMINAL
10
0
20
-39.624
40
1.778
1
13
0
INSERT
2
STK_TOP_71
8
0
10
0.6
20
4
0
TEXT
8
SYM_TERMINAL
10
0
20
-42.672
40
1.778
1
14
0
INSERT
2
STK_TOP_72
8
0
10
0.45
20
0.6
0
TEXT
8
SYM_TERMINAL
10
0
20
-45.72
40
1.778
1
15
0
INSERT
2
STK_TOP_72
8
0
10
1.25
20
0.6
0
TEXT
8
SYM_TERMINAL
10
0
20
-48.768
40
1.778
1
16
0
INSERT
2
STK_TOP_72
8
0
10
2.05
20
0.6
0
TEXT
8
SYM_TERMINAL
10
0
20
-51.816
40
1.778
1
17
0
INSERT
2
STK_TOP_72
8
0
10
2.85
20
0.6
0
TEXT
8
SYM_TERMINAL
10
0
20
-54.864
40
1.778
1
18
0
INSERT
2
STK_TOP_72
8
0
10
3.25
20
1.5
0
TEXT
8
SYM_TERMINAL
10
0
20
-57.912
40
1.778
1
19
0
INSERT
2
STK_TOP_72
8
0
10
3.65
20
0.6
0
TEXT
8
SYM_TERMINAL
10
0
20
-60.96
40
1.778
1
20
0
INSERT
2
STK_TOP_72
8
0
10
4.05
20
1.5
0
TEXT
8
SYM_TERMINAL
10
0
20
-64.008
40
1.778
1
21
0
INSERT
2
STK_TOP_72
8
0
10
4.45
20
0.6
0
TEXT
8
SYM_TERMINAL
10
0
20
-67.056
40
1.778
1
22
0
INSERT
2
STK_TOP_72
8
0
10
4.85
20
1.5
0
TEXT
8
SYM_TERMINAL
10
0
20
-70.104
40
1.778
1
23
0
INSERT
2
STK_TOP_72
8
0
10
5.25
20
0.6
0
TEXT
8
SYM_TERMINAL
10
0
20
-73.152
40
1.778
1
24
0
INSERT
2
STK_TOP_72
8
0
10
5.65
20
1.5
0
TEXT
8
SYM_TERMINAL
10
0
20
-76.2
40
1.778
1
25
0
INSERT
2
STK_TOP_72
8
0
10
6.05
20
0.6
0
TEXT
8
SYM_TERMINAL
10
0
20
-79.248
40
1.778
1
26
0
INSERT
2
STK_TOP_72
8
0
10
6.45
20
1.5
0
TEXT
8
SYM_TERMINAL
10
0
20
-82.296
40
1.778
1
27
0
INSERT
2
STK_TOP_72
8
0
10
6.85
20
0.6
0
TEXT
8
SYM_TERMINAL
10
0
20
-85.344
40
1.778
1
28
0
INSERT
2
STK_TOP_72
8
0
10
7.25
20
1.5
0
TEXT
8
SYM_TERMINAL
10
0
20
-88.392
40
1.778
1
29
0
INSERT
2
STK_TOP_72
8
0
10
7.65
20
0.6
0
TEXT
8
SYM_TERMINAL
10
0
20
-91.44
40
1.778
1
30
0
INSERT
2
STK_TOP_72
8
0
10
8.45
20
0.6
0
TEXT
8
SYM_TERMINAL
10
0
20
-94.488
40
1.778
1
31
0
INSERT
2
STK_TOP_72
8
0
10
9.25
20
0.6
0
TEXT
8
SYM_TERMINAL
10
0
20
-97.536
40
1.778
1
32
0
INSERT
2
STK_TOP_72
8
0
10
10.05
20
0.6
0
TEXT
8
SYM_TERMINAL
10
0
20
-100.584
40
1.778
1
33
0
INSERT
2
STK_TOP_71
8
0
10
9.9
20
1.6
0
TEXT
8
SYM_TERMINAL
10
0
20
-103.632
40
1.778
1
34
0
INSERT
2
STK_TOP_71
8
0
10
9.9
20
2.4
0
TEXT
8
SYM_TERMINAL
10
0
20
-106.68
40
1.778
1
35
0
INSERT
2
STK_TOP_71
8
0
10
9
20
2.8
0
TEXT
8
SYM_TERMINAL
10
0
20
-109.728
40
1.778
1
36
0
INSERT
2
STK_TOP_71
8
0
10
9.9
20
3.2
0
TEXT
8
SYM_TERMINAL
10
0
20
-112.776
40
1.778
1
37
0
INSERT
2
STK_TOP_71
8
0
10
9
20
3.6
0
TEXT
8
SYM_TERMINAL
10
0
20
-115.824
40
1.778
1
38
0
INSERT
2
STK_TOP_71
8
0
10
9.9
20
4
0
TEXT
8
SYM_TERMINAL
10
0
20
-118.872
40
1.778
1
39
0
INSERT
2
STK_TOP_71
8
0
10
9
20
4.4
0
TEXT
8
SYM_TERMINAL
10
0
20
-121.92
40
1.778
1
40
0
INSERT
2
STK_TOP_71
8
0
10
9.9
20
4.8
0
TEXT
8
SYM_TERMINAL
10
0
20
-124.968
40
1.778
1
41
0
INSERT
2
STK_TOP_71
8
0
10
9
20
5.2
0
TEXT
8
SYM_TERMINAL
10
0
20
-128.016
40
1.778
1
42
0
INSERT
2
STK_TOP_71
8
0
10
9
20
6
0
TEXT
8
SYM_TERMINAL
10
0
20
-131.064
40
1.778
1
43
0
INSERT
2
STK_TOP_71
8
0
10
9.9
20
6.4
0
TEXT
8
SYM_TERMINAL
10
0
20
-134.112
40
1.778
1
44
0
INSERT
2
STK_TOP_71
8
0
10
9
20
6.8
0
TEXT
8
SYM_TERMINAL
10
0
20
-137.16
40
1.778
1
45
0
INSERT
2
STK_TOP_71
8
0
10
9.9
20
7.2
0
TEXT
8
SYM_TERMINAL
10
0
20
-140.208
40
1.778
1
46
0
INSERT
2
STK_TOP_71
8
0
10
9
20
7.6
0
TEXT
8
SYM_TERMINAL
10
0
20
-143.256
40
1.778
1
47
0
INSERT
2
STK_TOP_71
8
0
10
9.9
20
8
0
TEXT
8
SYM_TERMINAL
10
0
20
-146.304
40
1.778
1
48
0
INSERT
2
STK_TOP_71
8
0
10
9
20
8.4
0
TEXT
8
SYM_TERMINAL
10
0
20
-149.352
40
1.778
1
49
0
INSERT
2
STK_TOP_71
8
0
10
9
20
9.2
0
TEXT
8
SYM_TERMINAL
10
0
20
-152.4
40
1.778
1
50
0
INSERT
2
STK_TOP_71
8
0
10
9.9
20
9.6
0
TEXT
8
SYM_TERMINAL
10
0
20
-155.448
40
1.778
1
51
0
INSERT
2
STK_TOP_71
8
0
10
9
20
10
0
TEXT
8
SYM_TERMINAL
10
0
20
-158.496
40
1.778
1
52
0
INSERT
2
STK_TOP_71
8
0
10
9.9
20
10.4
0
TEXT
8
SYM_TERMINAL
10
0
20
-161.544
40
1.778
1
53
0
INSERT
2
STK_TOP_71
8
0
10
9
20
10.8
0
TEXT
8
SYM_TERMINAL
10
0
20
-164.592
40
1.778
1
54
0
INSERT
2
STK_TOP_71
8
0
10
9.9
20
11.5
0
TEXT
8
SYM_TERMINAL
10
0
20
-167.64
40
1.778
1
55
0
INSERT
2
STK_TOP_72
8
0
10
3.25
20
7.2
0
TEXT
8
SYM_TERMINAL
10
0
20
-170.688
40
1.778
1
56
0
INSERT
2
STK_TOP_72
8
0
10
4.05
20
7.2
0
TEXT
8
SYM_TERMINAL
10
0
20
-173.736
40
1.778
1
57
0
INSERT
2
STK_TOP_72
8
0
10
4.85
20
7.2
0
TEXT
8
SYM_TERMINAL
10
0
20
-176.784
40
1.778
1
58
0
INSERT
2
STK_TOP_72
8
0
10
5.65
20
7.2
0
TEXT
8
SYM_TERMINAL
10
0
20
-179.832
40
1.778
1
59
0
INSERT
2
STK_TOP_72
8
0
10
6.45
20
7.2
0
TEXT
8
SYM_TERMINAL
10
0
20
-182.88
40
1.778
1
60
0
INSERT
2
STK_TOP_72
8
0
10
7.25
20
7.2
0
TEXT
8
SYM_TERMINAL
10
0
20
-185.928
40
1.778
1
61
0
ENDBLK
0
BLOCK
2
PKG_37
8
0
10
0
20
0
3
PKG_37
70
64
0
TEXT
8
PKG_INFO
10
0
20
0
40
1.778
1
*SYM:= 42
0
TEXT
8
PKG_INFO
10
0
20
-3.048
40
1.778
1
*PKG:= 0 MDBT50Q UND
0
ENDBLK
0
BLOCK
2
SYM_TOP_43
8
0
10
0
20
0
3
SYM_TOP_43
70
64
0
TEXT
8
SYM_NAME
10
0
20
0
40
1.778
1
QFN24
41
0.75
0
TEXT
8
SYM_ATTRIBUTE_126
10
-2.5119326667
20
2.6654753333
40
0.889
1
Comment
41
0.75
7
W0$127R0
0
TEXT
8
SYM_PART_NAME_126
10
-2.5119326667
20
3.9354753333
40
0.889
1
 
41
0.75
7
W0$127R0
0
INSERT
2
PART_BODY_TOP_82
8
0
10
0
20
0
0
INSERT
2
STK_TOP_73
8
0
10
-1.137666
20
-1.937766
0
TEXT
8
SYM_TERMINAL
10
0
20
-3.048
40
1.778
1
1
0
INSERT
2
STK_TOP_73
8
0
10
-0.637794
20
-1.937766
0
TEXT
8
SYM_TERMINAL
10
0
20
-6.096
40
1.778
1
2
0
INSERT
2
STK_TOP_73
8
0
10
-0.137668
20
-1.937766
0
TEXT
8
SYM_TERMINAL
10
0
20
-9.144
40
1.778
1
3
0
INSERT
2
STK_TOP_73
8
0
10
0.3622033333
20
-1.937766
0
TEXT
8
SYM_TERMINAL
10
0
20
-12.192
40
1.778
1
4
0
INSERT
2
STK_TOP_73
8
0
10
0.8623293333
20
-1.937766
0
TEXT
8
SYM_TERMINAL
10
0
20
-15.24
40
1.778
1
5
0
INSERT
2
STK_TOP_73
8
0
10
1.3622013333
20
-1.937766
0
TEXT
8
SYM_TERMINAL
10
0
20
-18.288
40
1.778
1
6
0
INSERT
2
STK_TOP_74
8
0
10
2.1122633333
20
-1.1877033333
0
TEXT
8
SYM_TERMINAL
10
0
20
-21.336
40
1.778
1
7
0
INSERT
2
STK_TOP_74
8
0
10
2.1122633333
20
-0.6878313333
0
TEXT
8
SYM_TERMINAL
10
0
20
-24.384
40
1.778
1
8
0
INSERT
2
STK_TOP_74
8
0
10
2.1122633333
20
-0.1877053333
0
TEXT
8
SYM_TERMINAL
10
0
20
-27.432
40
1.778
1
9
0
INSERT
2
STK_TOP_74
8
0
10
2.1122633333
20
0.312166
0
TEXT
8
SYM_TERMINAL
10
0
20
-30.48
40
1.778
1
10
0
INSERT
2
STK_TOP_74
8
0
10
2.1122633333
20
0.8122913333
0
TEXT
8
SYM_TERMINAL
10
0
20
-33.528
40
1.778
1
11
0
INSERT
2
STK_TOP_74
8
0
10
2.1122633333
20
1.3121633333
0
TEXT
8
SYM_TERMINAL
10
0
20
-36.576
40
1.778
1
12
0
INSERT
2
STK_TOP_73
8
0
10
1.3622013333
20
2.0622253333
0
TEXT
8
SYM_TERMINAL
10
0
20
-39.624
40
1.778
1
13
0
INSERT
2
STK_TOP_73
8
0
10
0.8623293333
20
2.0622253333
0
TEXT
8
SYM_TERMINAL
10
0
20
-42.672
40
1.778
1
14
0
INSERT
2
STK_TOP_73
8
0
10
0.3622033333
20
2.0622253333
0
TEXT
8
SYM_TERMINAL
10
0
20
-45.72
40
1.778
1
15
0
INSERT
2
STK_TOP_73
8
0
10
-0.137668
20
2.0622253333
0
TEXT
8
SYM_TERMINAL
10
0
20
-48.768
40
1.778
1
16
0
INSERT
2
STK_TOP_73
8
0
10
-0.637794
20
2.0622253333
0
TEXT
8
SYM_TERMINAL
10
0
20
-51.816
40
1.778
1
17
0
INSERT
2
STK_TOP_73
8
0
10
-1.137666
20
2.0622253333
0
TEXT
8
SYM_TERMINAL
10
0
20
-54.864
40
1.778
1
18
0
INSERT
2
STK_TOP_74
8
0
10
-1.8877273333
20
1.3121633333
0
TEXT
8
SYM_TERMINAL
10
0
20
-57.912
40
1.778
1
19
0
INSERT
2
STK_TOP_74
8
0
10
-1.8877273333
20
0.8122913333
0
TEXT
8
SYM_TERMINAL
10
0
20
-60.96
40
1.778
1
20
0
INSERT
2
STK_TOP_74
8
0
10
-1.8877273333
20
0.312166
0
TEXT
8
SYM_TERMINAL
10
0
20
-64.008
40
1.778
1
21
0
INSERT
2
STK_TOP_74
8
0
10
-1.8877273333
20
-0.1877053333
0
TEXT
8
SYM_TERMINAL
10
0
20
-67.056
40
1.778
1
22
0
INSERT
2
STK_TOP_74
8
0
10
-1.8877273333
20
-0.6878313333
0
TEXT
8
SYM_TERMINAL
10
0
20
-70.104
40
1.778
1
23
0
INSERT
2
STK_TOP_74
8
0
10
-1.8877273333
20
-1.1877033333
0
TEXT
8
SYM_TERMINAL
10
0
20
-73.152
40
1.778
1
24
0
INSERT
2
STK_TOP_75
8
0
10
0.1122673333
20
0.06223
0
TEXT
8
SYM_TERMINAL
10
0
20
-76.2
40
1.778
1
25
0
ENDBLK
0
BLOCK
2
PKG_38
8
0
10
0
20
0
3
PKG_38
70
64
0
TEXT
8
PKG_INFO
10
0
20
0
40
1.778
1
*SYM:= 43
0
TEXT
8
PKG_INFO
10
0
20
-3.048
40
1.778
1
*PKG:= 0 QFN24 UND
0
ENDBLK
0
BLOCK
2
SYM_TOP_44
8
0
10
0
20
0
3
SYM_TOP_44
70
64
0
TEXT
8
SYM_NAME
10
0
20
0
40
1.778
1
SSOP20_1
41
0.75
0
TEXT
8
SYM_PART_TYPE_01
10
0
20
0
40
0.889
1
 
73
2
11
0
21
0
41
0.75
7
W0$127R0
0
TEXT
8
SYM_PART_NAME_01
10
0
20
0
40
0.889
1
 
41
0.75
7
W0$127R0
0
INSERT
2
PART_BODY_TOP_83
8
0
10
0
20
0
0
INSERT
2
STK_TOP_76
8
0
10
0
20
0
0
TEXT
8
SYM_TERMINAL
10
0
20
-3.048
40
1.778
1
1
0
INSERT
2
STK_TOP_76
8
0
10
0.65
20
0
0
TEXT
8
SYM_TERMINAL
10
0
20
-6.096
40
1.778
1
2
0
INSERT
2
STK_TOP_76
8
0
10
1.3
20
0
0
TEXT
8
SYM_TERMINAL
10
0
20
-9.144
40
1.778
1
3
0
INSERT
2
STK_TOP_76
8
0
10
1.95
20
0
0
TEXT
8
SYM_TERMINAL
10
0
20
-12.192
40
1.778
1
4
0
INSERT
2
STK_TOP_76
8
0
10
2.6
20
0
0
TEXT
8
SYM_TERMINAL
10
0
20
-15.24
40
1.778
1
5
0
INSERT
2
STK_TOP_76
8
0
10
3.25
20
0
0
TEXT
8
SYM_TERMINAL
10
0
20
-18.288
40
1.778
1
6
0
INSERT
2
STK_TOP_76
8
0
10
3.9
20
0
0
TEXT
8
SYM_TERMINAL
10
0
20
-21.336
40
1.778
1
7
0
INSERT
2
STK_TOP_76
8
0
10
4.55
20
0
0
TEXT
8
SYM_TERMINAL
10
0
20
-24.384
40
1.778
1
8
0
INSERT
2
STK_TOP_76
8
0
10
5.2
20
0
0
TEXT
8
SYM_TERMINAL
10
0
20
-27.432
40
1.778
1
9
0
INSERT
2
STK_TOP_76
8
0
10
5.85
20
0
0
TEXT
8
SYM_TERMINAL
10
0
20
-30.48
40
1.778
1
10
0
INSERT
2
STK_TOP_76
8
0
10
5.85
20
7.7
0
TEXT
8
SYM_TERMINAL
10
0
20
-33.528
40
1.778
1
11
0
INSERT
2
STK_TOP_76
8
0
10
5.2
20
7.7
0
TEXT
8
SYM_TERMINAL
10
0
20
-36.576
40
1.778
1
12
0
INSERT
2
STK_TOP_76
8
0
10
4.55
20
7.7
0
TEXT
8
SYM_TERMINAL
10
0
20
-39.624
40
1.778
1
13
0
INSERT
2
STK_TOP_76
8
0
10
3.9
20
7.7
0
TEXT
8
SYM_TERMINAL
10
0
20
-42.672
40
1.778
1
14
0
INSERT
2
STK_TOP_76
8
0
10
3.25
20
7.7
0
TEXT
8
SYM_TERMINAL
10
0
20
-45.72
40
1.778
1
15
0
INSERT
2
STK_TOP_76
8
0
10
2.6
20
7.7
0
TEXT
8
SYM_TERMINAL
10
0
20
-48.768
40
1.778
1
16
0
INSERT
2
STK_TOP_76
8
0
10
1.95
20
7.7
0
TEXT
8
SYM_TERMINAL
10
0
20
-51.816
40
1.778
1
17
0
INSERT
2
STK_TOP_76
8
0
10
1.3
20
7.7
0
TEXT
8
SYM_TERMINAL
10
0
20
-54.864
40
1.778
1
18
0
INSERT
2
STK_TOP_76
8
0
10
0.65
20
7.7
0
TEXT
8
SYM_TERMINAL
10
0
20
-57.912
40
1.778
1
19
0
INSERT
2
STK_TOP_76
8
0
10
0
20
7.7
0
TEXT
8
SYM_TERMINAL
10
0
20
-60.96
40
1.778
1
20
0
ENDBLK
0
BLOCK
2
PKG_39
8
0
10
0
20
0
3
PKG_39
70
64
0
TEXT
8
PKG_INFO
10
0
20
0
40
1.778
1
*SYM:= 44
0
TEXT
8
PKG_INFO
10
0
20
-3.048
40
1.778
1
*PKG:= 0 SSOP20_1 UND
0
ENDBLK
0
BLOCK
2
SYM_TOP_45
8
0
10
0
20
0
3
SYM_TOP_45
70
64
0
TEXT
8
SYM_NAME
10
0
20
0
40
1.778
1
SOP8-255-50
41
0.75
0
TEXT
8
SYM_PART_TYPE_01
10
-1.905
20
-2.1971
40
1.2446
1
 
41
0.75
7
W0$1524R0
0
TEXT
8
SYM_PART_NAME_01
10
-1.905
20
-0.4191
40
1.2446
1
 
41
0.75
7
W0$1524R0
0
INSERT
2
PART_BODY_TOP_84
8
0
10
0
20
0
0
INSERT
2
STK_TOP_77
8
0
10
-1.905
20
-3.175
0
TEXT
8
SYM_TERMINAL
10
0
20
-3.048
40
1.778
1
1
0
INSERT
2
STK_TOP_77
8
0
10
-0.635
20
-3.175
0
TEXT
8
SYM_TERMINAL
10
0
20
-6.096
40
1.778
1
2
0
INSERT
2
STK_TOP_77
8
0
10
0.635
20
-3.175
0
TEXT
8
SYM_TERMINAL
10
0
20
-9.144
40
1.778
1
3
0
INSERT
2
STK_TOP_77
8
0
10
1.905
20
-3.175
0
TEXT
8
SYM_TERMINAL
10
0
20
-12.192
40
1.778
1
4
0
INSERT
2
STK_TOP_77
8
0
10
1.905
20
3.175
0
TEXT
8
SYM_TERMINAL
10
0
20
-15.24
40
1.778
1
5
0
INSERT
2
STK_TOP_77
8
0
10
0.635
20
3.175
0
TEXT
8
SYM_TERMINAL
10
0
20
-18.288
40
1.778
1
6
0
INSERT
2
STK_TOP_77
8
0
10
-0.635
20
3.175
0
TEXT
8
SYM_TERMINAL
10
0
20
-21.336
40
1.778
1
7
0
INSERT
2
STK_TOP_77
8
0
10
-1.905
20
3.175
0
TEXT
8
SYM_TERMINAL
10
0
20
-24.384
40
1.778
1
8
0
ENDBLK
0
BLOCK
2
PKG_40
8
0
10
0
20
0
3
PKG_40
70
64
0
TEXT
8
PKG_INFO
10
0
20
0
40
1.778
1
*SYM:= 45
0
TEXT
8
PKG_INFO
10
0
20
-3.048
40
1.778
1
*PKG:= 0 MAX485 UND
0
ENDBLK
0
BLOCK
2
SYM_TOP_47
8
0
10
0
20
0
3
SYM_TOP_47
70
64
0
TEXT
8
SYM_NAME
10
0
20
0
40
1.778
1
CRY-3215
41
0.75
0
TEXT
8
SYM_PART_TYPE_01
10
0
20
0
40
0.889
1
 
73
2
11
0
21
0
41
0.75
7
W0$127R0
0
TEXT
8
SYM_PART_NAME_01
10
0
20
0
40
0.889
1
 
41
0.75
7
W0$127R0
0
INSERT
2
PART_BODY_TOP_86
8
0
10
0
20
0
0
INSERT
2
STK_TOP_79
8
0
10
0
20
0
0
TEXT
8
SYM_TERMINAL
10
0
20
-3.048
40
1.778
1
1
0
INSERT
2
STK_TOP_79
8
0
10
2.35
20
0
0
TEXT
8
SYM_TERMINAL
10
0
20
-6.096
40
1.778
1
2
0
INSERT
2
STK_TOP_80
8
0
10
1.175
20
0
0
TEXT
8
SYM_TERMINAL
10
0
20
-9.144
40
1.778
1
3
0
ENDBLK
0
BLOCK
2
PKG_42
8
0
10
0
20
0
3
PKG_42
70
64
0
TEXT
8
PKG_INFO
10
0
20
0
40
1.778
1
*SYM:= 47
0
TEXT
8
PKG_INFO
10
0
20
-3.048
40
1.778
1
*PKG:= 0 CRY-3215 UND
0
TEXT
8
PKG_INFO
10
0
20
-6.096
40
1.778
1
*GATE:=0
0
TEXT
8
PKG_INFO
10
0
20
-9.144
40
1.778
1
*GATEPIN:= 0 9 1 <>
0
TEXT
8
PKG_INFO
10
0
20
-12.192
40
1.778
1
*GATEPIN:= 0 9 2 <>
0
TEXT
8
PKG_INFO
10
0
20
-15.24
40
1.778
1
*GATEPIN:= 0 9 3 <>
0
ENDBLK
0
BLOCK
2
SYM_TOP_48
8
0
10
0
20
0
3
SYM_TOP_48
70
64
0
TEXT
8
SYM_NAME
10
0
20
0
40
1.778
1
FPC40PIN-0.5MM-FPC-BOTTOM
41
0.75
0
TEXT
8
SYM_PART_NAME_01
10
-11.176
20
-2.602
40
0.889
1
 
41
0.75
7
W0$127R0
0
TEXT
8
SYM_PART_TYPE_01
10
-11.146
20
-2.722
40
0.889
1
 
73
2
11
-11.146
21
-2.722
41
0.75
7
W0$127R0
0
INSERT
2
PART_BODY_TOP_87
8
0
10
0
20
0
0
INSERT
2
STK_TOP_23
8
0
10
0
20
0
0
TEXT
8
SYM_TERMINAL
10
0
20
-3.048
40
1.778
1
1
0
INSERT
2
STK_TOP_23
8
0
10
-0.5
20
0
0
TEXT
8
SYM_TERMINAL
10
0
20
-6.096
40
1.778
1
2
0
INSERT
2
STK_TOP_23
8
0
10
-1
20
0
0
TEXT
8
SYM_TERMINAL
10
0
20
-9.144
40
1.778
1
3
0
INSERT
2
STK_TOP_23
8
0
10
-1.5
20
0
0
TEXT
8
SYM_TERMINAL
10
0
20
-12.192
40
1.778
1
4
0
INSERT
2
STK_TOP_23
8
0
10
-2
20
0
0
TEXT
8
SYM_TERMINAL
10
0
20
-15.24
40
1.778
1
5
0
INSERT
2
STK_TOP_23
8
0
10
-2.5
20
0
0
TEXT
8
SYM_TERMINAL
10
0
20
-18.288
40
1.778
1
6
0
INSERT
2
STK_TOP_23
8
0
10
-3
20
0
0
TEXT
8
SYM_TERMINAL
10
0
20
-21.336
40
1.778
1
7
0
INSERT
2
STK_TOP_23
8
0
10
-3.5
20
0
0
TEXT
8
SYM_TERMINAL
10
0
20
-24.384
40
1.778
1
8
0
INSERT
2
STK_TOP_23
8
0
10
-4
20
0
0
TEXT
8
SYM_TERMINAL
10
0
20
-27.432
40
1.778
1
9
0
INSERT
2
STK_TOP_23
8
0
10
-4.5
20
0
0
TEXT
8
SYM_TERMINAL
10
0
20
-30.48
40
1.778
1
10
0
INSERT
2
STK_TOP_23
8
0
10
-5
20
0
0
TEXT
8
SYM_TERMINAL
10
0
20
-33.528
40
1.778
1
11
0
INSERT
2
STK_TOP_23
8
0
10
-5.5
20
0
0
TEXT
8
SYM_TERMINAL
10
0
20
-36.576
40
1.778
1
12
0
INSERT
2
STK_TOP_23
8
0
10
-6
20
0
0
TEXT
8
SYM_TERMINAL
10
0
20
-39.624
40
1.778
1
13
0
INSERT
2
STK_TOP_23
8
0
10
-6.5
20
0
0
TEXT
8
SYM_TERMINAL
10
0
20
-42.672
40
1.778
1
14
0
INSERT
2
STK_TOP_23
8
0
10
-7
20
0
0
TEXT
8
SYM_TERMINAL
10
0
20
-45.72
40
1.778
1
15
0
INSERT
2
STK_TOP_23
8
0
10
-7.5
20
0
0
TEXT
8
SYM_TERMINAL
10
0
20
-48.768
40
1.778
1
16
0
INSERT
2
STK_TOP_23
8
0
10
-8
20
0
0
TEXT
8
SYM_TERMINAL
10
0
20
-51.816
40
1.778
1
17
0
INSERT
2
STK_TOP_23
8
0
10
-8.5
20
0
0
TEXT
8
SYM_TERMINAL
10
0
20
-54.864
40
1.778
1
18
0
INSERT
2
STK_TOP_23
8
0
10
-9
20
0
0
TEXT
8
SYM_TERMINAL
10
0
20
-57.912
40
1.778
1
19
0
INSERT
2
STK_TOP_23
8
0
10
-9.5
20
0
0
TEXT
8
SYM_TERMINAL
10
0
20
-60.96
40
1.778
1
20
0
INSERT
2
STK_TOP_23
8
0
10
-10
20
0
0
TEXT
8
SYM_TERMINAL
10
0
20
-64.008
40
1.778
1
21
0
INSERT
2
STK_TOP_23
8
0
10
-10.5
20
0
0
TEXT
8
SYM_TERMINAL
10
0
20
-67.056
40
1.778
1
22
0
INSERT
2
STK_TOP_23
8
0
10
-11
20
0
0
TEXT
8
SYM_TERMINAL
10
0
20
-70.104
40
1.778
1
23
0
INSERT
2
STK_TOP_23
8
0
10
-11.5
20
0
0
TEXT
8
SYM_TERMINAL
10
0
20
-73.152
40
1.778
1
24
0
INSERT
2
STK_TOP_23
8
0
10
-12
20
0
0
TEXT
8
SYM_TERMINAL
10
0
20
-76.2
40
1.778
1
25
0
INSERT
2
STK_TOP_23
8
0
10
-12.5
20
0
0
TEXT
8
SYM_TERMINAL
10
0
20
-79.248
40
1.778
1
26
0
INSERT
2
STK_TOP_23
8
0
10
-13
20
0
0
TEXT
8
SYM_TERMINAL
10
0
20
-82.296
40
1.778
1
27
0
INSERT
2
STK_TOP_23
8
0
10
-13.5
20
0
0
TEXT
8
SYM_TERMINAL
10
0
20
-85.344
40
1.778
1
28
0
INSERT
2
STK_TOP_23
8
0
10
-14
20
0
0
TEXT
8
SYM_TERMINAL
10
0
20
-88.392
40
1.778
1
29
0
INSERT
2
STK_TOP_23
8
0
10
-14.5
20
0
0
TEXT
8
SYM_TERMINAL
10
0
20
-91.44
40
1.778
1
30
0
INSERT
2
STK_TOP_23
8
0
10
-15
20
0
0
TEXT
8
SYM_TERMINAL
10
0
20
-94.488
40
1.778
1
31
0
INSERT
2
STK_TOP_23
8
0
10
-15.5
20
0
0
TEXT
8
SYM_TERMINAL
10
0
20
-97.536
40
1.778
1
32
0
INSERT
2
STK_TOP_23
8
0
10
-16
20
0
0
TEXT
8
SYM_TERMINAL
10
0
20
-100.584
40
1.778
1
33
0
INSERT
2
STK_TOP_23
8
0
10
-16.5
20
0
0
TEXT
8
SYM_TERMINAL
10
0
20
-103.632
40
1.778
1
34
0
INSERT
2
STK_TOP_23
8
0
10
-17
20
0
0
TEXT
8
SYM_TERMINAL
10
0
20
-106.68
40
1.778
1
35
0
INSERT
2
STK_TOP_23
8
0
10
-17.5
20
0
0
TEXT
8
SYM_TERMINAL
10
0
20
-109.728
40
1.778
1
36
0
INSERT
2
STK_TOP_23
8
0
10
-18
20
0
0
TEXT
8
SYM_TERMINAL
10
0
20
-112.776
40
1.778
1
37
0
INSERT
2
STK_TOP_23
8
0
10
-18.5
20
0
0
TEXT
8
SYM_TERMINAL
10
0
20
-115.824
40
1.778
1
38
0
INSERT
2
STK_TOP_23
8
0
10
-19
20
0
0
TEXT
8
SYM_TERMINAL
10
0
20
-118.872
40
1.778
1
39
0
INSERT
2
STK_TOP_23
8
0
10
-19.5
20
0
0
TEXT
8
SYM_TERMINAL
10
0
20
-121.92
40
1.778
1
40
0
INSERT
2
STK_TOP_24
8
0
10
-21.2
20
-2.775
0
TEXT
8
SYM_TERMINAL
10
0
20
-124.968
40
1.778
1
41
0
INSERT
2
STK_TOP_24
8
0
10
1.7
20
-2.775
0
TEXT
8
SYM_TERMINAL
10
0
20
-128.016
40
1.778
1
42
0
ENDBLK
0
BLOCK
2
PKG_43
8
0
10
0
20
0
3
PKG_43
70
64
0
TEXT
8
PKG_INFO
10
0
20
0
40
1.778
1
*SYM:= 48 49
0
TEXT
8
PKG_INFO
10
0
20
-3.048
40
1.778
1
*PKG:= 0 FPC40PIN_BOTTOM UND
0
ENDBLK
0
BLOCK
2
SYM_TOP_50
8
0
10
0
20
0
3
SYM_TOP_50
70
64
0
TEXT
8
SYM_NAME
10
0
20
0
40
1.778
1
2PIN_3_81
41
0.75
0
TEXT
8
SYM_PART_TYPE_01
10
0
20
0
40
0.2667
1
 
73
2
11
0
21
0
41
0.75
7
W0$0381R0
0
TEXT
8
SYM_PART_NAME_01
10
0
20
0
40
0.2667
1
 
41
0.75
7
W0$0381R0
0
INSERT
2
PART_BODY_TOP_89
8
0
10
0
20
0
0
INSERT
2
STK_TOP_81
8
0
10
0
20
0
0
TEXT
8
SYM_TERMINAL
10
0
20
-3.048
40
1.778
1
1
0
INSERT
2
STK_TOP_81
8
0
10
3.81
20
0
0
TEXT
8
SYM_TERMINAL
10
0
20
-6.096
40
1.778
1
2
0
ENDBLK
0
BLOCK
2
PKG_44
8
0
10
0
20
0
3
PKG_44
70
64
0
TEXT
8
PKG_INFO
10
0
20
0
40
1.778
1
*SYM:= 50
0
TEXT
8
PKG_INFO
10
0
20
-3.048
40
1.778
1
*PKG:= 0 2PIN_3_81 UND
0
TEXT
8
PKG_INFO
10
0
20
-6.096
40
1.778
1
*GATE:=0
0
TEXT
8
PKG_INFO
10
0
20
-9.144
40
1.778
1
*GATEPIN:= 0 9 1 <>
0
TEXT
8
PKG_INFO
10
0
20
-12.192
40
1.778
1
*GATEPIN:= 0 9 2 <>
0
ENDBLK
0
BLOCK
2
SYM_TOP_51
8
0
10
0
20
0
3
SYM_TOP_51
70
64
0
TEXT
8
SYM_NAME
10
0
20
0
40
1.778
1
3PIN_3_81
41
0.75
0
TEXT
8
SYM_PART_TYPE_01
10
0
20
0
40
0.2667
1
 
73
2
11
0
21
0
41
0.75
7
W0$0381R0
0
TEXT
8
SYM_PART_NAME_01
10
0
20
0
40
0.2667
1
 
41
0.75
7
W0$0381R0
0
INSERT
2
PART_BODY_TOP_90
8
0
10
0
20
0
0
INSERT
2
STK_TOP_81
8
0
10
0
20
0
0
TEXT
8
SYM_TERMINAL
10
0
20
-3.048
40
1.778
1
1
0
INSERT
2
STK_TOP_81
8
0
10
3.81
20
0
0
TEXT
8
SYM_TERMINAL
10
0
20
-6.096
40
1.778
1
2
0
INSERT
2
STK_TOP_81
8
0
10
7.62
20
0
0
TEXT
8
SYM_TERMINAL
10
0
20
-9.144
40
1.778
1
3
0
ENDBLK
0
BLOCK
2
PKG_45
8
0
10
0
20
0
3
PKG_45
70
64
0
TEXT
8
PKG_INFO
10
0
20
0
40
1.778
1
*SYM:= 51
0
TEXT
8
PKG_INFO
10
0
20
-3.048
40
1.778
1
*PKG:= 0 3PIN_3_81 UND
0
TEXT
8
PKG_INFO
10
0
20
-6.096
40
1.778
1
*GATE:=0
0
TEXT
8
PKG_INFO
10
0
20
-9.144
40
1.778
1
*GATEPIN:= 0 9 1 <>
0
TEXT
8
PKG_INFO
10
0
20
-12.192
40
1.778
1
*GATEPIN:= 0 9 2 <>
0
TEXT
8
PKG_INFO
10
0
20
-15.24
40
1.778
1
*GATEPIN:= 0 9 3 <>
0
ENDBLK
0
BLOCK
2
SYM_TOP_52
8
0
10
0
20
0
3
SYM_TOP_52
70
64
0
TEXT
8
SYM_NAME
10
0
20
0
40
1.778
1
HOLE/PTH/R6D3.5
41
0.75
0
TEXT
8
SYM_PART_NAME_01
10
0
20
0
40
0.889
1
 
41
0.75
7
W0$127R0
0
TEXT
8
SYM_PART_TYPE_01
10
0
20
0
40
0.889
1
 
73
2
11
0
21
0
41
0.75
7
W0$127R0
0
INSERT
2
PART_BODY_TOP_91
8
0
10
0
20
0
0
INSERT
2
STK_TOP_82
8
0
10
0
20
0
0
TEXT
8
SYM_TERMINAL
10
0
20
-3.048
40
1.778
1
1
0
ENDBLK
0
BLOCK
2
PKG_46
8
0
10
0
20
0
3
PKG_46
70
64
0
TEXT
8
PKG_INFO
10
0
20
0
40
1.778
1
*SYM:= 52
0
TEXT
8
PKG_INFO
10
0
20
-3.048
40
1.778
1
*PKG:= 0 HOLE/PTH/R6D3.5 UND
0
TEXT
8
PKG_INFO
10
0
20
-6.096
40
1.778
1
*GATE:=0
0
TEXT
8
PKG_INFO
10
0
20
-9.144
40
1.778
1
*GATEPIN:= 0 9 1 <>
0
ENDBLK
0
BLOCK
2
SYM_TOP_53
8
0
10
0
20
0
3
SYM_TOP_53
70
64
0
TEXT
8
SYM_NAME
10
0
20
0
40
1.778
1
SOD_123
41
0.75
0
TEXT
8
SYM_PART_NAME_01
10
0
20
0
40
0.7
1
 
72
1
73
1
11
0
21
0
41
0.75
7
W0$127R1
0
TEXT
8
SYM_ATTRIBUTE_126
10
0
20
0
40
0.7
1
Comment
72
1
73
1
11
0
21
0
41
0.75
7
W0$127R1
0
INSERT
2
PART_BODY_TOP_92
8
0
10
0
20
0
0
INSERT
2
STK_TOP_83
8
0
10
-1.8
20
0
0
TEXT
8
SYM_TERMINAL
10
0
20
-3.048
40
1.778
1
1
0
INSERT
2
STK_TOP_83
8
0
10
1.8
20
0
0
TEXT
8
SYM_TERMINAL
10
0
20
-6.096
40
1.778
1
2
0
ENDBLK
0
BLOCK
2
PKG_47
8
0
10
0
20
0
3
PKG_47
70
64
0
TEXT
8
PKG_INFO
10
0
20
0
40
1.778
1
*SYM:= 53
0
TEXT
8
PKG_INFO
10
0
20
-3.048
40
1.778
1
*PKG:= 0 SOD_123 UND
0
ENDBLK
0
BLOCK
2
SYM_TOP_8
8
0
10
0
20
0
3
SYM_TOP_8
70
64
0
TEXT
8
SYM_NAME
10
0
20
0
40
1.778
1
C1206
41
0.75
0
TEXT
8
SYM_ATTRIBUTE_126
10
-2.5527
20
1.4351
40
0.889
1
Comment
41
0.75
7
W0$127R0
0
TEXT
8
SYM_PART_NAME_126
10
-2.5527
20
2.7051
40
0.889
1
 
41
0.75
7
W0$127R0
0
INSERT
2
PART_BODY_TOP_47
8
0
10
0
20
0
0
INSERT
2
STK_TOP_10
8
0
10
-1.3999993333
20
0
0
TEXT
8
SYM_TERMINAL
10
0
20
-3.048
40
1.778
1
1
0
INSERT
2
STK_TOP_10
8
0
10
1.3999993333
20
0
0
TEXT
8
SYM_TERMINAL
10
0
20
-6.096
40
1.778
1
2
0
ENDBLK
0
BLOCK
2
PKG_4
8
0
10
0
20
0
3
PKG_4
70
64
0
TEXT
8
PKG_INFO
10
0
20
0
40
1.778
1
*SYM:= 8
0
TEXT
8
PKG_INFO
10
0
20
-3.048
40
1.778
1
*PKG:= 0 C1206 UND
0
TEXT
8
PKG_INFO
10
0
20
-6.096
40
1.778
1
*GATE:=0
0
TEXT
8
PKG_INFO
10
0
20
-9.144
40
1.778
1
*GATEPIN:= 0 5 1 <>
0
TEXT
8
PKG_INFO
10
0
20
-12.192
40
1.778
1
*GATEPIN:= 0 5 2 <>
0
ENDBLK
0
BLOCK
2
SYM_TOP_54
8
0
10
0
20
0
3
SYM_TOP_54
70
64
0
TEXT
8
SYM_NAME
10
0
20
0
40
1.778
1
CRY-MC146
41
0.75
0
TEXT
8
SYM_PART_NAME_01
10
-1.710172
20
5.7031993333
40
0.889
1
 
41
0.75
7
W0$127R0
0
TEXT
8
SYM_ATTRIBUTE_01
10
-1.710172
20
4.4331993333
40
0.889
1
Comment
41
0.75
7
W0$127R0
0
INSERT
2
PART_BODY_TOP_93
8
0
10
0
20
0
0
INSERT
2
STK_TOP_85
8
0
10
-3.45
20
-0.4600006667
0
TEXT
8
SYM_TERMINAL
10
0
20
-3.048
40
1.778
1
1
0
INSERT
2
STK_TOP_85
8
0
10
-3.45
20
0.44
0
TEXT
8
SYM_TERMINAL
10
0
20
-6.096
40
1.778
1
2
0
INSERT
2
STK_TOP_84
8
0
10
2.85
20
0.44
0
TEXT
8
SYM_TERMINAL
10
0
20
-9.144
40
1.778
1
3
0
INSERT
2
STK_TOP_84
8
0
10
2.85
20
-0.46
0
TEXT
8
SYM_TERMINAL
10
0
20
-12.192
40
1.778
1
4
0
ENDBLK
0
BLOCK
2
PKG_48
8
0
10
0
20
0
3
PKG_48
70
64
0
TEXT
8
PKG_INFO
10
0
20
0
40
1.778
1
*SYM:= 54
0
TEXT
8
PKG_INFO
10
0
20
-3.048
40
1.778
1
*PKG:= 0 CRY-MC146 UND
0
ENDBLK
0
BLOCK
2
SYM_TOP_28
8
0
10
0
20
0
3
SYM_TOP_28
70
64
0
TEXT
8
SYM_NAME
10
0
20
0
40
1.778
1
R0805
41
0.75
0
TEXT
8
SYM_ATTRIBUTE_126
10
-1.9017
20
1.3047953333
40
0.889
1
Comment
41
0.75
7
W0$127R0
0
TEXT
8
SYM_PART_NAME_126
10
-1.9017
20
2.5747953333
40
0.889
1
 
41
0.75
7
W0$127R0
0
INSERT
2
PART_BODY_TOP_67
8
0
10
0
20
0
0
INSERT
2
STK_TOP_48
8
0
10
-0.8998986667
20
0
0
TEXT
8
SYM_TERMINAL
10
0
20
-3.048
40
1.778
1
1
0
INSERT
2
STK_TOP_48
8
0
10
0.8998986667
20
0
0
TEXT
8
SYM_TERMINAL
10
0
20
-6.096
40
1.778
1
2
0
ENDBLK
0
BLOCK
2
PKG_25
8
0
10
0
20
0
3
PKG_25
70
64
0
TEXT
8
PKG_INFO
10
0
20
0
40
1.778
1
*SYM:= 28
0
TEXT
8
PKG_INFO
10
0
20
-3.048
40
1.778
1
*PKG:= 0 R0805 UND
0
ENDBLK
0
BLOCK
2
SYM_TOP_29
8
0
10
0
20
0
3
SYM_TOP_29
70
64
0
TEXT
8
SYM_NAME
10
0
20
0
40
1.778
1
R1206
41
0.75
0
TEXT
8
SYM_PART_NAME_126
10
-0.263
20
-0.285
40
0.7112
1
 
41
0.75
7
W0$127R0
0
TEXT
8
SYM_ATTRIBUTE_126
10
-3.0628173333
20
1.6301726667
40
0.889
1
Comment
41
0.75
7
W0$127R0
0
INSERT
2
PART_BODY_TOP_68
8
0
10
0
20
0
0
INSERT
2
STK_TOP_49
8
0
10
-1.6
20
0
0
TEXT
8
SYM_TERMINAL
10
0
20
-3.048
40
1.778
1
1
0
INSERT
2
STK_TOP_49
8
0
10
1.5001233333
20
0
0
TEXT
8
SYM_TERMINAL
10
0
20
-6.096
40
1.778
1
2
0
ENDBLK
0
BLOCK
2
PKG_26
8
0
10
0
20
0
3
PKG_26
70
64
0
TEXT
8
PKG_INFO
10
0
20
0
40
1.778
1
*SYM:= 29 30
0
TEXT
8
PKG_INFO
10
0
20
-3.048
40
1.778
1
*PKG:= 0 R1206 UND
0
TEXT
8
PKG_INFO
10
0
20
-6.096
40
1.778
1
*GATE:=0
0
TEXT
8
PKG_INFO
10
0
20
-9.144
40
1.778
1
*GATEPIN:= 0 9 1 <>
0
TEXT
8
PKG_INFO
10
0
20
-12.192
40
1.778
1
*GATEPIN:= 0 9 2 <>
0
ENDBLK
0
BLOCK
2
SYM_TOP_31
8
0
10
0
20
0
3
SYM_TOP_31
70
64
0
TEXT
8
SYM_NAME
10
0
20
0
40
1.778
1
R0603
41
0.75
0
TEXT
8
SYM_PART_TYPE_01
10
-1
20
2.6
40
0.7
1
 
73
2
11
-1
21
2.6
41
0.75
7
W0$1R0
0
TEXT
8
SYM_PART_NAME_01
10
-1
20
3
40
0.7
1
 
41
0.75
7
W0$1R0
0
INSERT
2
PART_BODY_TOP_70
8
0
10
0
20
0
0
INSERT
2
STK_TOP_8
8
0
10
-0.7
20
0
0
TEXT
8
SYM_TERMINAL
10
0
20
-3.048
40
1.778
1
1
0
INSERT
2
STK_TOP_8
8
0
10
0.7
20
0
0
TEXT
8
SYM_TERMINAL
10
0
20
-6.096
40
1.778
1
2
0
ENDBLK
0
BLOCK
2
PKG_27
8
0
10
0
20
0
3
PKG_27
70
64
0
TEXT
8
PKG_INFO
10
0
20
0
40
1.778
1
*SYM:= 31
0
TEXT
8
PKG_INFO
10
0
20
-3.048
40
1.778
1
*PKG:= 0 R0603 UND
0
ENDBLK
0
BLOCK
2
SYM_TOP_55
8
0
10
0
20
0
3
SYM_TOP_55
70
64
0
TEXT
8
SYM_NAME
10
0
20
0
40
1.778
1
MSOP8
41
0.75
0
TEXT
8
SYM_ATTRIBUTE_126
10
-1.7376006667
20
3.2031493333
40
0.889
1
Comment
41
0.75
7
W0$127R0
0
TEXT
8
SYM_PART_NAME_126
10
-1.7376006667
20
4.4731493333
40
0.889
1
 
41
0.75
7
W0$127R0
0
INSERT
2
PART_BODY_TOP_94
8
0
10
0
20
0
0
INSERT
2
STK_TOP_86
8
0
10
-0.9751006667
20
-2.2499013333
0
TEXT
8
SYM_TERMINAL
10
0
20
-3.048
40
1.778
1
1
0
INSERT
2
STK_TOP_86
8
0
10
-0.3250993333
20
-2.2499013333
0
TEXT
8
SYM_TERMINAL
10
0
20
-6.096
40
1.778
1
2
0
INSERT
2
STK_TOP_86
8
0
10
0.3250993333
20
-2.2499013333
0
TEXT
8
SYM_TERMINAL
10
0
20
-9.144
40
1.778
1
3
0
INSERT
2
STK_TOP_86
8
0
10
0.975098
20
-2.2499013333
0
TEXT
8
SYM_TERMINAL
10
0
20
-12.192
40
1.778
1
4
0
INSERT
2
STK_TOP_86
8
0
10
0.975098
20
2.2498986667
0
TEXT
8
SYM_TERMINAL
10
0
20
-15.24
40
1.778
1
5
0
INSERT
2
STK_TOP_86
8
0
10
0.3250993333
20
2.2498986667
0
TEXT
8
SYM_TERMINAL
10
0
20
-18.288
40
1.778
1
6
0
INSERT
2
STK_TOP_86
8
0
10
-0.3250993333
20
2.2498986667
0
TEXT
8
SYM_TERMINAL
10
0
20
-21.336
40
1.778
1
7
0
INSERT
2
STK_TOP_86
8
0
10
-0.9751006667
20
2.2498986667
0
TEXT
8
SYM_TERMINAL
10
0
20
-24.384
40
1.778
1
8
0
ENDBLK
0
BLOCK
2
PKG_49
8
0
10
0
20
0
3
PKG_49
70
64
0
TEXT
8
PKG_INFO
10
0
20
0
40
1.778
1
*SYM:= 55
0
TEXT
8
PKG_INFO
10
0
20
-3.048
40
1.778
1
*PKG:= 0 MSOP8 UND
0
TEXT
8
PKG_INFO
10
0
20
-6.096
40
1.778
1
*GATE:=0
0
TEXT
8
PKG_INFO
10
0
20
-9.144
40
1.778
1
*GATEPIN:= 0 5 1 <>
0
TEXT
8
PKG_INFO
10
0
20
-12.192
40
1.778
1
*GATEPIN:= 0 5 2 <>
0
TEXT
8
PKG_INFO
10
0
20
-15.24
40
1.778
1
*GATEPIN:= 0 5 3 <>
0
TEXT
8
PKG_INFO
10
0
20
-18.288
40
1.778
1
*GATEPIN:= 0 5 4 <>
0
TEXT
8
PKG_INFO
10
0
20
-21.336
40
1.778
1
*GATEPIN:= 0 5 5 <>
0
TEXT
8
PKG_INFO
10
0
20
-24.384
40
1.778
1
*GATEPIN:= 0 5 6 <>
0
TEXT
8
PKG_INFO
10
0
20
-27.432
40
1.778
1
*GATEPIN:= 0 5 7 <>
0
TEXT
8
PKG_INFO
10
0
20
-30.48
40
1.778
1
*GATEPIN:= 0 5 8 <>
0
ENDBLK
0
BLOCK
2
SYM_TOP_56
8
0
10
0
20
0
3
SYM_TOP_56
70
64
0
TEXT
8
SYM_NAME
10
0
20
0
40
1.778
1
SMD-2P-1.25
41
0.75
0
TEXT
8
SYM_PART_TYPE_01
10
0.378
20
-1.53633
40
0.889
1
 
73
2
11
0.378
21
-1.53633
41
0.75
7
W0$127R0
0
TEXT
8
SYM_PART_NAME_01
10
0.378
20
-1.53633
40
0.889
1
 
41
0.75
7
W0$127R0
0
INSERT
2
PART_BODY_TOP_95
8
0
10
0
20
0
0
INSERT
2
STK_TOP_87
8
0
10
0.625
20
0.25
0
TEXT
8
SYM_TERMINAL
10
0
20
-3.048
40
1.778
1
1
0
INSERT
2
STK_TOP_87
8
0
10
-0.625
20
0.25
0
TEXT
8
SYM_TERMINAL
10
0
20
-6.096
40
1.778
1
2
0
INSERT
2
STK_TOP_88
8
0
10
-3.1
20
-3
0
TEXT
8
SYM_TERMINAL
10
0
20
-9.144
40
1.778
1
3
0
INSERT
2
STK_TOP_88
8
0
10
3.1
20
-3
0
TEXT
8
SYM_TERMINAL
10
0
20
-12.192
40
1.778
1
4
0
ENDBLK
0
BLOCK
2
PKG_50
8
0
10
0
20
0
3
PKG_50
70
64
0
TEXT
8
PKG_INFO
10
0
20
0
40
1.778
1
*SYM:= 56
0
TEXT
8
PKG_INFO
10
0
20
-3.048
40
1.778
1
*PKG:= 0 SMD-2P-1.25 UND
0
TEXT
8
PKG_INFO
10
0
20
-6.096
40
1.778
1
*GATE:=0
0
TEXT
8
PKG_INFO
10
0
20
-9.144
40
1.778
1
*GATEPIN:= 0 9 1 <>
0
TEXT
8
PKG_INFO
10
0
20
-12.192
40
1.778
1
*GATEPIN:= 0 9 2 <>
0
TEXT
8
PKG_INFO
10
0
20
-15.24
40
1.778
1
*GATEPIN:= 0 9 3 <>
0
TEXT
8
PKG_INFO
10
0
20
-18.288
40
1.778
1
*GATEPIN:= 0 9 4 <>
0
ENDBLK
0
BLOCK
2
SYM_TOP_57
8
0
10
0
20
0
3
SYM_TOP_57
70
64
0
TEXT
8
SYM_NAME
10
0
20
0
40
1.778
1
SOT_23_5
41
0.75
0
TEXT
8
SYM_PART_NAME_01
10
4.619752
20
-0.709676
40
0.8001
1
 
72
1
11
4.619752
21
-0.709676
50
90
41
0.75
7
W0$1016R0
0
TEXT
8
SYM_PART_TYPE_01
10
-1.0668
20
0.127
40
0.74676
1
 
73
1
11
-1.0668
21
0.127
41
0.75
7
W0$127R0
0
INSERT
2
PART_BODY_TOP_96
8
0
10
0
20
0
0
INSERT
2
STK_TOP_90
8
0
10
-1.400048
20
0.999998
0
TEXT
8
SYM_TERMINAL
10
0
20
-3.048
40
1.778
1
1
0
INSERT
2
STK_TOP_89
8
0
10
-1.400048
20
0
0
TEXT
8
SYM_TERMINAL
10
0
20
-6.096
40
1.778
1
2
0
INSERT
2
STK_TOP_89
8
0
10
-1.400048
20
-0.999998
0
TEXT
8
SYM_TERMINAL
10
0
20
-9.144
40
1.778
1
3
0
INSERT
2
STK_TOP_89
8
0
10
1.400048
20
-0.999998
0
TEXT
8
SYM_TERMINAL
10
0
20
-12.192
40
1.778
1
4
0
INSERT
2
STK_TOP_89
8
0
10
1.400048
20
0.999998
0
TEXT
8
SYM_TERMINAL
10
0
20
-15.24
40
1.778
1
5
0
ENDBLK
0
BLOCK
2
PKG_51
8
0
10
0
20
0
3
PKG_51
70
64
0
TEXT
8
PKG_INFO
10
0
20
0
40
1.778
1
*SYM:= 57
0
TEXT
8
PKG_INFO
10
0
20
-3.048
40
1.778
1
*PKG:= 0 SOT_23_5 UND
0
ENDBLK
0
BLOCK
2
SYM_TOP_58
8
0
10
0
20
0
3
SYM_TOP_58
70
64
0
TEXT
8
SYM_NAME
10
0
20
0
40
1.778
1
TS-1038
41
0.75
0
TEXT
8
SYM_PART_TYPE_01
10
-2.25
20
0
40
0.2667
1
 
73
2
11
-2.25
21
0
41
0.75
7
W0$0381R0
0
TEXT
8
SYM_PART_NAME_01
10
-2.25
20
0
40
0.2667
1
 
41
0.75
7
W0$0381R0
0
INSERT
2
PART_BODY_TOP_97
8
0
10
0
20
0
0
INSERT
2
STK_TOP_92
8
0
10
-2.25
20
0
0
TEXT
8
SYM_TERMINAL
10
0
20
-3.048
40
1.778
1
1
0
INSERT
2
STK_TOP_92
8
0
10
2.25
20
0
0
TEXT
8
SYM_TERMINAL
10
0
20
-6.096
40
1.778
1
2
0
INSERT
2
STK_TOP_91
8
0
10
-3.4
20
2.5
0
TEXT
8
SYM_TERMINAL
10
0
20
-9.144
40
1.778
1
3
0
INSERT
2
STK_TOP_91
8
0
10
3.4
20
2.5
0
TEXT
8
SYM_TERMINAL
10
0
20
-12.192
40
1.778
1
4
0
ENDBLK
0
BLOCK
2
PKG_52
8
0
10
0
20
0
3
PKG_52
70
64
0
TEXT
8
PKG_INFO
10
0
20
0
40
1.778
1
*SYM:= 58
0
TEXT
8
PKG_INFO
10
0
20
-3.048
40
1.778
1
*PKG:= 0 TS-1038 UND
0
TEXT
8
PKG_INFO
10
0
20
-6.096
40
1.778
1
*GATE:=0
0
TEXT
8
PKG_INFO
10
0
20
-9.144
40
1.778
1
*GATEPIN:= 0 9 1 <>
0
TEXT
8
PKG_INFO
10
0
20
-12.192
40
1.778
1
*GATEPIN:= 0 9 2 <>
0
TEXT
8
PKG_INFO
10
0
20
-15.24
40
1.778
1
*GATEPIN:= 0 9 3 <>
0
TEXT
8
PKG_INFO
10
0
20
-18.288
40
1.778
1
*GATEPIN:= 0 9 4 <>
0
ENDBLK
0
BLOCK
2
PART_BODY_TOP_85
8
0
10
0
20
0
3
PART_BODY_TOP_85
70
64
0
POLYLINE
8
PART_TOP_2DLINE_01
66
1
40
0.1
41
0.1
70
1
0
VERTEX
8
PART_TOP_2DLINE_01
10
-1.2470026667
20
-1.7799986667
42
1
0
VERTEX
8
PART_TOP_2DLINE_01
10
-1.7737933333
20
-1.7799986667
42
1
0
SEQEND
0
POLYLINE
8
PART_TOP_2DLINE_01
66
1
40
0.1
41
0.1
0
VERTEX
8
PART_TOP_2DLINE_01
10
-0.726
20
1.25
0
VERTEX
8
PART_TOP_2DLINE_01
10
0.729998
20
1.25
0
SEQEND
0
INSERT
2
SMOOTH_0$1
8
PART_TOP_2DLINE_01
10
-0.726
20
1.25
0
INSERT
2
SMOOTH_0$1
8
PART_TOP_2DLINE_01
10
0.729998
20
1.25
0
POLYLINE
8
PART_TOP_2DLINE_01
66
1
40
0.1
41
0.1
0
VERTEX
8
PART_TOP_2DLINE_01
10
-0.7200006667
20
-1.25
0
VERTEX
8
PART_TOP_2DLINE_01
10
0.7149993333
20
-1.25
0
SEQEND
0
INSERT
2
SMOOTH_0$1
8
PART_TOP_2DLINE_01
10
-0.7200006667
20
-1.25
0
INSERT
2
SMOOTH_0$1
8
PART_TOP_2DLINE_01
10
0.7149993333
20
-1.25
0
POLYLINE
8
PART_TOP_2DLINE_01
66
1
40
0.1
41
0.1
0
VERTEX
8
PART_TOP_2DLINE_01
10
-1.6
20
-0.164
0
VERTEX
8
PART_TOP_2DLINE_01
10
-1.6
20
0.163
0
SEQEND
0
INSERT
2
SMOOTH_0$1
8
PART_TOP_2DLINE_01
10
-1.6
20
-0.164
0
INSERT
2
SMOOTH_0$1
8
PART_TOP_2DLINE_01
10
-1.6
20
0.163
0
POLYLINE
8
PART_TOP_2DLINE_01
66
1
40
0.1
41
0.1
0
VERTEX
8
PART_TOP_2DLINE_01
10
1.6
20
-0.172
0
VERTEX
8
PART_TOP_2DLINE_01
10
1.6
20
0.163
0
SEQEND
0
INSERT
2
SMOOTH_0$1
8
PART_TOP_2DLINE_01
10
1.6
20
-0.172
0
INSERT
2
SMOOTH_0$1
8
PART_TOP_2DLINE_01
10
1.6
20
0.163
0
POLYLINE
8
KEEPOUT_01
6
KEEPOUT_00001000$0
66
1
70
1
0
VERTEX
8
KEEPOUT_01
10
-1.95
20
1.3
0
VERTEX
8
KEEPOUT_01
10
1.95
20
1.3
0
VERTEX
8
KEEPOUT_01
10
1.95
20
-1.35
0
VERTEX
8
KEEPOUT_01
10
-1.95
20
-1.35
0
SEQEND
0
ENDBLK
0
BLOCK
2
STK_TOP_78
8
0
10
0
20
0
3
STK_TOP_78
70
64
0
INSERT
2
DRIL_HOLE_0
8
DRIL_PLTE_THRU_01
10
0
20
0
0
INSERT
2
DRIL_HOLE_0
8
DRIL_PLTE_THRU_02
10
0
20
0
0
INSERT
2
DRIL_HOLE_0
8
DRIL_PLTE_THRU_03
10
0
20
0
0
INSERT
2
DRIL_HOLE_0
8
DRIL_PLTE_THRU_04
10
0
20
0
0
INSERT
2
PAD_0
8
PADS_INNER
10
0
20
0
0
INSERT
2
PAD_0
8
PADS_BOT
10
0
20
0
0
INSERT
2
PAD_1
8
PADS_TOP
10
0
20
0
0
ENDBLK
0
BLOCK
2
PART_BODY_TOP_46
8
0
10
0
20
0
3
PART_BODY_TOP_46
70
64
0
POLYLINE
8
PART_TOP_2DLINE_00
66
1
40
0.1
41
0.1
0
VERTEX
8
PART_TOP_2DLINE_00
10
-0.3
20
0.8
0
VERTEX
8
PART_TOP_2DLINE_00
10
-1.5
20
0.8
0
VERTEX
8
PART_TOP_2DLINE_00
10
-1.5
20
-0.8
0
VERTEX
8
PART_TOP_2DLINE_00
10
-0.3
20
-0.8
0
SEQEND
0
INSERT
2
SMOOTH_0$1
8
PART_TOP_2DLINE_00
10
-0.3
20
0.8
0
INSERT
2
SMOOTH_0$1
8
PART_TOP_2DLINE_00
10
-1.5
20
0.8
0
INSERT
2
SMOOTH_0$1
8
PART_TOP_2DLINE_00
10
-1.5
20
-0.8
0
INSERT
2
SMOOTH_0$1
8
PART_TOP_2DLINE_00
10
-0.3
20
-0.8
0
POLYLINE
8
PART_TOP_2DLINE_00
66
1
40
0.1
41
0.1
0
VERTEX
8
PART_TOP_2DLINE_00
10
0.3
20
0.8
0
VERTEX
8
PART_TOP_2DLINE_00
10
1.5
20
0.8
0
VERTEX
8
PART_TOP_2DLINE_00
10
1.5
20
-0.8
0
VERTEX
8
PART_TOP_2DLINE_00
10
0.3
20
-0.8
0
SEQEND
0
INSERT
2
SMOOTH_0$1
8
PART_TOP_2DLINE_00
10
0.3
20
0.8
0
INSERT
2
SMOOTH_0$1
8
PART_TOP_2DLINE_00
10
1.5
20
0.8
0
INSERT
2
SMOOTH_0$1
8
PART_TOP_2DLINE_00
10
1.5
20
-0.8
0
INSERT
2
SMOOTH_0$1
8
PART_TOP_2DLINE_00
10
0.3
20
-0.8
0
ENDBLK
0
BLOCK
2
STK_TOP_9
8
0
10
0
20
0
3
STK_TOP_9
70
64
0
INSERT
2
DRIL_HOLE_0
8
DRIL_PLTE_THRU_01
10
0
20
0
0
INSERT
2
DRIL_HOLE_0
8
DRIL_PLTE_THRU_02
10
0
20
0
0
INSERT
2
DRIL_HOLE_0
8
DRIL_PLTE_THRU_03
10
0
20
0
0
INSERT
2
DRIL_HOLE_0
8
DRIL_PLTE_THRU_04
10
0
20
0
0
INSERT
2
PAD_0
8
PADS_INNER
10
0
20
0
0
INSERT
2
PAD_0
8
PADS_BOT
10
0
20
0
0
INSERT
2
PAD_2
8
PADS_TOP
10
0
20
0
50
90
0
ENDBLK
0
BLOCK
2
PART_BODY_TOP_43
8
0
10
0
20
0
3
PART_BODY_TOP_43
70
64
0
POLYLINE
8
PART_TOP_2DLINE_120
66
1
40
0.1
41
0.1
70
1
0
VERTEX
8
PART_TOP_2DLINE_120
10
-0.4999226667
20
-1.7798026667
0
VERTEX
8
PART_TOP_2DLINE_120
10
2.429992
20
-1.7798026667
0
VERTEX
8
PART_TOP_2DLINE_120
10
2.429992
20
1.7400753333
0
VERTEX
8
PART_TOP_2DLINE_120
10
-0.4999226667
20
1.7400753333
0
SEQEND
0
INSERT
2
SMOOTH_0$1
8
PART_TOP_2DLINE_120
10
-0.4999226667
20
-1.7798026667
0
INSERT
2
SMOOTH_0$1
8
PART_TOP_2DLINE_120
10
2.429992
20
-1.7798026667
0
INSERT
2
SMOOTH_0$1
8
PART_TOP_2DLINE_120
10
2.429992
20
1.7400753333
0
INSERT
2
SMOOTH_0$1
8
PART_TOP_2DLINE_120
10
-0.4999226667
20
1.7400753333
0
POLYLINE
8
PART_TOP_2DLINE_120
66
1
40
0.1
41
0.1
70
1
0
VERTEX
8
PART_TOP_2DLINE_120
10
-0.4999226667
20
-1.7798026667
0
VERTEX
8
PART_TOP_2DLINE_120
10
-0.4999226667
20
1.7400753333
0
VERTEX
8
PART_TOP_2DLINE_120
10
2.429992
20
1.7400753333
0
VERTEX
8
PART_TOP_2DLINE_120
10
2.429992
20
-1.7798026667
0
SEQEND
0
INSERT
2
SMOOTH_0$1
8
PART_TOP_2DLINE_120
10
-0.4999226667
20
-1.7798026667
0
INSERT
2
SMOOTH_0$1
8
PART_TOP_2DLINE_120
10
-0.4999226667
20
1.7400753333
0
INSERT
2
SMOOTH_0$1
8
PART_TOP_2DLINE_120
10
2.429992
20
1.7400753333
0
INSERT
2
SMOOTH_0$1
8
PART_TOP_2DLINE_120
10
2.429992
20
-1.7798026667
0
POLYLINE
8
KEEPOUT_00
6
KEEPOUT_00001000$0
66
1
70
1
0
VERTEX
8
KEEPOUT_00
10
0.5150473333
20
0.7301373333
0
VERTEX
8
KEEPOUT_00
10
2.0650473333
20
0.7301373333
0
VERTEX
8
KEEPOUT_00
10
2.0650473333
20
-0.7698626667
0
VERTEX
8
KEEPOUT_00
10
0.5150473333
20
-0.7698626667
0
SEQEND
0
ENDBLK
0
BLOCK
2
STK_TOP_6
8
0
10
0
20
0
3
STK_TOP_6
70
64
0
INSERT
2
DRIL_HOLE_0
8
DRIL_PLTE_THRU_01
10
0
20
0
0
INSERT
2
DRIL_HOLE_0
8
DRIL_PLTE_THRU_02
10
0
20
0
0
INSERT
2
DRIL_HOLE_0
8
DRIL_PLTE_THRU_03
10
0
20
0
0
INSERT
2
DRIL_HOLE_0
8
DRIL_PLTE_THRU_04
10
0
20
0
0
INSERT
2
PAD_0
8
PADS_INNER
10
0
20
0
0
INSERT
2
PAD_0
8
PADS_BOT
10
0
20
0
0
INSERT
2
PAD_3
8
PADS_TOP
10
0
20
0
0
ENDBLK
0
BLOCK
2
STK_TOP_5
8
0
10
0
20
0
3
STK_TOP_5
70
64
0
INSERT
2
DRIL_HOLE_0
8
DRIL_PLTE_THRU_01
10
0
20
0
0
INSERT
2
DRIL_HOLE_0
8
DRIL_PLTE_THRU_02
10
0
20
0
0
INSERT
2
DRIL_HOLE_0
8
DRIL_PLTE_THRU_03
10
0
20
0
0
INSERT
2
DRIL_HOLE_0
8
DRIL_PLTE_THRU_04
10
0
20
0
0
INSERT
2
PAD_0
8
PADS_INNER
10
0
20
0
0
INSERT
2
PAD_0
8
PADS_BOT
10
0
20
0
0
INSERT
2
PAD_4
8
PADS_TOP
10
0
20
0
0
ENDBLK
0
BLOCK
2
PART_BODY_TOP_44
8
0
10
0
20
0
3
PART_BODY_TOP_44
70
64
0
POLYLINE
8
PART_TOP_2DLINE_00
66
1
40
0.1
41
0.1
0
VERTEX
8
PART_TOP_2DLINE_00
10
-0.15
20
0.4
0
VERTEX
8
PART_TOP_2DLINE_00
10
-0.8
20
0.4
0
VERTEX
8
PART_TOP_2DLINE_00
10
-0.8
20
-0.4
0
VERTEX
8
PART_TOP_2DLINE_00
10
-0.15
20
-0.4
0
SEQEND
0
INSERT
2
SMOOTH_0$1
8
PART_TOP_2DLINE_00
10
-0.15
20
0.4
0
INSERT
2
SMOOTH_0$1
8
PART_TOP_2DLINE_00
10
-0.8
20
0.4
0
INSERT
2
SMOOTH_0$1
8
PART_TOP_2DLINE_00
10
-0.8
20
-0.4
0
INSERT
2
SMOOTH_0$1
8
PART_TOP_2DLINE_00
10
-0.15
20
-0.4
0
POLYLINE
8
PART_TOP_2DLINE_00
66
1
40
0.1
41
0.1
0
VERTEX
8
PART_TOP_2DLINE_00
10
0.15
20
-0.4
0
VERTEX
8
PART_TOP_2DLINE_00
10
0.8
20
-0.4
0
VERTEX
8
PART_TOP_2DLINE_00
10
0.8
20
0.4
0
VERTEX
8
PART_TOP_2DLINE_00
10
0.15
20
0.4
0
SEQEND
0
INSERT
2
SMOOTH_0$1
8
PART_TOP_2DLINE_00
10
0.15
20
-0.4
0
INSERT
2
SMOOTH_0$1
8
PART_TOP_2DLINE_00
10
0.8
20
-0.4
0
INSERT
2
SMOOTH_0$1
8
PART_TOP_2DLINE_00
10
0.8
20
0.4
0
INSERT
2
SMOOTH_0$1
8
PART_TOP_2DLINE_00
10
0.15
20
0.4
0
ENDBLK
0
BLOCK
2
STK_TOP_7
8
0
10
0
20
0
3
STK_TOP_7
70
64
0
INSERT
2
DRIL_HOLE_0
8
DRIL_PLTE_THRU_01
10
0
20
0
0
INSERT
2
DRIL_HOLE_0
8
DRIL_PLTE_THRU_02
10
0
20
0
0
INSERT
2
DRIL_HOLE_0
8
DRIL_PLTE_THRU_03
10
0
20
0
0
INSERT
2
DRIL_HOLE_0
8
DRIL_PLTE_THRU_04
10
0
20
0
0
INSERT
2
PAD_0
8
PADS_INNER
10
0
20
0
0
INSERT
2
PAD_0
8
PADS_BOT
10
0
20
0
0
INSERT
2
PAD_5
8
PADS_TOP
10
0
20
0
0
ENDBLK
0
BLOCK
2
PART_BODY_TOP_45
8
0
10
0
20
0
3
PART_BODY_TOP_45
70
64
0
POLYLINE
8
PART_TOP_2DLINE_00
66
1
40
0.1
41
0.1
0
VERTEX
8
PART_TOP_2DLINE_00
10
-0.3
20
0.6
0
VERTEX
8
PART_TOP_2DLINE_00
10
-1.2
20
0.6
0
VERTEX
8
PART_TOP_2DLINE_00
10
-1.2
20
-0.6
0
VERTEX
8
PART_TOP_2DLINE_00
10
-0.3
20
-0.6
0
SEQEND
0
INSERT
2
SMOOTH_0$1
8
PART_TOP_2DLINE_00
10
-0.3
20
0.6
0
INSERT
2
SMOOTH_0$1
8
PART_TOP_2DLINE_00
10
-1.2
20
0.6
0
INSERT
2
SMOOTH_0$1
8
PART_TOP_2DLINE_00
10
-1.2
20
-0.6
0
INSERT
2
SMOOTH_0$1
8
PART_TOP_2DLINE_00
10
-0.3
20
-0.6
0
POLYLINE
8
PART_TOP_2DLINE_00
66
1
40
0.1
41
0.1
0
VERTEX
8
PART_TOP_2DLINE_00
10
0.3
20
-0.6
0
VERTEX
8
PART_TOP_2DLINE_00
10
1.2
20
-0.6
0
VERTEX
8
PART_TOP_2DLINE_00
10
1.2
20
0.6
0
VERTEX
8
PART_TOP_2DLINE_00
10
0.3
20
0.6
0
SEQEND
0
INSERT
2
SMOOTH_0$1
8
PART_TOP_2DLINE_00
10
0.3
20
-0.6
0
INSERT
2
SMOOTH_0$1
8
PART_TOP_2DLINE_00
10
1.2
20
-0.6
0
INSERT
2
SMOOTH_0$1
8
PART_TOP_2DLINE_00
10
1.2
20
0.6
0
INSERT
2
SMOOTH_0$1
8
PART_TOP_2DLINE_00
10
0.3
20
0.6
0
ENDBLK
0
BLOCK
2
STK_TOP_8
8
0
10
0
20
0
3
STK_TOP_8
70
64
0
INSERT
2
DRIL_HOLE_0
8
DRIL_PLTE_THRU_01
10
0
20
0
0
INSERT
2
DRIL_HOLE_0
8
DRIL_PLTE_THRU_02
10
0
20
0
0
INSERT
2
DRIL_HOLE_0
8
DRIL_PLTE_THRU_03
10
0
20
0
0
INSERT
2
DRIL_HOLE_0
8
DRIL_PLTE_THRU_04
10
0
20
0
0
INSERT
2
PAD_0
8
PADS_INNER
10
0
20
0
0
INSERT
2
PAD_0
8
PADS_BOT
10
0
20
0
0
INSERT
2
PAD_6
8
PADS_TOP
10
0
20
0
50
90
0
ENDBLK
0
BLOCK
2
PART_BODY_TOP_48
8
0
10
0
20
0
3
PART_BODY_TOP_48
70
64
0
POLYLINE
8
PART_TOP_2DLINE_00
66
1
40
0.199898
41
0.199898
70
1
0
VERTEX
8
PART_TOP_2DLINE_00
10
-9.42264
20
-2.7713886667
0
VERTEX
8
PART_TOP_2DLINE_00
10
-8.6227893333
20
-3.5714886667
0
VERTEX
8
PART_TOP_2DLINE_00
10
-10.22274
20
-3.5714886667
0
SEQEND
0
INSERT
2
SMOOTH_0$199898
8
PART_TOP_2DLINE_00
10
-9.42264
20
-2.7713886667
0
INSERT
2
SMOOTH_0$199898
8
PART_TOP_2DLINE_00
10
-8.6227893333
20
-3.5714886667
0
INSERT
2
SMOOTH_0$199898
8
PART_TOP_2DLINE_00
10
-10.22274
20
-3.5714886667
0
POLYLINE
8
PART_TOP_2DLINE_00
66
1
40
0.199898
41
0.199898
70
1
0
VERTEX
8
PART_TOP_2DLINE_00
10
-10.1000606667
20
-2.1998886667
0
VERTEX
8
PART_TOP_2DLINE_00
10
30
20
-2.1998886667
0
VERTEX
8
PART_TOP_2DLINE_00
10
30
20
2.1998886667
0
VERTEX
8
PART_TOP_2DLINE_00
10
-10.1000606667
20
2.1998886667
0
SEQEND
0
INSERT
2
SMOOTH_0$199898
8
PART_TOP_2DLINE_00
10
-10.1000606667
20
-2.1998886667
0
INSERT
2
SMOOTH_0$199898
8
PART_TOP_2DLINE_00
10
30
20
-2.1998886667
0
INSERT
2
SMOOTH_0$199898
8
PART_TOP_2DLINE_00
10
30
20
2.1998886667
0
INSERT
2
SMOOTH_0$199898
8
PART_TOP_2DLINE_00
10
-10.1000606667
20
2.1998886667
0
POLYLINE
8
PART_TOP_2DLINE_00
66
1
40
0.199898
41
0.199898
70
1
0
VERTEX
8
PART_TOP_2DLINE_00
10
-8.75208
20
-0.1930393333
0
VERTEX
8
PART_TOP_2DLINE_00
10
-8.1940393333
20
-0.1930393333
0
VERTEX
8
PART_TOP_2DLINE_00
10
-8.1940393333
20
-1.8049186667
0
VERTEX
8
PART_TOP_2DLINE_00
10
-9.80491
20
-1.8049186667
0
VERTEX
8
PART_TOP_2DLINE_00
10
-9.80491
20
-0.1930393333
0
SEQEND
0
INSERT
2
SMOOTH_0$199898
8
PART_TOP_2DLINE_00
10
-8.75208
20
-0.1930393333
0
INSERT
2
SMOOTH_0$199898
8
PART_TOP_2DLINE_00
10
-8.1940393333
20
-0.1930393333
0
INSERT
2
SMOOTH_0$199898
8
PART_TOP_2DLINE_00
10
-8.1940393333
20
-1.8049186667
0
INSERT
2
SMOOTH_0$199898
8
PART_TOP_2DLINE_00
10
-9.80491
20
-1.8049186667
0
INSERT
2
SMOOTH_0$199898
8
PART_TOP_2DLINE_00
10
-9.80491
20
-0.1930393333
0
POLYLINE
8
PART_TOP_2DLINE_00
66
1
40
0.2
41
0.2
0
VERTEX
8
PART_TOP_2DLINE_00
10
-8
20
2.1
0
VERTEX
8
PART_TOP_2DLINE_00
10
-8
20
-2.2
0
SEQEND
0
INSERT
2
SMOOTH_0$2
8
PART_TOP_2DLINE_00
10
-8
20
2.1
0
INSERT
2
SMOOTH_0$2
8
PART_TOP_2DLINE_00
10
-8
20
-2.2
0
POLYLINE
8
PART_TOP_2DLINE_00
66
1
40
0.2
41
0.2
0
VERTEX
8
PART_TOP_2DLINE_00
10
-10.1
20
0
0
VERTEX
8
PART_TOP_2DLINE_00
10
30
20
0
0
SEQEND
0
INSERT
2
SMOOTH_0$2
8
PART_TOP_2DLINE_00
10
-10.1
20
0
0
INSERT
2
SMOOTH_0$2
8
PART_TOP_2DLINE_00
10
30
20
0
0
POLYLINE
8
PART_TOP_2DLINE_00
66
1
40
0.2
41
0.2
0
VERTEX
8
PART_TOP_2DLINE_00
10
-6
20
2.1
0
VERTEX
8
PART_TOP_2DLINE_00
10
-6
20
-2.2
0
SEQEND
0
INSERT
2
SMOOTH_0$2
8
PART_TOP_2DLINE_00
10
-6
20
2.1
0
INSERT
2
SMOOTH_0$2
8
PART_TOP_2DLINE_00
10
-6
20
-2.2
0
POLYLINE
8
PART_TOP_2DLINE_00
66
1
40
0.2
41
0.2
0
VERTEX
8
PART_TOP_2DLINE_00
10
-4
20
2.1
0
VERTEX
8
PART_TOP_2DLINE_00
10
-4
20
-2.2
0
SEQEND
0
INSERT
2
SMOOTH_0$2
8
PART_TOP_2DLINE_00
10
-4
20
2.1
0
INSERT
2
SMOOTH_0$2
8
PART_TOP_2DLINE_00
10
-4
20
-2.2
0
POLYLINE
8
PART_TOP_2DLINE_00
66
1
40
0.2
41
0.2
0
VERTEX
8
PART_TOP_2DLINE_00
10
-2
20
2.1
0
VERTEX
8
PART_TOP_2DLINE_00
10
-2
20
-2.2
0
SEQEND
0
INSERT
2
SMOOTH_0$2
8
PART_TOP_2DLINE_00
10
-2
20
2.1
0
INSERT
2
SMOOTH_0$2
8
PART_TOP_2DLINE_00
10
-2
20
-2.2
0
POLYLINE
8
PART_TOP_2DLINE_00
66
1
40
0.2
41
0.2
0
VERTEX
8
PART_TOP_2DLINE_00
10
0
20
2.1
0
VERTEX
8
PART_TOP_2DLINE_00
10
0
20
-2.2
0
SEQEND
0
INSERT
2
SMOOTH_0$2
8
PART_TOP_2DLINE_00
10
0
20
2.1
0
INSERT
2
SMOOTH_0$2
8
PART_TOP_2DLINE_00
10
0
20
-2.2
0
POLYLINE
8
PART_TOP_2DLINE_00
66
1
40
0.2
41
0.2
0
VERTEX
8
PART_TOP_2DLINE_00
10
2
20
2.1
0
VERTEX
8
PART_TOP_2DLINE_00
10
2
20
-2.2
0
SEQEND
0
INSERT
2
SMOOTH_0$2
8
PART_TOP_2DLINE_00
10
2
20
2.1
0
INSERT
2
SMOOTH_0$2
8
PART_TOP_2DLINE_00
10
2
20
-2.2
0
POLYLINE
8
PART_TOP_2DLINE_00
66
1
40
0.2
41
0.2
0
VERTEX
8
PART_TOP_2DLINE_00
10
4
20
2.1
0
VERTEX
8
PART_TOP_2DLINE_00
10
4
20
-2.2
0
SEQEND
0
INSERT
2
SMOOTH_0$2
8
PART_TOP_2DLINE_00
10
4
20
2.1
0
INSERT
2
SMOOTH_0$2
8
PART_TOP_2DLINE_00
10
4
20
-2.2
0
POLYLINE
8
PART_TOP_2DLINE_00
66
1
40
0.2
41
0.2
0
VERTEX
8
PART_TOP_2DLINE_00
10
6
20
2.1
0
VERTEX
8
PART_TOP_2DLINE_00
10
6
20
-2.2
0
SEQEND
0
INSERT
2
SMOOTH_0$2
8
PART_TOP_2DLINE_00
10
6
20
2.1
0
INSERT
2
SMOOTH_0$2
8
PART_TOP_2DLINE_00
10
6
20
-2.2
0
POLYLINE
8
PART_TOP_2DLINE_00
66
1
40
0.2
41
0.2
0
VERTEX
8
PART_TOP_2DLINE_00
10
8
20
2.1
0
VERTEX
8
PART_TOP_2DLINE_00
10
8
20
-2.2
0
SEQEND
0
INSERT
2
SMOOTH_0$2
8
PART_TOP_2DLINE_00
10
8
20
2.1
0
INSERT
2
SMOOTH_0$2
8
PART_TOP_2DLINE_00
10
8
20
-2.2
0
POLYLINE
8
PART_TOP_2DLINE_00
66
1
40
0.2
41
0.2
0
VERTEX
8
PART_TOP_2DLINE_00
10
10
20
2.1
0
VERTEX
8
PART_TOP_2DLINE_00
10
10
20
-2.2
0
SEQEND
0
INSERT
2
SMOOTH_0$2
8
PART_TOP_2DLINE_00
10
10
20
2.1
0
INSERT
2
SMOOTH_0$2
8
PART_TOP_2DLINE_00
10
10
20
-2.2
0
POLYLINE
8
PART_TOP_2DLINE_00
66
1
40
0.2
41
0.2
0
VERTEX
8
PART_TOP_2DLINE_00
10
12
20
2.1
0
VERTEX
8
PART_TOP_2DLINE_00
10
12
20
-2.2
0
SEQEND
0
INSERT
2
SMOOTH_0$2
8
PART_TOP_2DLINE_00
10
12
20
2.1
0
INSERT
2
SMOOTH_0$2
8
PART_TOP_2DLINE_00
10
12
20
-2.2
0
POLYLINE
8
PART_TOP_2DLINE_00
66
1
40
0.2
41
0.2
0
VERTEX
8
PART_TOP_2DLINE_00
10
14
20
2.1
0
VERTEX
8
PART_TOP_2DLINE_00
10
14
20
-2.2
0
SEQEND
0
INSERT
2
SMOOTH_0$2
8
PART_TOP_2DLINE_00
10
14
20
2.1
0
INSERT
2
SMOOTH_0$2
8
PART_TOP_2DLINE_00
10
14
20
-2.2
0
POLYLINE
8
PART_TOP_2DLINE_00
66
1
40
0.2
41
0.2
0
VERTEX
8
PART_TOP_2DLINE_00
10
16
20
2.1
0
VERTEX
8
PART_TOP_2DLINE_00
10
16
20
-2.2
0
SEQEND
0
INSERT
2
SMOOTH_0$2
8
PART_TOP_2DLINE_00
10
16
20
2.1
0
INSERT
2
SMOOTH_0$2
8
PART_TOP_2DLINE_00
10
16
20
-2.2
0
POLYLINE
8
PART_TOP_2DLINE_00
66
1
40
0.2
41
0.2
0
VERTEX
8
PART_TOP_2DLINE_00
10
18
20
2.1
0
VERTEX
8
PART_TOP_2DLINE_00
10
18
20
-2.2
0
SEQEND
0
INSERT
2
SMOOTH_0$2
8
PART_TOP_2DLINE_00
10
18
20
2.1
0
INSERT
2
SMOOTH_0$2
8
PART_TOP_2DLINE_00
10
18
20
-2.2
0
POLYLINE
8
PART_TOP_2DLINE_00
66
1
40
0.2
41
0.2
0
VERTEX
8
PART_TOP_2DLINE_00
10
20
20
2.1
0
VERTEX
8
PART_TOP_2DLINE_00
10
20
20
-2.2
0
SEQEND
0
INSERT
2
SMOOTH_0$2
8
PART_TOP_2DLINE_00
10
20
20
2.1
0
INSERT
2
SMOOTH_0$2
8
PART_TOP_2DLINE_00
10
20
20
-2.2
0
POLYLINE
8
PART_TOP_2DLINE_00
66
1
40
0.2
41
0.2
0
VERTEX
8
PART_TOP_2DLINE_00
10
22
20
2.1
0
VERTEX
8
PART_TOP_2DLINE_00
10
22
20
-2.2
0
SEQEND
0
INSERT
2
SMOOTH_0$2
8
PART_TOP_2DLINE_00
10
22
20
2.1
0
INSERT
2
SMOOTH_0$2
8
PART_TOP_2DLINE_00
10
22
20
-2.2
0
POLYLINE
8
PART_TOP_2DLINE_00
66
1
40
0.2
41
0.2
0
VERTEX
8
PART_TOP_2DLINE_00
10
24
20
2.1
0
VERTEX
8
PART_TOP_2DLINE_00
10
24
20
-2.2
0
SEQEND
0
INSERT
2
SMOOTH_0$2
8
PART_TOP_2DLINE_00
10
24
20
2.1
0
INSERT
2
SMOOTH_0$2
8
PART_TOP_2DLINE_00
10
24
20
-2.2
0
POLYLINE
8
PART_TOP_2DLINE_00
66
1
40
0.2
41
0.2
0
VERTEX
8
PART_TOP_2DLINE_00
10
26
20
2.1
0
VERTEX
8
PART_TOP_2DLINE_00
10
26
20
-2.2
0
SEQEND
0
INSERT
2
SMOOTH_0$2
8
PART_TOP_2DLINE_00
10
26
20
2.1
0
INSERT
2
SMOOTH_0$2
8
PART_TOP_2DLINE_00
10
26
20
-2.2
0
POLYLINE
8
PART_TOP_2DLINE_00
66
1
40
0.2
41
0.2
0
VERTEX
8
PART_TOP_2DLINE_00
10
28
20
2.1
0
VERTEX
8
PART_TOP_2DLINE_00
10
28
20
-2.2
0
SEQEND
0
INSERT
2
SMOOTH_0$2
8
PART_TOP_2DLINE_00
10
28
20
2.1
0
INSERT
2
SMOOTH_0$2
8
PART_TOP_2DLINE_00
10
28
20
-2.2
0
TEXT
8
PART_TOP_TEXT_126
10
-9.1494173333
20
2.827878
40
0.5334
1
2
41
0.75
7
W0$127
0
TEXT
8
PART_TOP_TEXT_126
10
18.587382
20
-3.3697213333
40
0.5334
1
29
41
0.75
7
W0$127
0
TEXT
8
PART_TOP_TEXT_126
10
-1.1484173333
20
-3.3189213333
40
0.5334
1
9
41
0.75
7
W0$127
0
TEXT
8
PART_TOP_TEXT_126
10
8.554382
20
-3.3697213333
40
0.5334
1
19
41
0.75
7
W0$127
0
TEXT
8
PART_TOP_TEXT_126
10
18.17467
20
2.7094686667
40
0.5334
1
30
41
0.75
7
W0$127
0
TEXT
8
PART_TOP_TEXT_126
10
-1.55226
20
2.7093386667
40
0.5334
1
10
41
0.75
7
W0$127
0
TEXT
8
PART_TOP_TEXT_126
10
8.09041
20
2.6253386667
40
0.5334
1
20
41
0.75
7
W0$127
0
TEXT
8
PART_TOP_TEXT_126
10
29.17467
20
2.7094686667
40
0.5334
1
40
41
0.75
7
W0$127
0
TEXT
8
PART_TOP_TEXT_126
10
29.587382
20
-3.3697213333
40
0.5334
1
39
41
0.75
7
W0$127
0
ENDBLK
0
BLOCK
2
STK_TOP_12
8
0
10
0
20
0
3
STK_TOP_12
70
64
0
INSERT
2
DRIL_HOLE_0$8
8
DRIL_PLTE_THRU_01
10
0
20
0
0
INSERT
2
DRIL_HOLE_0$8
8
DRIL_PLTE_THRU_02
10
0
20
0
0
INSERT
2
DRIL_HOLE_0$8
8
DRIL_PLTE_THRU_03
10
0
20
0
0
INSERT
2
DRIL_HOLE_0$8
8
DRIL_PLTE_THRU_04
10
0
20
0
0
INSERT
2
PAD_7
8
PADS_INNER
10
0
20
0
0
INSERT
2
PAD_8
8
PADS_BOT
10
0
20
0
0
INSERT
2
PAD_7
8
PADS_TOP
10
0
20
0
0
ENDBLK
0
BLOCK
2
STK_TOP_11
8
0
10
0
20
0
3
STK_TOP_11
70
64
0
INSERT
2
DRIL_HOLE_0$8
8
DRIL_PLTE_THRU_01
10
0
20
0
0
INSERT
2
DRIL_HOLE_0$8
8
DRIL_PLTE_THRU_02
10
0
20
0
0
INSERT
2
DRIL_HOLE_0$8
8
DRIL_PLTE_THRU_03
10
0
20
0
0
INSERT
2
DRIL_HOLE_0$8
8
DRIL_PLTE_THRU_04
10
0
20
0
0
INSERT
2
PAD_9
8
PADS_INNER
10
0
20
0
0
INSERT
2
PAD_10
8
PADS_BOT
10
0
20
0
0
INSERT
2
PAD_9
8
PADS_TOP
10
0
20
0
0
ENDBLK
0
BLOCK
2
PART_BODY_TOP_49
8
0
10
0
20
0
3
PART_BODY_TOP_49
70
64
0
POLYLINE
8
PART_TOP_2DLINE_126
66
1
40
0.1524
41
0.1524
0
VERTEX
8
PART_TOP_2DLINE_126
10
-1.016
20
0
0
VERTEX
8
PART_TOP_2DLINE_126
10
1.016
20
0
0
SEQEND
0
INSERT
2
SMOOTH_0$1524
8
PART_TOP_2DLINE_126
10
-1.016
20
0
0
INSERT
2
SMOOTH_0$1524
8
PART_TOP_2DLINE_126
10
1.016
20
0
0
POLYLINE
8
PART_TOP_2DLINE_126
66
1
40
0.1524
41
0.1524
0
VERTEX
8
PART_TOP_2DLINE_126
10
-0.4572
20
-0.6096
0
VERTEX
8
PART_TOP_2DLINE_126
10
-0.4572
20
0.6096
0
SEQEND
0
INSERT
2
SMOOTH_0$1524
8
PART_TOP_2DLINE_126
10
-0.4572
20
-0.6096
0
INSERT
2
SMOOTH_0$1524
8
PART_TOP_2DLINE_126
10
-0.4572
20
0.6096
0
POLYLINE
8
PART_TOP_2DLINE_126
66
1
40
0.1524
41
0.1524
70
1
0
VERTEX
8
PART_TOP_2DLINE_126
10
-0.4572
20
0
0
VERTEX
8
PART_TOP_2DLINE_126
10
0.4064
20
0.6096
0
VERTEX
8
PART_TOP_2DLINE_126
10
0.4064
20
-0.6096
0
SEQEND
0
INSERT
2
SMOOTH_0$1524
8
PART_TOP_2DLINE_126
10
-0.4572
20
0
0
INSERT
2
SMOOTH_0$1524
8
PART_TOP_2DLINE_126
10
0.4064
20
0.6096
0
INSERT
2
SMOOTH_0$1524
8
PART_TOP_2DLINE_126
10
0.4064
20
-0.6096
0
POLYLINE
8
PART_TOP_2DLINE_00
66
1
40
0.1
41
0.1
70
1
0
VERTEX
8
PART_TOP_2DLINE_00
10
-2.286
20
-0.7112
0
VERTEX
8
PART_TOP_2DLINE_00
10
-2.286
20
0.762
0
VERTEX
8
PART_TOP_2DLINE_00
10
-2.2352
20
0.8128
0
VERTEX
8
PART_TOP_2DLINE_00
10
2.1336
20
0.8128
0
VERTEX
8
PART_TOP_2DLINE_00
10
2.286
20
0.6604
0
VERTEX
8
PART_TOP_2DLINE_00
10
2.286
20
-0.762
0
VERTEX
8
PART_TOP_2DLINE_00
10
2.2352
20
-0.8128
0
VERTEX
8
PART_TOP_2DLINE_00
10
-2.1844
20
-0.8128
0
SEQEND
0
INSERT
2
SMOOTH_0$1
8
PART_TOP_2DLINE_00
10
-2.286
20
-0.7112
0
INSERT
2
SMOOTH_0$1
8
PART_TOP_2DLINE_00
10
-2.286
20
0.762
0
INSERT
2
SMOOTH_0$1
8
PART_TOP_2DLINE_00
10
-2.2352
20
0.8128
0
INSERT
2
SMOOTH_0$1
8
PART_TOP_2DLINE_00
10
2.1336
20
0.8128
0
INSERT
2
SMOOTH_0$1
8
PART_TOP_2DLINE_00
10
2.286
20
0.6604
0
INSERT
2
SMOOTH_0$1
8
PART_TOP_2DLINE_00
10
2.286
20
-0.762
0
INSERT
2
SMOOTH_0$1
8
PART_TOP_2DLINE_00
10
2.2352
20
-0.8128
0
INSERT
2
SMOOTH_0$1
8
PART_TOP_2DLINE_00
10
-2.1844
20
-0.8128
0
ENDBLK
0
BLOCK
2
STK_TOP_13
8
0
10
0
20
0
3
STK_TOP_13
70
64
0
INSERT
2
DRIL_HOLE_0
8
DRIL_PLTE_THRU_01
10
0
20
0
0
INSERT
2
DRIL_HOLE_0
8
DRIL_PLTE_THRU_02
10
0
20
0
0
INSERT
2
DRIL_HOLE_0
8
DRIL_PLTE_THRU_03
10
0
20
0
0
INSERT
2
DRIL_HOLE_0
8
DRIL_PLTE_THRU_04
10
0
20
0
0
INSERT
2
PAD_0
8
PADS_INNER
10
0
20
0
0
INSERT
2
PAD_0
8
PADS_BOT
10
0
20
0
0
INSERT
2
PAD_11
8
PADS_TOP
10
0
20
0
50
90
0
ENDBLK
0
BLOCK
2
PART_BODY_TOP_50
8
0
10
0
20
0
3
PART_BODY_TOP_50
70
64
0
POLYLINE
8
PART_TOP_COPPER_01
6
TRMIDX_0
66
1
40
0.0254
41
0.0254
70
1
0
VERTEX
8
PART_TOP_COPPER_01
10
-0.2667
20
0.2032
0
VERTEX
8
PART_TOP_COPPER_01
10
-0.0635
20
0
0
VERTEX
8
PART_TOP_COPPER_01
10
-0.2667
20
-0.2032
0
SEQEND
0
INSERT
2
SMOOTH_0$0254
8
PART_TOP_COPPER_01
10
-0.2667
20
0.2032
0
INSERT
2
SMOOTH_0$0254
8
PART_TOP_COPPER_01
10
-0.0635
20
0
0
INSERT
2
SMOOTH_0$0254
8
PART_TOP_COPPER_01
10
-0.2667
20
-0.2032
0
POLYLINE
8
PART_TOP_COPPER_01
6
TRMIDX_1
66
1
40
0.0254
41
0.0254
70
1
0
VERTEX
8
PART_TOP_COPPER_01
10
0.2413
20
0.1778
0
VERTEX
8
PART_TOP_COPPER_01
10
0.0635
20
0
0
VERTEX
8
PART_TOP_COPPER_01
10
0.2413
20
-0.1778
0
SEQEND
0
INSERT
2
SMOOTH_0$0254
8
PART_TOP_COPPER_01
10
0.2413
20
0.1778
0
INSERT
2
SMOOTH_0$0254
8
PART_TOP_COPPER_01
10
0.0635
20
0
0
INSERT
2
SMOOTH_0$0254
8
PART_TOP_COPPER_01
10
0.2413
20
-0.1778
0
POLYLINE
8
PART_TOP_2DLINE_01
66
1
40
0.1
41
0.1
0
VERTEX
8
PART_TOP_2DLINE_01
10
-0.12954
20
0.4
0
VERTEX
8
PART_TOP_2DLINE_01
10
-0.9
20
0.4
0
VERTEX
8
PART_TOP_2DLINE_01
10
-0.9
20
-0.4
0
VERTEX
8
PART_TOP_2DLINE_01
10
-0.12954
20
-0.4
0
SEQEND
0
INSERT
2
SMOOTH_0$1
8
PART_TOP_2DLINE_01
10
-0.12954
20
0.4
0
INSERT
2
SMOOTH_0$1
8
PART_TOP_2DLINE_01
10
-0.9
20
0.4
0
INSERT
2
SMOOTH_0$1
8
PART_TOP_2DLINE_01
10
-0.9
20
-0.4
0
INSERT
2
SMOOTH_0$1
8
PART_TOP_2DLINE_01
10
-0.12954
20
-0.4
0
POLYLINE
8
PART_TOP_2DLINE_01
66
1
40
0.1
41
0.1
0
VERTEX
8
PART_TOP_2DLINE_01
10
0.1295393333
20
0.4
0
VERTEX
8
PART_TOP_2DLINE_01
10
0.89
20
0.4
0
VERTEX
8
PART_TOP_2DLINE_01
10
0.89
20
-0.4
0
VERTEX
8
PART_TOP_2DLINE_01
10
0.1295393333
20
-0.4
0
SEQEND
0
INSERT
2
SMOOTH_0$1
8
PART_TOP_2DLINE_01
10
0.1295393333
20
0.4
0
INSERT
2
SMOOTH_0$1
8
PART_TOP_2DLINE_01
10
0.89
20
0.4
0
INSERT
2
SMOOTH_0$1
8
PART_TOP_2DLINE_01
10
0.89
20
-0.4
0
INSERT
2
SMOOTH_0$1
8
PART_TOP_2DLINE_01
10
0.1295393333
20
-0.4
0
ENDBLK
0
BLOCK
2
STK_TOP_14
8
0
10
0
20
0
3
STK_TOP_14
70
64
0
INSERT
2
DRIL_HOLE_0
8
DRIL_PLTE_THRU_01
10
0
20
0
0
INSERT
2
DRIL_HOLE_0
8
DRIL_PLTE_THRU_02
10
0
20
0
0
INSERT
2
DRIL_HOLE_0
8
DRIL_PLTE_THRU_03
10
0
20
0
0
INSERT
2
DRIL_HOLE_0
8
DRIL_PLTE_THRU_04
10
0
20
0
0
INSERT
2
PAD_0
8
PADS_INNER
10
0
20
0
0
INSERT
2
PAD_0
8
PADS_BOT
10
0
20
0
0
INSERT
2
PAD_12
8
PADS_TOP
10
0
20
0
0
ENDBLK
0
BLOCK
2
PART_BODY_TOP_51
8
0
10
0
20
0
3
PART_BODY_TOP_51
70
64
0
POLYLINE
8
PART_TOP_COPPER_01
6
TRMIDX_0
66
1
40
0.0254
41
0.0254
70
1
0
VERTEX
8
PART_TOP_COPPER_01
10
-0.3556
20
-0.2667
0
VERTEX
8
PART_TOP_COPPER_01
10
-0.08255
20
0.00635
0
VERTEX
8
PART_TOP_COPPER_01
10
-0.36195
20
0.28575
0
VERTEX
8
PART_TOP_COPPER_01
10
-0.36195
20
-0.254
0
VERTEX
8
PART_TOP_COPPER_01
10
-0.3556
20
-0.254
0
SEQEND
0
INSERT
2
SMOOTH_0$0254
8
PART_TOP_COPPER_01
10
-0.3556
20
-0.2667
0
INSERT
2
SMOOTH_0$0254
8
PART_TOP_COPPER_01
10
-0.08255
20
0.00635
0
INSERT
2
SMOOTH_0$0254
8
PART_TOP_COPPER_01
10
-0.36195
20
0.28575
0
INSERT
2
SMOOTH_0$0254
8
PART_TOP_COPPER_01
10
-0.36195
20
-0.254
0
INSERT
2
SMOOTH_0$0254
8
PART_TOP_COPPER_01
10
-0.3556
20
-0.254
0
POLYLINE
8
PART_TOP_COPPER_01
6
TRMIDX_0
66
1
40
0.0254
41
0.0254
70
1
0
VERTEX
8
PART_TOP_COPPER_01
10
-0.3048
20
-0.1651
0
VERTEX
8
PART_TOP_COPPER_01
10
-0.1397
20
0
0
VERTEX
8
PART_TOP_COPPER_01
10
-0.31115
20
0.17145
0
VERTEX
8
PART_TOP_COPPER_01
10
-0.31115
20
-0.1524
0
VERTEX
8
PART_TOP_COPPER_01
10
-0.3048
20
-0.1524
0
SEQEND
0
INSERT
2
SMOOTH_0$0254
8
PART_TOP_COPPER_01
10
-0.3048
20
-0.1651
0
INSERT
2
SMOOTH_0$0254
8
PART_TOP_COPPER_01
10
-0.1397
20
0
0
INSERT
2
SMOOTH_0$0254
8
PART_TOP_COPPER_01
10
-0.31115
20
0.17145
0
INSERT
2
SMOOTH_0$0254
8
PART_TOP_COPPER_01
10
-0.31115
20
-0.1524
0
INSERT
2
SMOOTH_0$0254
8
PART_TOP_COPPER_01
10
-0.3048
20
-0.1524
0
POLYLINE
8
PART_TOP_COPPER_01
6
TRMIDX_0
66
1
40
0.0508
41
0.0508
0
VERTEX
8
PART_TOP_COPPER_01
10
-0.1397
20
-0.0127
0
VERTEX
8
PART_TOP_COPPER_01
10
-0.3302
20
-0.0127
0
SEQEND
0
INSERT
2
SMOOTH_0$0508
8
PART_TOP_COPPER_01
10
-0.1397
20
-0.0127
0
INSERT
2
SMOOTH_0$0508
8
PART_TOP_COPPER_01
10
-0.3302
20
-0.0127
0
POLYLINE
8
PART_TOP_COPPER_01
6
TRMIDX_0
66
1
40
0.0508
41
0.0508
0
VERTEX
8
PART_TOP_COPPER_01
10
-0.2032
20
-0.0635
0
VERTEX
8
PART_TOP_COPPER_01
10
-0.3937
20
-0.0635
0
SEQEND
0
INSERT
2
SMOOTH_0$0508
8
PART_TOP_COPPER_01
10
-0.2032
20
-0.0635
0
INSERT
2
SMOOTH_0$0508
8
PART_TOP_COPPER_01
10
-0.3937
20
-0.0635
0
POLYLINE
8
PART_TOP_COPPER_01
6
TRMIDX_0
66
1
40
0.0508
41
0.0508
0
VERTEX
8
PART_TOP_COPPER_01
10
-0.1651
20
-0.0381
0
VERTEX
8
PART_TOP_COPPER_01
10
-0.3556
20
-0.0381
0
SEQEND
0
INSERT
2
SMOOTH_0$0508
8
PART_TOP_COPPER_01
10
-0.1651
20
-0.0381
0
INSERT
2
SMOOTH_0$0508
8
PART_TOP_COPPER_01
10
-0.3556
20
-0.0381
0
POLYLINE
8
PART_TOP_COPPER_01
6
TRMIDX_0
66
1
40
0.0508
41
0.0508
0
VERTEX
8
PART_TOP_COPPER_01
10
-0.2286
20
-0.1016
0
VERTEX
8
PART_TOP_COPPER_01
10
-0.4191
20
-0.1016
0
SEQEND
0
INSERT
2
SMOOTH_0$0508
8
PART_TOP_COPPER_01
10
-0.2286
20
-0.1016
0
INSERT
2
SMOOTH_0$0508
8
PART_TOP_COPPER_01
10
-0.4191
20
-0.1016
0
POLYLINE
8
PART_TOP_COPPER_01
6
TRMIDX_0
66
1
40
0.0508
41
0.0508
0
VERTEX
8
PART_TOP_COPPER_01
10
-0.2667
20
-0.1397
0
VERTEX
8
PART_TOP_COPPER_01
10
-0.4572
20
-0.1397
0
SEQEND
0
INSERT
2
SMOOTH_0$0508
8
PART_TOP_COPPER_01
10
-0.2667
20
-0.1397
0
INSERT
2
SMOOTH_0$0508
8
PART_TOP_COPPER_01
10
-0.4572
20
-0.1397
0
POLYLINE
8
PART_TOP_COPPER_01
6
TRMIDX_0
66
1
40
0.0508
41
0.0508
0
VERTEX
8
PART_TOP_COPPER_01
10
-0.3048
20
-0.1778
0
VERTEX
8
PART_TOP_COPPER_01
10
-0.4953
20
-0.1778
0
SEQEND
0
INSERT
2
SMOOTH_0$0508
8
PART_TOP_COPPER_01
10
-0.3048
20
-0.1778
0
INSERT
2
SMOOTH_0$0508
8
PART_TOP_COPPER_01
10
-0.4953
20
-0.1778
0
POLYLINE
8
PART_TOP_COPPER_01
6
TRMIDX_0
66
1
40
0.0508
41
0.0508
0
VERTEX
8
PART_TOP_COPPER_01
10
-0.127
20
0.0127
0
VERTEX
8
PART_TOP_COPPER_01
10
-0.3175
20
0.0127
0
SEQEND
0
INSERT
2
SMOOTH_0$0508
8
PART_TOP_COPPER_01
10
-0.127
20
0.0127
0
INSERT
2
SMOOTH_0$0508
8
PART_TOP_COPPER_01
10
-0.3175
20
0.0127
0
POLYLINE
8
PART_TOP_COPPER_01
6
TRMIDX_0
66
1
40
0.0508
41
0.0508
0
VERTEX
8
PART_TOP_COPPER_01
10
-0.1524
20
0.0381
0
VERTEX
8
PART_TOP_COPPER_01
10
-0.3429
20
0.0381
0
SEQEND
0
INSERT
2
SMOOTH_0$0508
8
PART_TOP_COPPER_01
10
-0.1524
20
0.0381
0
INSERT
2
SMOOTH_0$0508
8
PART_TOP_COPPER_01
10
-0.3429
20
0.0381
0
POLYLINE
8
PART_TOP_COPPER_01
6
TRMIDX_0
66
1
40
0.0508
41
0.0508
0
VERTEX
8
PART_TOP_COPPER_01
10
-0.1905
20
0.0635
0
VERTEX
8
PART_TOP_COPPER_01
10
-0.381
20
0.0635
0
SEQEND
0
INSERT
2
SMOOTH_0$0508
8
PART_TOP_COPPER_01
10
-0.1905
20
0.0635
0
INSERT
2
SMOOTH_0$0508
8
PART_TOP_COPPER_01
10
-0.381
20
0.0635
0
POLYLINE
8
PART_TOP_COPPER_01
6
TRMIDX_0
66
1
40
0.0508
41
0.0508
0
VERTEX
8
PART_TOP_COPPER_01
10
-0.2159
20
0.0889
0
VERTEX
8
PART_TOP_COPPER_01
10
-0.4064
20
0.0889
0
SEQEND
0
INSERT
2
SMOOTH_0$0508
8
PART_TOP_COPPER_01
10
-0.2159
20
0.0889
0
INSERT
2
SMOOTH_0$0508
8
PART_TOP_COPPER_01
10
-0.4064
20
0.0889
0
POLYLINE
8
PART_TOP_COPPER_01
6
TRMIDX_0
66
1
40
0.0508
41
0.0508
0
VERTEX
8
PART_TOP_COPPER_01
10
-0.2413
20
0.1143
0
VERTEX
8
PART_TOP_COPPER_01
10
-0.4318
20
0.1143
0
SEQEND
0
INSERT
2
SMOOTH_0$0508
8
PART_TOP_COPPER_01
10
-0.2413
20
0.1143
0
INSERT
2
SMOOTH_0$0508
8
PART_TOP_COPPER_01
10
-0.4318
20
0.1143
0
POLYLINE
8
PART_TOP_COPPER_01
6
TRMIDX_0
66
1
40
0.0508
41
0.0508
0
VERTEX
8
PART_TOP_COPPER_01
10
-0.2667
20
0.1524
0
VERTEX
8
PART_TOP_COPPER_01
10
-0.4572
20
0.1524
0
SEQEND
0
INSERT
2
SMOOTH_0$0508
8
PART_TOP_COPPER_01
10
-0.2667
20
0.1524
0
INSERT
2
SMOOTH_0$0508
8
PART_TOP_COPPER_01
10
-0.4572
20
0.1524
0
POLYLINE
8
PART_TOP_COPPER_01
6
TRMIDX_0
66
1
40
0.0508
41
0.0508
0
VERTEX
8
PART_TOP_COPPER_01
10
-0.3048
20
0.1905
0
VERTEX
8
PART_TOP_COPPER_01
10
-0.4953
20
0.1905
0
SEQEND
0
INSERT
2
SMOOTH_0$0508
8
PART_TOP_COPPER_01
10
-0.3048
20
0.1905
0
INSERT
2
SMOOTH_0$0508
8
PART_TOP_COPPER_01
10
-0.4953
20
0.1905
0
POLYLINE
8
PART_TOP_COPPER_01
6
TRMIDX_1
66
1
40
0.0254
41
0.0254
70
1
0
VERTEX
8
PART_TOP_COPPER_01
10
0.3683
20
0.2794
0
VERTEX
8
PART_TOP_COPPER_01
10
0.09525
20
0.00635
0
VERTEX
8
PART_TOP_COPPER_01
10
0.37465
20
-0.27305
0
VERTEX
8
PART_TOP_COPPER_01
10
0.37465
20
0.2667
0
VERTEX
8
PART_TOP_COPPER_01
10
0.3683
20
0.2667
0
SEQEND
0
INSERT
2
SMOOTH_0$0254
8
PART_TOP_COPPER_01
10
0.3683
20
0.2794
0
INSERT
2
SMOOTH_0$0254
8
PART_TOP_COPPER_01
10
0.09525
20
0.00635
0
INSERT
2
SMOOTH_0$0254
8
PART_TOP_COPPER_01
10
0.37465
20
-0.27305
0
INSERT
2
SMOOTH_0$0254
8
PART_TOP_COPPER_01
10
0.37465
20
0.2667
0
INSERT
2
SMOOTH_0$0254
8
PART_TOP_COPPER_01
10
0.3683
20
0.2667
0
POLYLINE
8
PART_TOP_COPPER_01
6
TRMIDX_1
66
1
40
0.0254
41
0.0254
70
1
0
VERTEX
8
PART_TOP_COPPER_01
10
0.3175
20
0.1778
0
VERTEX
8
PART_TOP_COPPER_01
10
0.1524
20
0.0127
0
VERTEX
8
PART_TOP_COPPER_01
10
0.32385
20
-0.15875
0
VERTEX
8
PART_TOP_COPPER_01
10
0.32385
20
0.1651
0
VERTEX
8
PART_TOP_COPPER_01
10
0.3175
20
0.1651
0
SEQEND
0
INSERT
2
SMOOTH_0$0254
8
PART_TOP_COPPER_01
10
0.3175
20
0.1778
0
INSERT
2
SMOOTH_0$0254
8
PART_TOP_COPPER_01
10
0.1524
20
0.0127
0
INSERT
2
SMOOTH_0$0254
8
PART_TOP_COPPER_01
10
0.32385
20
-0.15875
0
INSERT
2
SMOOTH_0$0254
8
PART_TOP_COPPER_01
10
0.32385
20
0.1651
0
INSERT
2
SMOOTH_0$0254
8
PART_TOP_COPPER_01
10
0.3175
20
0.1651
0
POLYLINE
8
PART_TOP_COPPER_01
6
TRMIDX_1
66
1
40
0.0508
41
0.0508
0
VERTEX
8
PART_TOP_COPPER_01
10
0.1524
20
0.0254
0
VERTEX
8
PART_TOP_COPPER_01
10
0.3429
20
0.0254
0
SEQEND
0
INSERT
2
SMOOTH_0$0508
8
PART_TOP_COPPER_01
10
0.1524
20
0.0254
0
INSERT
2
SMOOTH_0$0508
8
PART_TOP_COPPER_01
10
0.3429
20
0.0254
0
POLYLINE
8
PART_TOP_COPPER_01
6
TRMIDX_1
66
1
40
0.0508
41
0.0508
0
VERTEX
8
PART_TOP_COPPER_01
10
0.2159
20
0.0762
0
VERTEX
8
PART_TOP_COPPER_01
10
0.4064
20
0.0762
0
SEQEND
0
INSERT
2
SMOOTH_0$0508
8
PART_TOP_COPPER_01
10
0.2159
20
0.0762
0
INSERT
2
SMOOTH_0$0508
8
PART_TOP_COPPER_01
10
0.4064
20
0.0762
0
POLYLINE
8
PART_TOP_COPPER_01
6
TRMIDX_1
66
1
40
0.0508
41
0.0508
0
VERTEX
8
PART_TOP_COPPER_01
10
0.1778
20
0.0508
0
VERTEX
8
PART_TOP_COPPER_01
10
0.3683
20
0.0508
0
SEQEND
0
INSERT
2
SMOOTH_0$0508
8
PART_TOP_COPPER_01
10
0.1778
20
0.0508
0
INSERT
2
SMOOTH_0$0508
8
PART_TOP_COPPER_01
10
0.3683
20
0.0508
0
POLYLINE
8
PART_TOP_COPPER_01
6
TRMIDX_1
66
1
40
0.0508
41
0.0508
0
VERTEX
8
PART_TOP_COPPER_01
10
0.2413
20
0.1143
0
VERTEX
8
PART_TOP_COPPER_01
10
0.4318
20
0.1143
0
SEQEND
0
INSERT
2
SMOOTH_0$0508
8
PART_TOP_COPPER_01
10
0.2413
20
0.1143
0
INSERT
2
SMOOTH_0$0508
8
PART_TOP_COPPER_01
10
0.4318
20
0.1143
0
POLYLINE
8
PART_TOP_COPPER_01
6
TRMIDX_1
66
1
40
0.0508
41
0.0508
0
VERTEX
8
PART_TOP_COPPER_01
10
0.2794
20
0.1524
0
VERTEX
8
PART_TOP_COPPER_01
10
0.4699
20
0.1524
0
SEQEND
0
INSERT
2
SMOOTH_0$0508
8
PART_TOP_COPPER_01
10
0.2794
20
0.1524
0
INSERT
2
SMOOTH_0$0508
8
PART_TOP_COPPER_01
10
0.4699
20
0.1524
0
POLYLINE
8
PART_TOP_COPPER_01
6
TRMIDX_1
66
1
40
0.0508
41
0.0508
0
VERTEX
8
PART_TOP_COPPER_01
10
0.3175
20
0.1905
0
VERTEX
8
PART_TOP_COPPER_01
10
0.508
20
0.1905
0
SEQEND
0
INSERT
2
SMOOTH_0$0508
8
PART_TOP_COPPER_01
10
0.3175
20
0.1905
0
INSERT
2
SMOOTH_0$0508
8
PART_TOP_COPPER_01
10
0.508
20
0.1905
0
POLYLINE
8
PART_TOP_COPPER_01
6
TRMIDX_1
66
1
40
0.0508
41
0.0508
0
VERTEX
8
PART_TOP_COPPER_01
10
0.1397
20
0
0
VERTEX
8
PART_TOP_COPPER_01
10
0.3302
20
0
0
SEQEND
0
INSERT
2
SMOOTH_0$0508
8
PART_TOP_COPPER_01
10
0.1397
20
0
0
INSERT
2
SMOOTH_0$0508
8
PART_TOP_COPPER_01
10
0.3302
20
0
0
POLYLINE
8
PART_TOP_COPPER_01
6
TRMIDX_1
66
1
40
0.0508
41
0.0508
0
VERTEX
8
PART_TOP_COPPER_01
10
0.1651
20
-0.0254
0
VERTEX
8
PART_TOP_COPPER_01
10
0.3556
20
-0.0254
0
SEQEND
0
INSERT
2
SMOOTH_0$0508
8
PART_TOP_COPPER_01
10
0.1651
20
-0.0254
0
INSERT
2
SMOOTH_0$0508
8
PART_TOP_COPPER_01
10
0.3556
20
-0.0254
0
POLYLINE
8
PART_TOP_COPPER_01
6
TRMIDX_1
66
1
40
0.0508
41
0.0508
0
VERTEX
8
PART_TOP_COPPER_01
10
0.2032
20
-0.0508
0
VERTEX
8
PART_TOP_COPPER_01
10
0.3937
20
-0.0508
0
SEQEND
0
INSERT
2
SMOOTH_0$0508
8
PART_TOP_COPPER_01
10
0.2032
20
-0.0508
0
INSERT
2
SMOOTH_0$0508
8
PART_TOP_COPPER_01
10
0.3937
20
-0.0508
0
POLYLINE
8
PART_TOP_COPPER_01
6
TRMIDX_1
66
1
40
0.0508
41
0.0508
0
VERTEX
8
PART_TOP_COPPER_01
10
0.2286
20
-0.0762
0
VERTEX
8
PART_TOP_COPPER_01
10
0.4191
20
-0.0762
0
SEQEND
0
INSERT
2
SMOOTH_0$0508
8
PART_TOP_COPPER_01
10
0.2286
20
-0.0762
0
INSERT
2
SMOOTH_0$0508
8
PART_TOP_COPPER_01
10
0.4191
20
-0.0762
0
POLYLINE
8
PART_TOP_COPPER_01
6
TRMIDX_1
66
1
40
0.0508
41
0.0508
0
VERTEX
8
PART_TOP_COPPER_01
10
0.254
20
-0.1016
0
VERTEX
8
PART_TOP_COPPER_01
10
0.4445
20
-0.1016
0
SEQEND
0
INSERT
2
SMOOTH_0$0508
8
PART_TOP_COPPER_01
10
0.254
20
-0.1016
0
INSERT
2
SMOOTH_0$0508
8
PART_TOP_COPPER_01
10
0.4445
20
-0.1016
0
POLYLINE
8
PART_TOP_COPPER_01
6
TRMIDX_1
66
1
40
0.0508
41
0.0508
0
VERTEX
8
PART_TOP_COPPER_01
10
0.2794
20
-0.1397
0
VERTEX
8
PART_TOP_COPPER_01
10
0.4699
20
-0.1397
0
SEQEND
0
INSERT
2
SMOOTH_0$0508
8
PART_TOP_COPPER_01
10
0.2794
20
-0.1397
0
INSERT
2
SMOOTH_0$0508
8
PART_TOP_COPPER_01
10
0.4699
20
-0.1397
0
POLYLINE
8
PART_TOP_COPPER_01
6
TRMIDX_1
66
1
40
0.0508
41
0.0508
0
VERTEX
8
PART_TOP_COPPER_01
10
0.3175
20
-0.1778
0
VERTEX
8
PART_TOP_COPPER_01
10
0.508
20
-0.1778
0
SEQEND
0
INSERT
2
SMOOTH_0$0508
8
PART_TOP_COPPER_01
10
0.3175
20
-0.1778
0
INSERT
2
SMOOTH_0$0508
8
PART_TOP_COPPER_01
10
0.508
20
-0.1778
0
POLYLINE
8
PART_TOP_2DLINE_00
66
1
40
0.127
41
0.127
70
1
0
VERTEX
8
PART_TOP_2DLINE_00
10
1.143
20
-0.5588
0
VERTEX
8
PART_TOP_2DLINE_00
10
1.143
20
0.5588
0
VERTEX
8
PART_TOP_2DLINE_00
10
-1.143
20
0.5588
0
VERTEX
8
PART_TOP_2DLINE_00
10
-1.143
20
-0.5588
0
SEQEND
0
INSERT
2
SMOOTH_0$127
8
PART_TOP_2DLINE_00
10
1.143
20
-0.5588
0
INSERT
2
SMOOTH_0$127
8
PART_TOP_2DLINE_00
10
1.143
20
0.5588
0
INSERT
2
SMOOTH_0$127
8
PART_TOP_2DLINE_00
10
-1.143
20
0.5588
0
INSERT
2
SMOOTH_0$127
8
PART_TOP_2DLINE_00
10
-1.143
20
-0.5588
0
ENDBLK
0
BLOCK
2
STK_TOP_15
8
0
10
0
20
0
3
STK_TOP_15
70
64
0
INSERT
2
DRIL_HOLE_0
8
DRIL_PLTE_THRU_01
10
0
20
0
0
INSERT
2
DRIL_HOLE_0
8
DRIL_PLTE_THRU_02
10
0
20
0
0
INSERT
2
DRIL_HOLE_0
8
DRIL_PLTE_THRU_03
10
0
20
0
0
INSERT
2
DRIL_HOLE_0
8
DRIL_PLTE_THRU_04
10
0
20
0
0
INSERT
2
PAD_0
8
PADS_INNER
10
0
20
0
0
INSERT
2
PAD_0
8
PADS_BOT
10
0
20
0
0
INSERT
2
PAD_13
8
PADS_TOP
10
0
20
0
50
90
0
ENDBLK
0
BLOCK
2
PART_BODY_TOP_52
8
0
10
0
20
0
3
PART_BODY_TOP_52
70
64
0
POLYLINE
8
PART_TOP_2DLINE_01
66
1
40
0.2032
41
0.2032
70
1
0
VERTEX
8
PART_TOP_2DLINE_01
10
-2.25
20
-0.085
0
VERTEX
8
PART_TOP_2DLINE_01
10
-4.9
20
-0.085
0
VERTEX
8
PART_TOP_2DLINE_01
10
-4.9
20
-5.391
0
VERTEX
8
PART_TOP_2DLINE_01
10
4.9
20
-5.391
0
VERTEX
8
PART_TOP_2DLINE_01
10
4.9
20
-0.265
0
VERTEX
8
PART_TOP_2DLINE_01
10
2.3
20
-0.265
0
VERTEX
8
PART_TOP_2DLINE_01
10
2.3
20
-1.505
0
VERTEX
8
PART_TOP_2DLINE_01
10
-2.25
20
-1.505
0
SEQEND
0
INSERT
2
SMOOTH_0$2032
8
PART_TOP_2DLINE_01
10
-2.25
20
-0.085
0
INSERT
2
SMOOTH_0$2032
8
PART_TOP_2DLINE_01
10
-4.9
20
-0.085
0
INSERT
2
SMOOTH_0$2032
8
PART_TOP_2DLINE_01
10
-4.9
20
-5.391
0
INSERT
2
SMOOTH_0$2032
8
PART_TOP_2DLINE_01
10
4.9
20
-5.391
0
INSERT
2
SMOOTH_0$2032
8
PART_TOP_2DLINE_01
10
4.9
20
-0.265
0
INSERT
2
SMOOTH_0$2032
8
PART_TOP_2DLINE_01
10
2.3
20
-0.265
0
INSERT
2
SMOOTH_0$2032
8
PART_TOP_2DLINE_01
10
2.3
20
-1.505
0
INSERT
2
SMOOTH_0$2032
8
PART_TOP_2DLINE_01
10
-2.25
20
-1.505
0
POLYLINE
8
PART_TOP_2DLINE_00
66
1
40
0.2032
41
0.2032
70
1
0
VERTEX
8
PART_TOP_2DLINE_00
10
2.045
20
1
0
VERTEX
8
PART_TOP_2DLINE_00
10
2.345
20
0.2
0
VERTEX
8
PART_TOP_2DLINE_00
10
2.645
20
1
0
SEQEND
0
INSERT
2
SMOOTH_0$2032
8
PART_TOP_2DLINE_00
10
2.045
20
1
0
INSERT
2
SMOOTH_0$2032
8
PART_TOP_2DLINE_00
10
2.345
20
0.2
0
INSERT
2
SMOOTH_0$2032
8
PART_TOP_2DLINE_00
10
2.645
20
1
0
ENDBLK
0
BLOCK
2
STK_TOP_16
8
0
10
0
20
0
3
STK_TOP_16
70
64
0
INSERT
2
DRIL_HOLE_0
8
DRIL_PLTE_THRU_01
10
0
20
0
0
INSERT
2
DRIL_HOLE_0
8
DRIL_PLTE_THRU_02
10
0
20
0
0
INSERT
2
DRIL_HOLE_0
8
DRIL_PLTE_THRU_03
10
0
20
0
0
INSERT
2
DRIL_HOLE_0
8
DRIL_PLTE_THRU_04
10
0
20
0
0
INSERT
2
PAD_0
8
PADS_INNER
10
0
20
0
0
INSERT
2
PAD_0
8
PADS_BOT
10
0
20
0
0
INSERT
2
PAD_14
8
PADS_XR_121
10
0
20
0
50
90
0
INSERT
2
PAD_14
8
PADS_XR_123
10
0
20
0
50
90
0
INSERT
2
PAD_14
8
PADS_TOP
10
0
20
0
50
90
0
ENDBLK
0
BLOCK
2
STK_TOP_17
8
0
10
0
20
0
3
STK_TOP_17
70
64
0
INSERT
2
DRIL_HOLE_0
8
DRIL_PLTE_THRU_01
10
0
20
0
0
INSERT
2
DRIL_HOLE_0
8
DRIL_PLTE_THRU_02
10
0
20
0
0
INSERT
2
DRIL_HOLE_0
8
DRIL_PLTE_THRU_03
10
0
20
0
0
INSERT
2
DRIL_HOLE_0
8
DRIL_PLTE_THRU_04
10
0
20
0
0
INSERT
2
PAD_0
8
PADS_INNER
10
0
20
0
0
INSERT
2
PAD_0
8
PADS_BOT
10
0
20
0
0
INSERT
2
PAD_15
8
PADS_XR_121
10
0
20
0
50
90
0
INSERT
2
PAD_15
8
PADS_XR_123
10
0
20
0
50
90
0
INSERT
2
PAD_16
8
PADS_TOP
10
0
20
0
50
90
0
ENDBLK
0
BLOCK
2
PART_BODY_TOP_53
8
0
10
0
20
0
3
PART_BODY_TOP_53
70
64
0
POLYLINE
8
PART_TOP_2DLINE_126
66
1
40
0.10008
41
0.10008
70
1
0
VERTEX
8
PART_TOP_2DLINE_126
10
-8.64
20
4.67
0
VERTEX
8
PART_TOP_2DLINE_126
10
-8.64
20
-2.28
0
VERTEX
8
PART_TOP_2DLINE_126
10
0
20
-2.28
0
VERTEX
8
PART_TOP_2DLINE_126
10
0
20
4.67
0
SEQEND
0
INSERT
2
SMOOTH_0$10008
8
PART_TOP_2DLINE_126
10
-8.64
20
4.67
0
INSERT
2
SMOOTH_0$10008
8
PART_TOP_2DLINE_126
10
-8.64
20
-2.28
0
INSERT
2
SMOOTH_0$10008
8
PART_TOP_2DLINE_126
10
0
20
-2.28
0
INSERT
2
SMOOTH_0$10008
8
PART_TOP_2DLINE_126
10
0
20
4.67
0
ENDBLK
0
BLOCK
2
STK_TOP_19
8
0
10
0
20
0
3
STK_TOP_19
70
64
0
INSERT
2
DRIL_SLOT_0002300059000000900
8
DRIL_PLTE_THRU_01
10
0
20
0
0
INSERT
2
DRIL_SLOT_0002300059000000900
8
DRIL_PLTE_THRU_02
10
0
20
0
0
INSERT
2
DRIL_SLOT_0002300059000000900
8
DRIL_PLTE_THRU_03
10
0
20
0
0
INSERT
2
DRIL_SLOT_0002300059000000900
8
DRIL_PLTE_THRU_04
10
0
20
0
0
INSERT
2
PAD_17
8
PADS_INNER
10
0
20
0
50
90
0
INSERT
2
PAD_18
8
PADS_BOT
10
0
20
0
50
90
0
INSERT
2
PAD_19
8
PADS_TOP
10
0
20
0
50
90
0
ENDBLK
0
BLOCK
2
STK_TOP_20
8
0
10
0
20
0
3
STK_TOP_20
70
64
0
INSERT
2
DRIL_SLOT_0002300059000000900
8
DRIL_PLTE_THRU_01
10
0
20
0
0
INSERT
2
DRIL_SLOT_0002300059000000900
8
DRIL_PLTE_THRU_02
10
0
20
0
0
INSERT
2
DRIL_SLOT_0002300059000000900
8
DRIL_PLTE_THRU_03
10
0
20
0
0
INSERT
2
DRIL_SLOT_0002300059000000900
8
DRIL_PLTE_THRU_04
10
0
20
0
0
INSERT
2
PAD_19
8
PADS_INNER
10
0
20
0
50
90
0
INSERT
2
PAD_20
8
PADS_BOT
10
0
20
0
50
90
0
INSERT
2
PAD_21
8
PADS_TOP
10
0
20
0
50
90
0
ENDBLK
0
BLOCK
2
STK_TOP_21
8
0
10
0
20
0
3
STK_TOP_21
70
64
0
INSERT
2
DRIL_HOLE_0$65
8
DRIL_PLTE_THRU_01
10
0
20
0
0
INSERT
2
DRIL_HOLE_0$65
8
DRIL_PLTE_THRU_02
10
0
20
0
0
INSERT
2
DRIL_HOLE_0$65
8
DRIL_PLTE_THRU_03
10
0
20
0
0
INSERT
2
DRIL_HOLE_0$65
8
DRIL_PLTE_THRU_04
10
0
20
0
0
INSERT
2
PAD_22
8
PADS_INNER
10
0
20
0
0
INSERT
2
PAD_22
8
PADS_BOT
10
0
20
0
0
INSERT
2
PAD_22
8
PADS_TOP
10
0
20
0
0
ENDBLK
0
BLOCK
2
STK_TOP_18
8
0
10
0
20
0
3
STK_TOP_18
70
64
0
INSERT
2
DRIL_HOLE_0
8
DRIL_PLTE_THRU_01
10
0
20
0
0
INSERT
2
DRIL_HOLE_0
8
DRIL_PLTE_THRU_02
10
0
20
0
0
INSERT
2
DRIL_HOLE_0
8
DRIL_PLTE_THRU_03
10
0
20
0
0
INSERT
2
DRIL_HOLE_0
8
DRIL_PLTE_THRU_04
10
0
20
0
0
INSERT
2
PAD_0
8
PADS_INNER
10
0
20
0
0
INSERT
2
PAD_0
8
PADS_BOT
10
0
20
0
0
INSERT
2
PAD_23
8
PADS_TOP
10
0
20
0
50
90
0
ENDBLK
0
BLOCK
2
STK_TOP_22
8
0
10
0
20
0
3
STK_TOP_22
70
64
0
INSERT
2
DRIL_HOLE_0
8
DRIL_PLTE_THRU_01
10
0
20
0
0
INSERT
2
DRIL_HOLE_0
8
DRIL_PLTE_THRU_02
10
0
20
0
0
INSERT
2
DRIL_HOLE_0
8
DRIL_PLTE_THRU_03
10
0
20
0
0
INSERT
2
DRIL_HOLE_0
8
DRIL_PLTE_THRU_04
10
0
20
0
0
INSERT
2
PAD_0
8
PADS_INNER
10
0
20
0
0
INSERT
2
PAD_0
8
PADS_BOT
10
0
20
0
0
INSERT
2
PAD_24
8
PADS_TOP
10
0
20
0
50
90
0
ENDBLK
0
BLOCK
2
PART_BODY_TOP_54
8
0
10
0
20
0
3
PART_BODY_TOP_54
70
64
0
POLYLINE
8
PART_TOP_2DLINE_01
66
1
40
0.127
41
0.127
70
1
0
VERTEX
8
PART_TOP_2DLINE_01
10
-16.68
20
-0.15
0
VERTEX
8
PART_TOP_2DLINE_01
10
-16.68
20
-4.825
0
VERTEX
8
PART_TOP_2DLINE_01
10
1.9
20
-4.825
0
VERTEX
8
PART_TOP_2DLINE_01
10
1.9
20
-0.15
0
VERTEX
8
PART_TOP_2DLINE_01
10
0.5
20
-0.15
0
VERTEX
8
PART_TOP_2DLINE_01
10
0.5
20
-0.85
0
VERTEX
8
PART_TOP_2DLINE_01
10
-15.03
20
-0.85
0
VERTEX
8
PART_TOP_2DLINE_01
10
-15.03
20
-0.15
0
SEQEND
0
INSERT
2
SMOOTH_0$127
8
PART_TOP_2DLINE_01
10
-16.68
20
-0.15
0
INSERT
2
SMOOTH_0$127
8
PART_TOP_2DLINE_01
10
-16.68
20
-4.825
0
INSERT
2
SMOOTH_0$127
8
PART_TOP_2DLINE_01
10
1.9
20
-4.825
0
INSERT
2
SMOOTH_0$127
8
PART_TOP_2DLINE_01
10
1.9
20
-0.15
0
INSERT
2
SMOOTH_0$127
8
PART_TOP_2DLINE_01
10
0.5
20
-0.15
0
INSERT
2
SMOOTH_0$127
8
PART_TOP_2DLINE_01
10
0.5
20
-0.85
0
INSERT
2
SMOOTH_0$127
8
PART_TOP_2DLINE_01
10
-15.03
20
-0.85
0
INSERT
2
SMOOTH_0$127
8
PART_TOP_2DLINE_01
10
-15.03
20
-0.15
0
ENDBLK
0
BLOCK
2
STK_TOP_23
8
0
10
0
20
0
3
STK_TOP_23
70
64
0
INSERT
2
DRIL_HOLE_0
8
DRIL_PLTE_THRU_01
10
0
20
0
0
INSERT
2
DRIL_HOLE_0
8
DRIL_PLTE_THRU_02
10
0
20
0
0
INSERT
2
DRIL_HOLE_0
8
DRIL_PLTE_THRU_03
10
0
20
0
0
INSERT
2
DRIL_HOLE_0
8
DRIL_PLTE_THRU_04
10
0
20
0
0
INSERT
2
PAD_0
8
PADS_INNER
10
0
20
0
0
INSERT
2
PAD_0
8
PADS_BOT
10
0
20
0
0
INSERT
2
PAD_25
8
PADS_TOP
10
0
20
0
50
90
0
ENDBLK
0
BLOCK
2
STK_TOP_24
8
0
10
0
20
0
3
STK_TOP_24
70
64
0
INSERT
2
DRIL_HOLE_0
8
DRIL_PLTE_THRU_01
10
0
20
0
0
INSERT
2
DRIL_HOLE_0
8
DRIL_PLTE_THRU_02
10
0
20
0
0
INSERT
2
DRIL_HOLE_0
8
DRIL_PLTE_THRU_03
10
0
20
0
0
INSERT
2
DRIL_HOLE_0
8
DRIL_PLTE_THRU_04
10
0
20
0
0
INSERT
2
PAD_0
8
PADS_INNER
10
0
20
0
0
INSERT
2
PAD_0
8
PADS_BOT
10
0
20
0
0
INSERT
2
PAD_26
8
PADS_TOP
10
0
20
0
0
ENDBLK
0
BLOCK
2
PART_BODY_TOP_55
8
0
10
0
20
0
3
PART_BODY_TOP_55
70
64
0
POLYLINE
8
PART_TOP_2DLINE_01
66
1
40
0.100076
41
0.100076
70
1
0
VERTEX
8
PART_TOP_2DLINE_01
10
3.984396
20
-6.3999933333
0
VERTEX
8
PART_TOP_2DLINE_01
10
3.984396
20
8.2999993333
0
VERTEX
8
PART_TOP_2DLINE_01
10
-10.5156
20
8.2999993333
0
VERTEX
8
PART_TOP_2DLINE_01
10
-10.5156
20
-6.3999933333
0
SEQEND
0
INSERT
2
SMOOTH_0$100076
8
PART_TOP_2DLINE_01
10
3.984396
20
-6.3999933333
0
INSERT
2
SMOOTH_0$100076
8
PART_TOP_2DLINE_01
10
3.984396
20
8.2999993333
0
INSERT
2
SMOOTH_0$100076
8
PART_TOP_2DLINE_01
10
-10.5156
20
8.2999993333
0
INSERT
2
SMOOTH_0$100076
8
PART_TOP_2DLINE_01
10
-10.5156
20
-6.3999933333
0
ENDBLK
0
BLOCK
2
STK_TOP_25
8
0
10
0
20
0
3
STK_TOP_25
70
64
0
INSERT
2
DRIL_HOLE_0
8
DRIL_PLTE_THRU_01
10
0
20
0
0
INSERT
2
DRIL_HOLE_0
8
DRIL_PLTE_THRU_02
10
0
20
0
0
INSERT
2
DRIL_HOLE_0
8
DRIL_PLTE_THRU_03
10
0
20
0
0
INSERT
2
DRIL_HOLE_0
8
DRIL_PLTE_THRU_04
10
0
20
0
0
INSERT
2
PAD_0
8
PADS_INNER
10
0
20
0
0
INSERT
2
PAD_0
8
PADS_BOT
10
0
20
0
0
INSERT
2
PAD_27
8
PADS_TOP
10
0
20
0
0
ENDBLK
0
BLOCK
2
STK_TOP_26
8
0
10
0
20
0
3
STK_TOP_26
70
64
0
INSERT
2
DRIL_HOLE_0
8
DRIL_PLTE_THRU_01
10
0
20
0
0
INSERT
2
DRIL_HOLE_0
8
DRIL_PLTE_THRU_02
10
0
20
0
0
INSERT
2
DRIL_HOLE_0
8
DRIL_PLTE_THRU_03
10
0
20
0
0
INSERT
2
DRIL_HOLE_0
8
DRIL_PLTE_THRU_04
10
0
20
0
0
INSERT
2
PAD_0
8
PADS_INNER
10
0
20
0
0
INSERT
2
PAD_0
8
PADS_BOT
10
0
20
0
0
INSERT
2
PAD_28
8
PADS_TOP
10
0
20
0
0
ENDBLK
0
BLOCK
2
STK_TOP_27
8
0
10
0
20
0
3
STK_TOP_27
70
64
0
INSERT
2
DRIL_HOLE_0
8
DRIL_PLTE_THRU_01
10
0
20
0
0
INSERT
2
DRIL_HOLE_0
8
DRIL_PLTE_THRU_02
10
0
20
0
0
INSERT
2
DRIL_HOLE_0
8
DRIL_PLTE_THRU_03
10
0
20
0
0
INSERT
2
DRIL_HOLE_0
8
DRIL_PLTE_THRU_04
10
0
20
0
0
INSERT
2
PAD_0
8
PADS_INNER
10
0
20
0
0
INSERT
2
PAD_0
8
PADS_BOT
10
0
20
0
0
INSERT
2
PAD_29
8
PADS_TOP
10
0
20
0
0
ENDBLK
0
BLOCK
2
STK_TOP_28
8
0
10
0
20
0
3
STK_TOP_28
70
64
0
INSERT
2
DRIL_HOLE_0$9
8
DRIL_NPLTE_THRU_01
10
0
20
0
0
INSERT
2
DRIL_HOLE_0$9
8
DRIL_NPLTE_THRU_02
10
0
20
0
0
INSERT
2
DRIL_HOLE_0$9
8
DRIL_NPLTE_THRU_03
10
0
20
0
0
INSERT
2
DRIL_HOLE_0$9
8
DRIL_NPLTE_THRU_04
10
0
20
0
0
INSERT
2
PAD_30
8
PADS_INNER
10
0
20
0
0
INSERT
2
PAD_30
8
PADS_BOT
10
0
20
0
0
INSERT
2
PAD_30
8
PADS_TOP
10
0
20
0
0
ENDBLK
0
BLOCK
2
PART_BODY_TOP_56
8
0
10
0
20
0
3
PART_BODY_TOP_56
70
64
0
POLYLINE
8
PART_TOP_2DLINE_00
66
1
40
0.10008
41
0.10008
0
VERTEX
8
PART_TOP_2DLINE_00
10
-6.2
20
0
0
VERTEX
8
PART_TOP_2DLINE_00
10
3.8
20
0
0
VERTEX
8
PART_TOP_2DLINE_00
10
3.8
20
11.6
0
VERTEX
8
PART_TOP_2DLINE_00
10
-6.3
20
11.6
0
VERTEX
8
PART_TOP_2DLINE_00
10
-6.3
20
0
0
SEQEND
0
INSERT
2
SMOOTH_0$100076
8
PART_TOP_2DLINE_00
10
-6.2
20
0
0
INSERT
2
SMOOTH_0$100076
8
PART_TOP_2DLINE_00
10
3.8
20
0
0
INSERT
2
SMOOTH_0$100076
8
PART_TOP_2DLINE_00
10
3.8
20
11.6
0
INSERT
2
SMOOTH_0$100076
8
PART_TOP_2DLINE_00
10
-6.3
20
11.6
0
INSERT
2
SMOOTH_0$100076
8
PART_TOP_2DLINE_00
10
-6.3
20
0
0
POLYLINE
8
PART_TOP_2DLINE_00
66
1
40
0.10008
41
0.10008
0
VERTEX
8
PART_TOP_2DLINE_00
10
-3
20
0
0
VERTEX
8
PART_TOP_2DLINE_00
10
-3
20
1.46567
0
VERTEX
8
PART_TOP_2DLINE_00
10
3
20
1.46567
0
VERTEX
8
PART_TOP_2DLINE_00
10
3
20
0
0
SEQEND
0
INSERT
2
SMOOTH_0$100076
8
PART_TOP_2DLINE_00
10
-3
20
0
0
INSERT
2
SMOOTH_0$100076
8
PART_TOP_2DLINE_00
10
-3
20
1.46567
0
INSERT
2
SMOOTH_0$100076
8
PART_TOP_2DLINE_00
10
3
20
1.46567
0
INSERT
2
SMOOTH_0$100076
8
PART_TOP_2DLINE_00
10
3
20
0
0
POLYLINE
8
PART_TOP_2DLINE_00
66
1
40
0.10008
41
0.10008
0
VERTEX
8
PART_TOP_2DLINE_00
10
1.25
20
0
0
VERTEX
8
PART_TOP_2DLINE_00
10
1.25
20
0.6
0
VERTEX
8
PART_TOP_2DLINE_00
10
-1.25
20
0.6
0
VERTEX
8
PART_TOP_2DLINE_00
10
-1.25
20
0
0
SEQEND
0
INSERT
2
SMOOTH_0$100076
8
PART_TOP_2DLINE_00
10
1.25
20
0
0
INSERT
2
SMOOTH_0$100076
8
PART_TOP_2DLINE_00
10
1.25
20
0.6
0
INSERT
2
SMOOTH_0$100076
8
PART_TOP_2DLINE_00
10
-1.25
20
0.6
0
INSERT
2
SMOOTH_0$100076
8
PART_TOP_2DLINE_00
10
-1.25
20
0
0
POLYLINE
8
KEEPOUT_01
6
KEEPOUT_00011100$0
66
1
70
1
0
VERTEX
8
KEEPOUT_01
10
-0.7586666667
20
4.7413333333
0
VERTEX
8
KEEPOUT_01
10
0.7413333333
20
4.7413333333
0
VERTEX
8
KEEPOUT_01
10
0.7413333333
20
3.2413333333
0
VERTEX
8
KEEPOUT_01
10
-0.7586666667
20
3.2413333333
0
SEQEND
0
POLYLINE
8
PART_TOP_2DLINE_00
66
1
40
0.10008
41
0.10008
0
VERTEX
8
PART_TOP_2DLINE_00
10
4.5
20
1
0
VERTEX
8
PART_TOP_2DLINE_00
10
4.5
20
0
0
SEQEND
0
INSERT
2
SMOOTH_0$100076
8
PART_TOP_2DLINE_00
10
4.5
20
1
0
INSERT
2
SMOOTH_0$100076
8
PART_TOP_2DLINE_00
10
4.5
20
0
0
POLYLINE
8
PART_TOP_2DLINE_00
66
1
40
0.10008
41
0.10008
0
VERTEX
8
PART_TOP_2DLINE_00
10
4.5
20
2.5
0
VERTEX
8
PART_TOP_2DLINE_00
10
4.5
20
1.5
0
SEQEND
0
INSERT
2
SMOOTH_0$100076
8
PART_TOP_2DLINE_00
10
4.5
20
2.5
0
INSERT
2
SMOOTH_0$100076
8
PART_TOP_2DLINE_00
10
4.5
20
1.5
0
POLYLINE
8
PART_TOP_2DLINE_00
66
1
40
0.10008
41
0.10008
0
VERTEX
8
PART_TOP_2DLINE_00
10
4.5
20
4
0
VERTEX
8
PART_TOP_2DLINE_00
10
4.5
20
3
0
SEQEND
0
INSERT
2
SMOOTH_0$100076
8
PART_TOP_2DLINE_00
10
4.5
20
4
0
INSERT
2
SMOOTH_0$100076
8
PART_TOP_2DLINE_00
10
4.5
20
3
0
POLYLINE
8
PART_TOP_2DLINE_00
66
1
40
0.10008
41
0.10008
0
VERTEX
8
PART_TOP_2DLINE_00
10
4.5
20
5.5
0
VERTEX
8
PART_TOP_2DLINE_00
10
4.5
20
4.5
0
SEQEND
0
INSERT
2
SMOOTH_0$100076
8
PART_TOP_2DLINE_00
10
4.5
20
5.5
0
INSERT
2
SMOOTH_0$100076
8
PART_TOP_2DLINE_00
10
4.5
20
4.5
0
POLYLINE
8
PART_TOP_2DLINE_00
66
1
40
0.10008
41
0.10008
0
VERTEX
8
PART_TOP_2DLINE_00
10
4.5
20
7
0
VERTEX
8
PART_TOP_2DLINE_00
10
4.5
20
6
0
SEQEND
0
INSERT
2
SMOOTH_0$100076
8
PART_TOP_2DLINE_00
10
4.5
20
7
0
INSERT
2
SMOOTH_0$100076
8
PART_TOP_2DLINE_00
10
4.5
20
6
0
POLYLINE
8
PART_TOP_2DLINE_00
66
1
40
0.10008
41
0.10008
0
VERTEX
8
PART_TOP_2DLINE_00
10
4.5
20
8.5
0
VERTEX
8
PART_TOP_2DLINE_00
10
4.5
20
7.5
0
SEQEND
0
INSERT
2
SMOOTH_0$100076
8
PART_TOP_2DLINE_00
10
4.5
20
8.5
0
INSERT
2
SMOOTH_0$100076
8
PART_TOP_2DLINE_00
10
4.5
20
7.5
0
POLYLINE
8
PART_TOP_2DLINE_00
66
1
40
0.10008
41
0.10008
0
VERTEX
8
PART_TOP_2DLINE_00
10
4.5
20
10
0
VERTEX
8
PART_TOP_2DLINE_00
10
4.5
20
9
0
SEQEND
0
INSERT
2
SMOOTH_0$100076
8
PART_TOP_2DLINE_00
10
4.5
20
10
0
INSERT
2
SMOOTH_0$100076
8
PART_TOP_2DLINE_00
10
4.5
20
9
0
POLYLINE
8
PART_TOP_2DLINE_00
66
1
40
0.10008
41
0.10008
0
VERTEX
8
PART_TOP_2DLINE_00
10
4.5
20
11.5
0
VERTEX
8
PART_TOP_2DLINE_00
10
4.5
20
10.5
0
SEQEND
0
INSERT
2
SMOOTH_0$100076
8
PART_TOP_2DLINE_00
10
4.5
20
11.5
0
INSERT
2
SMOOTH_0$100076
8
PART_TOP_2DLINE_00
10
4.5
20
10.5
0
POLYLINE
8
PART_TOP_2DLINE_01
66
1
40
0.10008
41
0.10008
0
VERTEX
8
PART_TOP_2DLINE_01
10
4
20
11.6
0
VERTEX
8
PART_TOP_2DLINE_01
10
4.2
20
11.6
0
SEQEND
0
INSERT
2
SMOOTH_0$100076
8
PART_TOP_2DLINE_01
10
4
20
11.6
0
INSERT
2
SMOOTH_0$100076
8
PART_TOP_2DLINE_01
10
4.2
20
11.6
0
POLYLINE
8
PART_TOP_2DLINE_01
66
1
40
0.10008
41
0.10008
0
VERTEX
8
PART_TOP_2DLINE_01
10
4
20
0
0
VERTEX
8
PART_TOP_2DLINE_01
10
4.2
20
0
0
SEQEND
0
INSERT
2
SMOOTH_0$100076
8
PART_TOP_2DLINE_01
10
4
20
0
0
INSERT
2
SMOOTH_0$100076
8
PART_TOP_2DLINE_01
10
4.2
20
0
0
POLYLINE
8
PART_TOP_2DLINE_00
66
1
40
0.10008
41
0.10008
0
VERTEX
8
PART_TOP_2DLINE_00
10
-4.5
20
0.7
0
VERTEX
8
PART_TOP_2DLINE_00
10
-4.5
20
0
0
SEQEND
0
INSERT
2
SMOOTH_0$100076
8
PART_TOP_2DLINE_00
10
-4.5
20
0.7
0
INSERT
2
SMOOTH_0$100076
8
PART_TOP_2DLINE_00
10
-4.5
20
0
0
ENDBLK
0
BLOCK
2
STK_TOP_29
8
0
10
0
20
0
3
STK_TOP_29
70
64
0
INSERT
2
DRIL_SLOT_0003100078000000900
8
DRIL_PLTE_THRU_01
10
0
20
0
0
INSERT
2
DRIL_SLOT_0003100078000000900
8
DRIL_PLTE_THRU_02
10
0
20
0
0
INSERT
2
DRIL_SLOT_0003100078000000900
8
DRIL_PLTE_THRU_03
10
0
20
0
0
INSERT
2
DRIL_SLOT_0003100078000000900
8
DRIL_PLTE_THRU_04
10
0
20
0
0
INSERT
2
PAD_31
8
PADS_INNER
10
0
20
0
50
90
0
INSERT
2
PAD_32
8
PADS_BOT
10
0
20
0
50
90
0
INSERT
2
PAD_31
8
PADS_TOP
10
0
20
0
50
90
0
ENDBLK
0
BLOCK
2
STK_TOP_30
8
0
10
0
20
0
3
STK_TOP_30
70
64
0
INSERT
2
DRIL_SLOT_0002300078000000900
8
DRIL_PLTE_THRU_01
10
0
20
0
0
INSERT
2
DRIL_SLOT_0002300078000000900
8
DRIL_PLTE_THRU_02
10
0
20
0
0
INSERT
2
DRIL_SLOT_0002300078000000900
8
DRIL_PLTE_THRU_03
10
0
20
0
0
INSERT
2
DRIL_SLOT_0002300078000000900
8
DRIL_PLTE_THRU_04
10
0
20
0
0
INSERT
2
PAD_33
8
PADS_INNER
10
0
20
0
50
90
0
INSERT
2
PAD_34
8
PADS_BOT
10
0
20
0
50
90
0
INSERT
2
PAD_33
8
PADS_TOP
10
0
20
0
50
90
0
ENDBLK
0
BLOCK
2
PART_BODY_TOP_57
8
0
10
0
20
0
3
PART_BODY_TOP_57
70
64
0
POLYLINE
8
PART_TOP_2DLINE_00
66
1
40
0.1
41
0.1
0
VERTEX
8
PART_TOP_2DLINE_00
10
4.555
20
4.255
0
VERTEX
8
PART_TOP_2DLINE_00
10
5
20
4.255
0
VERTEX
8
PART_TOP_2DLINE_00
10
5
20
-4.255
0
VERTEX
8
PART_TOP_2DLINE_00
10
4.545
20
-4.255
0
SEQEND
0
INSERT
2
SMOOTH_0$1
8
PART_TOP_2DLINE_00
10
4.555
20
4.255
0
INSERT
2
SMOOTH_0$1
8
PART_TOP_2DLINE_00
10
5
20
4.255
0
INSERT
2
SMOOTH_0$1
8
PART_TOP_2DLINE_00
10
5
20
-4.255
0
INSERT
2
SMOOTH_0$1
8
PART_TOP_2DLINE_00
10
4.545
20
-4.255
0
POLYLINE
8
PART_TOP_2DLINE_00
66
1
40
0.1
41
0.1
0
VERTEX
8
PART_TOP_2DLINE_00
10
1.155
20
4.255
0
VERTEX
8
PART_TOP_2DLINE_00
10
0
20
4.255
0
VERTEX
8
PART_TOP_2DLINE_00
10
0
20
1.9612
0
SEQEND
0
INSERT
2
SMOOTH_0$1
8
PART_TOP_2DLINE_00
10
1.155
20
4.255
0
INSERT
2
SMOOTH_0$1
8
PART_TOP_2DLINE_00
10
0
20
4.255
0
INSERT
2
SMOOTH_0$1
8
PART_TOP_2DLINE_00
10
0
20
1.9612
0
POLYLINE
8
PART_TOP_2DLINE_00
66
1
40
0.1
41
0.1
0
VERTEX
8
PART_TOP_2DLINE_00
10
1.155
20
-4.255
0
VERTEX
8
PART_TOP_2DLINE_00
10
0
20
-4.255
0
VERTEX
8
PART_TOP_2DLINE_00
10
0
20
-1.968
0
SEQEND
0
INSERT
2
SMOOTH_0$1
8
PART_TOP_2DLINE_00
10
1.155
20
-4.255
0
INSERT
2
SMOOTH_0$1
8
PART_TOP_2DLINE_00
10
0
20
-4.255
0
INSERT
2
SMOOTH_0$1
8
PART_TOP_2DLINE_00
10
0
20
-1.968
0
POLYLINE
8
PART_TOP_2DLINE_00
66
1
40
0.1
41
0.1
70
1
0
VERTEX
8
PART_TOP_2DLINE_00
10
-1.755
20
-1.285
42
1
0
VERTEX
8
PART_TOP_2DLINE_00
10
-1.105
20
-1.285
42
1
0
SEQEND
0
ENDBLK
0
BLOCK
2
STK_TOP_31
8
0
10
0
20
0
3
STK_TOP_31
70
64
0
INSERT
2
DRIL_HOLE_0
8
DRIL_NPLTE_THRU_01
10
0
20
0
0
INSERT
2
DRIL_HOLE_0
8
DRIL_NPLTE_THRU_02
10
0
20
0
0
INSERT
2
DRIL_HOLE_0
8
DRIL_NPLTE_THRU_03
10
0
20
0
0
INSERT
2
DRIL_HOLE_0
8
DRIL_NPLTE_THRU_04
10
0
20
0
0
INSERT
2
PAD_0
8
PADS_INNER
10
0
20
0
0
INSERT
2
PAD_0
8
PADS_BOT
10
0
20
0
0
INSERT
2
PAD_35
8
PADS_TOP
10
0
20
0
0
ENDBLK
0
BLOCK
2
STK_TOP_32
8
0
10
0
20
0
3
STK_TOP_32
70
64
0
INSERT
2
DRIL_HOLE_0
8
DRIL_NPLTE_THRU_01
10
0
20
0
0
INSERT
2
DRIL_HOLE_0
8
DRIL_NPLTE_THRU_02
10
0
20
0
0
INSERT
2
DRIL_HOLE_0
8
DRIL_NPLTE_THRU_03
10
0
20
0
0
INSERT
2
DRIL_HOLE_0
8
DRIL_NPLTE_THRU_04
10
0
20
0
0
INSERT
2
PAD_0
8
PADS_INNER
10
0
20
0
0
INSERT
2
PAD_0
8
PADS_BOT
10
0
20
0
0
INSERT
2
PAD_36
8
PADS_TOP
10
0
20
0
0
ENDBLK
0
BLOCK
2
PART_BODY_TOP_58
8
0
10
0
20
0
3
PART_BODY_TOP_58
70
64
0
POLYLINE
8
PART_TOP_2DLINE_00
66
1
40
0.127
41
0.127
0
VERTEX
8
PART_TOP_2DLINE_00
10
4.6341333333
20
-6.4470466667
0
VERTEX
8
PART_TOP_2DLINE_00
10
6.8544433333
20
-6.4470466667
0
SEQEND
0
INSERT
2
SMOOTH_0$127
8
PART_TOP_2DLINE_00
10
4.6341333333
20
-6.4470466667
0
INSERT
2
SMOOTH_0$127
8
PART_TOP_2DLINE_00
10
6.8544433333
20
-6.4470466667
0
POLYLINE
8
PART_TOP_2DLINE_00
66
1
40
0.127
41
0.127
0
VERTEX
8
PART_TOP_2DLINE_00
10
6.3757526667
20
-6.4470466667
0
VERTEX
8
PART_TOP_2DLINE_00
10
6.5183413333
20
-6.4470466667
0
SEQEND
0
INSERT
2
SMOOTH_0$127
8
PART_TOP_2DLINE_00
10
6.3757526667
20
-6.4470466667
0
INSERT
2
SMOOTH_0$127
8
PART_TOP_2DLINE_00
10
6.5183413333
20
-6.4470466667
0
POLYLINE
8
PART_TOP_2DLINE_00
66
1
40
0.127
41
0.127
0
VERTEX
8
PART_TOP_2DLINE_00
10
4.6341333333
20
-6.4470466667
0
VERTEX
8
PART_TOP_2DLINE_00
10
4.8989406667
20
-7.516462
0
SEQEND
0
INSERT
2
SMOOTH_0$127
8
PART_TOP_2DLINE_00
10
4.6341333333
20
-6.4470466667
0
INSERT
2
SMOOTH_0$127
8
PART_TOP_2DLINE_00
10
4.8989406667
20
-7.516462
0
POLYLINE
8
PART_TOP_2DLINE_00
66
1
40
0.127
41
0.127
0
VERTEX
8
PART_TOP_2DLINE_00
10
0.692574
20
-6.4470466667
0
VERTEX
8
PART_TOP_2DLINE_00
10
0.173144
20
-6.4470466667
0
SEQEND
0
INSERT
2
SMOOTH_0$127
8
PART_TOP_2DLINE_00
10
0.692574
20
-6.4470466667
0
INSERT
2
SMOOTH_0$127
8
PART_TOP_2DLINE_00
10
0.173144
20
-6.4470466667
0
POLYLINE
8
PART_TOP_2DLINE_00
66
1
40
0.127
41
0.127
0
VERTEX
8
PART_TOP_2DLINE_00
10
-0.3564713333
20
-6.4470466667
0
VERTEX
8
PART_TOP_2DLINE_00
10
-0.875902
20
-6.4470466667
0
SEQEND
0
INSERT
2
SMOOTH_0$127
8
PART_TOP_2DLINE_00
10
-0.3564713333
20
-6.4470466667
0
INSERT
2
SMOOTH_0$127
8
PART_TOP_2DLINE_00
10
-0.875902
20
-6.4470466667
0
POLYLINE
8
PART_TOP_2DLINE_00
66
1
40
0.127
41
0.127
0
VERTEX
8
PART_TOP_2DLINE_00
10
0.8657173333
20
-6.4470466667
0
VERTEX
8
PART_TOP_2DLINE_00
10
1.008306
20
-6.4470466667
0
SEQEND
0
INSERT
2
SMOOTH_0$127
8
PART_TOP_2DLINE_00
10
0.8657173333
20
-6.4470466667
0
INSERT
2
SMOOTH_0$127
8
PART_TOP_2DLINE_00
10
1.008306
20
-6.4470466667
0
POLYLINE
8
PART_TOP_2DLINE_00
66
1
40
0.127
41
0.127
0
VERTEX
8
PART_TOP_2DLINE_00
10
6.324828
20
6.4470466667
0
VERTEX
8
PART_TOP_2DLINE_00
10
6.5183413333
20
6.4470466667
0
SEQEND
0
INSERT
2
SMOOTH_0$127
8
PART_TOP_2DLINE_00
10
6.324828
20
6.4470466667
0
INSERT
2
SMOOTH_0$127
8
PART_TOP_2DLINE_00
10
6.5183413333
20
6.4470466667
0
POLYLINE
8
PART_TOP_2DLINE_00
66
1
40
0.127
41
0.127
0
VERTEX
8
PART_TOP_2DLINE_00
10
6.8544433333
20
6.4470466667
0
VERTEX
8
PART_TOP_2DLINE_00
10
6.834074
20
6.5590813333
0
VERTEX
8
PART_TOP_2DLINE_00
10
6.7627793333
20
6.66093
0
VERTEX
8
PART_TOP_2DLINE_00
10
6.6711153333
20
6.7220393333
0
VERTEX
8
PART_TOP_2DLINE_00
10
6.5590813333
20
6.7424093333
0
SEQEND
0
INSERT
2
SMOOTH_0$127
8
PART_TOP_2DLINE_00
10
6.8544433333
20
6.4470466667
0
INSERT
2
SMOOTH_0$127
8
PART_TOP_2DLINE_00
10
6.834074
20
6.5590813333
0
INSERT
2
SMOOTH_0$127
8
PART_TOP_2DLINE_00
10
6.7627793333
20
6.66093
0
INSERT
2
SMOOTH_0$127
8
PART_TOP_2DLINE_00
10
6.6711153333
20
6.7220393333
0
INSERT
2
SMOOTH_0$127
8
PART_TOP_2DLINE_00
10
6.5590813333
20
6.7424093333
0
POLYLINE
8
PART_TOP_2DLINE_00
66
1
40
0.127
41
0.127
0
VERTEX
8
PART_TOP_2DLINE_00
10
4.685058
20
6.4470466667
0
VERTEX
8
PART_TOP_2DLINE_00
10
6.8544433333
20
6.4470466667
0
SEQEND
0
INSERT
2
SMOOTH_0$127
8
PART_TOP_2DLINE_00
10
4.685058
20
6.4470466667
0
INSERT
2
SMOOTH_0$127
8
PART_TOP_2DLINE_00
10
6.8544433333
20
6.4470466667
0
POLYLINE
8
PART_TOP_2DLINE_00
66
1
40
0.127
41
0.127
0
VERTEX
8
PART_TOP_2DLINE_00
10
0.6110946667
20
7.516462
0
VERTEX
8
PART_TOP_2DLINE_00
10
0.8657173333
20
6.4470466667
0
VERTEX
8
PART_TOP_2DLINE_00
10
-0.875902
20
6.4470466667
0
SEQEND
0
INSERT
2
SMOOTH_0$127
8
PART_TOP_2DLINE_00
10
0.6110946667
20
7.516462
0
INSERT
2
SMOOTH_0$127
8
PART_TOP_2DLINE_00
10
0.8657173333
20
6.4470466667
0
INSERT
2
SMOOTH_0$127
8
PART_TOP_2DLINE_00
10
-0.875902
20
6.4470466667
0
POLYLINE
8
PART_TOP_2DLINE_00
66
1
40
0.127
41
0.127
0
VERTEX
8
PART_TOP_2DLINE_00
10
0.8657173333
20
6.4470466667
0
VERTEX
8
PART_TOP_2DLINE_00
10
1.008306
20
6.4470466667
0
SEQEND
0
INSERT
2
SMOOTH_0$127
8
PART_TOP_2DLINE_00
10
0.8657173333
20
6.4470466667
0
INSERT
2
SMOOTH_0$127
8
PART_TOP_2DLINE_00
10
1.008306
20
6.4470466667
0
POLYLINE
8
PART_TOP_2DLINE_00
66
1
40
0.127
41
0.127
0
VERTEX
8
PART_TOP_2DLINE_00
10
-0.875902
20
6.4470466667
0
VERTEX
8
PART_TOP_2DLINE_00
10
-0.6110946667
20
7.516462
0
VERTEX
8
PART_TOP_2DLINE_00
10
0.6110946667
20
7.516462
0
SEQEND
0
INSERT
2
SMOOTH_0$127
8
PART_TOP_2DLINE_00
10
-0.875902
20
6.4470466667
0
INSERT
2
SMOOTH_0$127
8
PART_TOP_2DLINE_00
10
-0.6110946667
20
7.516462
0
INSERT
2
SMOOTH_0$127
8
PART_TOP_2DLINE_00
10
0.6110946667
20
7.516462
0
POLYLINE
8
PART_TOP_2DLINE_00
66
1
40
0.127
41
0.127
0
VERTEX
8
PART_TOP_2DLINE_00
10
4.6341333333
20
6.4470466667
0
VERTEX
8
PART_TOP_2DLINE_00
10
4.8989406667
20
7.516462
0
SEQEND
0
INSERT
2
SMOOTH_0$127
8
PART_TOP_2DLINE_00
10
4.6341333333
20
6.4470466667
0
INSERT
2
SMOOTH_0$127
8
PART_TOP_2DLINE_00
10
4.8989406667
20
7.516462
0
POLYLINE
8
PART_TOP_2DLINE_00
66
1
40
0.127
41
0.127
0
VERTEX
8
PART_TOP_2DLINE_00
10
6.5183413333
20
-6.4470466667
0
VERTEX
8
PART_TOP_2DLINE_00
10
6.5285266667
20
-6.4470466667
0
SEQEND
0
INSERT
2
SMOOTH_0$127
8
PART_TOP_2DLINE_00
10
6.5183413333
20
-6.4470466667
0
INSERT
2
SMOOTH_0$127
8
PART_TOP_2DLINE_00
10
6.5285266667
20
-6.4470466667
0
POLYLINE
8
PART_TOP_2DLINE_00
66
1
40
0.127
41
0.127
0
VERTEX
8
PART_TOP_2DLINE_00
10
0.002812
20
6.1058526667
0
VERTEX
8
PART_TOP_2DLINE_00
10
0.002812
20
6.89009
0
SEQEND
0
INSERT
2
SMOOTH_0$127
8
PART_TOP_2DLINE_00
10
0.002812
20
6.1058526667
0
INSERT
2
SMOOTH_0$127
8
PART_TOP_2DLINE_00
10
0.002812
20
6.89009
0
POLYLINE
8
PART_TOP_2DLINE_00
66
1
40
0.127
41
0.127
0
VERTEX
8
PART_TOP_2DLINE_00
10
0.4000233333
20
6.503064
0
VERTEX
8
PART_TOP_2DLINE_00
10
-0.3842146667
20
6.503064
0
SEQEND
0
INSERT
2
SMOOTH_0$127
8
PART_TOP_2DLINE_00
10
0.4000233333
20
6.503064
0
INSERT
2
SMOOTH_0$127
8
PART_TOP_2DLINE_00
10
-0.3842146667
20
6.503064
0
POLYLINE
8
PART_TOP_2DLINE_00
66
1
40
0.127
41
0.127
70
1
0
VERTEX
8
PART_TOP_2DLINE_00
10
-1.1135286667
20
6.4979713333
42
1
0
VERTEX
8
PART_TOP_2DLINE_00
10
1.113506
20
6.4979713333
42
1
0
SEQEND
0
POLYLINE
8
PART_TOP_2DLINE_00
66
1
40
0.127
41
0.127
0
VERTEX
8
PART_TOP_2DLINE_00
10
0.0000113333
20
-6.4979713333
0
VERTEX
8
PART_TOP_2DLINE_00
10
0.6297553333
20
-6.4979713333
0
SEQEND
0
INSERT
2
SMOOTH_0$127
8
PART_TOP_2DLINE_00
10
0.0000113333
20
-6.4979713333
0
INSERT
2
SMOOTH_0$127
8
PART_TOP_2DLINE_00
10
0.6297553333
20
-6.4979713333
0
POLYLINE
8
PART_TOP_2DLINE_00
66
1
40
0.127
41
0.127
0
VERTEX
8
PART_TOP_2DLINE_00
10
0.6297553333
20
-6.4979713333
0
VERTEX
8
PART_TOP_2DLINE_00
10
-0.5628166667
20
-6.4979713333
0
SEQEND
0
INSERT
2
SMOOTH_0$127
8
PART_TOP_2DLINE_00
10
0.6297553333
20
-6.4979713333
0
INSERT
2
SMOOTH_0$127
8
PART_TOP_2DLINE_00
10
-0.5628166667
20
-6.4979713333
0
POLYLINE
8
PART_TOP_2DLINE_00
66
1
40
0.127
41
0.127
0
VERTEX
8
PART_TOP_2DLINE_00
10
0.0000113333
20
-6.4979713333
0
VERTEX
8
PART_TOP_2DLINE_00
10
0.0000113333
20
-6.017532
0
SEQEND
0
INSERT
2
SMOOTH_0$127
8
PART_TOP_2DLINE_00
10
0.0000113333
20
-6.4979713333
0
INSERT
2
SMOOTH_0$127
8
PART_TOP_2DLINE_00
10
0.0000113333
20
-6.017532
0
POLYLINE
8
PART_TOP_2DLINE_00
66
1
40
0.127
41
0.127
0
VERTEX
8
PART_TOP_2DLINE_00
10
0.0000113333
20
-6.4979713333
0
VERTEX
8
PART_TOP_2DLINE_00
10
0.0000113333
20
-7.0291293333
0
SEQEND
0
INSERT
2
SMOOTH_0$127
8
PART_TOP_2DLINE_00
10
0.0000113333
20
-6.4979713333
0
INSERT
2
SMOOTH_0$127
8
PART_TOP_2DLINE_00
10
0.0000113333
20
-7.0291293333
0
POLYLINE
8
PART_TOP_2DLINE_00
66
1
40
0.1999
41
0.1999
70
1
0
VERTEX
8
PART_TOP_2DLINE_00
10
-8.5318593333
20
0.2025393333
0
VERTEX
8
PART_TOP_2DLINE_00
10
-6.8605393333
20
-0.5061193333
0
VERTEX
8
PART_TOP_2DLINE_00
10
-6.8605393333
20
0.8934193333
0
SEQEND
0
INSERT
2
SMOOTH_0$1999
8
PART_TOP_2DLINE_00
10
-8.5318593333
20
0.2025393333
0
INSERT
2
SMOOTH_0$1999
8
PART_TOP_2DLINE_00
10
-6.8605393333
20
-0.5061193333
0
INSERT
2
SMOOTH_0$1999
8
PART_TOP_2DLINE_00
10
-6.8605393333
20
0.8934193333
0
POLYLINE
8
PART_TOP_2DLINE_00
66
1
40
0.127
41
0.127
0
VERTEX
8
PART_TOP_2DLINE_00
10
-9.4821493333
20
-6.2470466667
0
VERTEX
8
PART_TOP_2DLINE_00
10
-0.875902
20
-6.2470466667
0
SEQEND
0
INSERT
2
SMOOTH_0$127
8
PART_TOP_2DLINE_00
10
-9.4821493333
20
-6.2470466667
0
INSERT
2
SMOOTH_0$127
8
PART_TOP_2DLINE_00
10
-0.875902
20
-6.2470466667
0
POLYLINE
8
PART_TOP_2DLINE_00
66
1
40
0.127
41
0.127
0
VERTEX
8
PART_TOP_2DLINE_00
10
-9.4821493333
20
6.6470466667
0
VERTEX
8
PART_TOP_2DLINE_00
10
-0.875902
20
6.6470466667
0
SEQEND
0
INSERT
2
SMOOTH_0$127
8
PART_TOP_2DLINE_00
10
-9.4821493333
20
6.6470466667
0
INSERT
2
SMOOTH_0$127
8
PART_TOP_2DLINE_00
10
-0.875902
20
6.6470466667
0
POLYLINE
8
PART_TOP_2DLINE_00
66
1
40
0.127
41
0.127
0
VERTEX
8
PART_TOP_2DLINE_00
10
-3.167506
20
-4.4341333333
0
VERTEX
8
PART_TOP_2DLINE_00
10
-3.075842
20
-4.4341333333
0
VERTEX
8
PART_TOP_2DLINE_00
10
-2.9943633333
20
-4.3933933333
0
VERTEX
8
PART_TOP_2DLINE_00
10
-2.9230686667
20
-4.3220993333
0
VERTEX
8
PART_TOP_2DLINE_00
10
-2.892514
20
-4.2304353333
0
VERTEX
8
PART_TOP_2DLINE_00
10
-2.9026986667
20
-4.1387706667
0
VERTEX
8
PART_TOP_2DLINE_00
10
-2.943438
20
-4.0572913333
0
VERTEX
8
PART_TOP_2DLINE_00
10
-3.0045473333
20
-3.9859973333
0
VERTEX
8
PART_TOP_2DLINE_00
10
-3.096212
20
-3.9554426667
0
VERTEX
8
PART_TOP_2DLINE_00
10
-7.648866
20
-3.2424986667
0
SEQEND
0
INSERT
2
SMOOTH_0$127
8
PART_TOP_2DLINE_00
10
-3.167506
20
-4.4341333333
0
INSERT
2
SMOOTH_0$127
8
PART_TOP_2DLINE_00
10
-3.075842
20
-4.4341333333
0
INSERT
2
SMOOTH_0$127
8
PART_TOP_2DLINE_00
10
-2.9943633333
20
-4.3933933333
0
INSERT
2
SMOOTH_0$127
8
PART_TOP_2DLINE_00
10
-2.9230686667
20
-4.3220993333
0
INSERT
2
SMOOTH_0$127
8
PART_TOP_2DLINE_00
10
-2.892514
20
-4.2304353333
0
INSERT
2
SMOOTH_0$127
8
PART_TOP_2DLINE_00
10
-2.9026986667
20
-4.1387706667
0
INSERT
2
SMOOTH_0$127
8
PART_TOP_2DLINE_00
10
-2.943438
20
-4.0572913333
0
INSERT
2
SMOOTH_0$127
8
PART_TOP_2DLINE_00
10
-3.0045473333
20
-3.9859973333
0
INSERT
2
SMOOTH_0$127
8
PART_TOP_2DLINE_00
10
-3.096212
20
-3.9554426667
0
INSERT
2
SMOOTH_0$127
8
PART_TOP_2DLINE_00
10
-7.648866
20
-3.2424986667
0
POLYLINE
8
PART_TOP_2DLINE_00
66
1
40
0.127
41
0.127
0
VERTEX
8
PART_TOP_2DLINE_00
10
-9.288636
20
-5.9618693333
0
VERTEX
8
PART_TOP_2DLINE_00
10
-9.4821493333
20
-5.9618693333
0
SEQEND
0
INSERT
2
SMOOTH_0$127
8
PART_TOP_2DLINE_00
10
-9.288636
20
-5.9618693333
0
INSERT
2
SMOOTH_0$127
8
PART_TOP_2DLINE_00
10
-9.4821493333
20
-5.9618693333
0
POLYLINE
8
PART_TOP_2DLINE_00
66
1
40
0.127
41
0.127
0
VERTEX
8
PART_TOP_2DLINE_00
10
-9.4821493333
20
-6.2470466667
0
VERTEX
8
PART_TOP_2DLINE_00
10
-9.5636286667
20
-6.2674166667
0
VERTEX
8
PART_TOP_2DLINE_00
10
-9.624738
20
-6.308156
0
VERTEX
8
PART_TOP_2DLINE_00
10
-9.6654773333
20
-6.369266
0
VERTEX
8
PART_TOP_2DLINE_00
10
-9.6756626667
20
-6.44056
0
SEQEND
0
INSERT
2
SMOOTH_0$127
8
PART_TOP_2DLINE_00
10
-9.4821493333
20
-6.2470466667
0
INSERT
2
SMOOTH_0$127
8
PART_TOP_2DLINE_00
10
-9.5636286667
20
-6.2674166667
0
INSERT
2
SMOOTH_0$127
8
PART_TOP_2DLINE_00
10
-9.624738
20
-6.308156
0
INSERT
2
SMOOTH_0$127
8
PART_TOP_2DLINE_00
10
-9.6654773333
20
-6.369266
0
INSERT
2
SMOOTH_0$127
8
PART_TOP_2DLINE_00
10
-9.6756626667
20
-6.44056
0
POLYLINE
8
PART_TOP_2DLINE_00
66
1
40
0.127
41
0.127
0
VERTEX
8
PART_TOP_2DLINE_00
10
-9.4821493333
20
-5.9618693333
0
VERTEX
8
PART_TOP_2DLINE_00
10
-9.5822966667
20
-5.9687013333
0
VERTEX
8
PART_TOP_2DLINE_00
10
-9.6743333333
20
-5.994246
0
VERTEX
8
PART_TOP_2DLINE_00
10
-9.7567386667
20
-6.03672
0
VERTEX
8
PART_TOP_2DLINE_00
10
-9.8279906667
20
-6.0943366667
0
VERTEX
8
PART_TOP_2DLINE_00
10
-9.8865666667
20
-6.165314
0
VERTEX
8
PART_TOP_2DLINE_00
10
-9.9309453333
20
-6.247866
0
VERTEX
8
PART_TOP_2DLINE_00
10
-9.9596053333
20
-6.34021
0
VERTEX
8
PART_TOP_2DLINE_00
10
-9.9710246667
20
-6.44056
0
SEQEND
0
INSERT
2
SMOOTH_0$127
8
PART_TOP_2DLINE_00
10
-9.4821493333
20
-5.9618693333
0
INSERT
2
SMOOTH_0$127
8
PART_TOP_2DLINE_00
10
-9.5822966667
20
-5.9687013333
0
INSERT
2
SMOOTH_0$127
8
PART_TOP_2DLINE_00
10
-9.6743333333
20
-5.994246
0
INSERT
2
SMOOTH_0$127
8
PART_TOP_2DLINE_00
10
-9.7567386667
20
-6.03672
0
INSERT
2
SMOOTH_0$127
8
PART_TOP_2DLINE_00
10
-9.8279906667
20
-6.0943366667
0
INSERT
2
SMOOTH_0$127
8
PART_TOP_2DLINE_00
10
-9.8865666667
20
-6.165314
0
INSERT
2
SMOOTH_0$127
8
PART_TOP_2DLINE_00
10
-9.9309453333
20
-6.247866
0
INSERT
2
SMOOTH_0$127
8
PART_TOP_2DLINE_00
10
-9.9596053333
20
-6.34021
0
INSERT
2
SMOOTH_0$127
8
PART_TOP_2DLINE_00
10
-9.9710246667
20
-6.44056
0
POLYLINE
8
PART_TOP_2DLINE_00
66
1
40
0.127
41
0.127
0
VERTEX
8
PART_TOP_2DLINE_00
10
-9.9710246667
20
-6.98036
0
VERTEX
8
PART_TOP_2DLINE_00
10
-9.6756626667
20
-6.98036
0
VERTEX
8
PART_TOP_2DLINE_00
10
-9.6756626667
20
-6.44056
0
SEQEND
0
INSERT
2
SMOOTH_0$127
8
PART_TOP_2DLINE_00
10
-9.9710246667
20
-6.98036
0
INSERT
2
SMOOTH_0$127
8
PART_TOP_2DLINE_00
10
-9.6756626667
20
-6.98036
0
INSERT
2
SMOOTH_0$127
8
PART_TOP_2DLINE_00
10
-9.6756626667
20
-6.44056
0
POLYLINE
8
PART_TOP_2DLINE_00
66
1
40
0.127
41
0.127
0
VERTEX
8
PART_TOP_2DLINE_00
10
-9.9710246667
20
-6.98036
0
VERTEX
8
PART_TOP_2DLINE_00
10
-9.9710246667
20
-6.44056
0
SEQEND
0
INSERT
2
SMOOTH_0$127
8
PART_TOP_2DLINE_00
10
-9.9710246667
20
-6.98036
0
INSERT
2
SMOOTH_0$127
8
PART_TOP_2DLINE_00
10
-9.9710246667
20
-6.44056
0
POLYLINE
8
PART_TOP_2DLINE_00
66
1
40
0.127
41
0.127
0
VERTEX
8
PART_TOP_2DLINE_00
10
-9.9710246667
20
-5.27948
0
VERTEX
8
PART_TOP_2DLINE_00
10
-9.5839986667
20
-5.27948
0
SEQEND
0
INSERT
2
SMOOTH_0$127
8
PART_TOP_2DLINE_00
10
-9.9710246667
20
-5.27948
0
INSERT
2
SMOOTH_0$127
8
PART_TOP_2DLINE_00
10
-9.5839986667
20
-5.27948
0
POLYLINE
8
PART_TOP_2DLINE_00
66
1
40
0.127
41
0.127
0
VERTEX
8
PART_TOP_2DLINE_00
10
-9.288636
20
-5.564658
0
VERTEX
8
PART_TOP_2DLINE_00
10
-9.3191906667
20
-5.4628086667
0
VERTEX
8
PART_TOP_2DLINE_00
10
-9.3803006667
20
-5.36096
0
VERTEX
8
PART_TOP_2DLINE_00
10
-9.4719646667
20
-5.2998506667
0
VERTEX
8
PART_TOP_2DLINE_00
10
-9.5839986667
20
-5.27948
0
SEQEND
0
INSERT
2
SMOOTH_0$127
8
PART_TOP_2DLINE_00
10
-9.288636
20
-5.564658
0
INSERT
2
SMOOTH_0$127
8
PART_TOP_2DLINE_00
10
-9.3191906667
20
-5.4628086667
0
INSERT
2
SMOOTH_0$127
8
PART_TOP_2DLINE_00
10
-9.3803006667
20
-5.36096
0
INSERT
2
SMOOTH_0$127
8
PART_TOP_2DLINE_00
10
-9.4719646667
20
-5.2998506667
0
INSERT
2
SMOOTH_0$127
8
PART_TOP_2DLINE_00
10
-9.5839986667
20
-5.27948
0
POLYLINE
8
PART_TOP_2DLINE_00
66
1
40
0.127
41
0.127
0
VERTEX
8
PART_TOP_2DLINE_00
10
-8.7080966667
20
-3.3137933333
0
VERTEX
8
PART_TOP_2DLINE_00
10
-8.6979113333
20
-3.415642
0
VERTEX
8
PART_TOP_2DLINE_00
10
-8.636802
20
-3.4971213333
0
VERTEX
8
PART_TOP_2DLINE_00
10
-8.5655073333
20
-3.568416
0
VERTEX
8
PART_TOP_2DLINE_00
10
-8.4636586667
20
-3.5989706667
0
SEQEND
0
INSERT
2
SMOOTH_0$127
8
PART_TOP_2DLINE_00
10
-8.7080966667
20
-3.3137933333
0
INSERT
2
SMOOTH_0$127
8
PART_TOP_2DLINE_00
10
-8.6979113333
20
-3.415642
0
INSERT
2
SMOOTH_0$127
8
PART_TOP_2DLINE_00
10
-8.636802
20
-3.4971213333
0
INSERT
2
SMOOTH_0$127
8
PART_TOP_2DLINE_00
10
-8.5655073333
20
-3.568416
0
INSERT
2
SMOOTH_0$127
8
PART_TOP_2DLINE_00
10
-8.4636586667
20
-3.5989706667
0
POLYLINE
8
PART_TOP_2DLINE_00
66
1
40
0.127
41
0.127
0
VERTEX
8
PART_TOP_2DLINE_00
10
-9.288636
20
-6.2470466667
0
VERTEX
8
PART_TOP_2DLINE_00
10
-9.288636
20
-5.564658
0
SEQEND
0
INSERT
2
SMOOTH_0$127
8
PART_TOP_2DLINE_00
10
-9.288636
20
-6.2470466667
0
INSERT
2
SMOOTH_0$127
8
PART_TOP_2DLINE_00
10
-9.288636
20
-5.564658
0
POLYLINE
8
PART_TOP_2DLINE_00
66
1
40
0.127
41
0.127
0
VERTEX
8
PART_TOP_2DLINE_00
10
-3.167506
20
-4.4341333333
0
VERTEX
8
PART_TOP_2DLINE_00
10
-8.4636586667
20
-3.5989706667
0
SEQEND
0
INSERT
2
SMOOTH_0$127
8
PART_TOP_2DLINE_00
10
-3.167506
20
-4.4341333333
0
INSERT
2
SMOOTH_0$127
8
PART_TOP_2DLINE_00
10
-8.4636586667
20
-3.5989706667
0
POLYLINE
8
PART_TOP_2DLINE_00
66
1
40
0.127
41
0.127
0
VERTEX
8
PART_TOP_2DLINE_00
10
-7.648866
20
2.5832686667
0
VERTEX
8
PART_TOP_2DLINE_00
10
-7.648866
20
3.6424993333
0
SEQEND
0
INSERT
2
SMOOTH_0$127
8
PART_TOP_2DLINE_00
10
-7.648866
20
2.5832686667
0
INSERT
2
SMOOTH_0$127
8
PART_TOP_2DLINE_00
10
-7.648866
20
3.6424993333
0
POLYLINE
8
PART_TOP_2DLINE_00
66
1
40
0.127
41
0.127
0
VERTEX
8
PART_TOP_2DLINE_00
10
-6.396122
20
2.3795706667
0
VERTEX
8
PART_TOP_2DLINE_00
10
-6.396122
20
3.836012
0
SEQEND
0
INSERT
2
SMOOTH_0$127
8
PART_TOP_2DLINE_00
10
-6.396122
20
2.3795706667
0
INSERT
2
SMOOTH_0$127
8
PART_TOP_2DLINE_00
10
-6.396122
20
3.836012
0
POLYLINE
8
PART_TOP_2DLINE_00
66
1
40
0.127
41
0.127
0
VERTEX
8
PART_TOP_2DLINE_00
10
-6.6812993333
20
2.4304946667
0
VERTEX
8
PART_TOP_2DLINE_00
10
-6.6812993333
20
3.7952726667
0
SEQEND
0
INSERT
2
SMOOTH_0$127
8
PART_TOP_2DLINE_00
10
-6.6812993333
20
2.4304946667
0
INSERT
2
SMOOTH_0$127
8
PART_TOP_2DLINE_00
10
-6.6812993333
20
3.7952726667
0
POLYLINE
8
PART_TOP_2DLINE_00
66
1
40
0.127
41
0.127
0
VERTEX
8
PART_TOP_2DLINE_00
10
-7.536832
20
2.5628986667
0
VERTEX
8
PART_TOP_2DLINE_00
10
-7.536832
20
3.652684
0
SEQEND
0
INSERT
2
SMOOTH_0$127
8
PART_TOP_2DLINE_00
10
-7.536832
20
2.5628986667
0
INSERT
2
SMOOTH_0$127
8
PART_TOP_2DLINE_00
10
-7.536832
20
3.652684
0
POLYLINE
8
PART_TOP_2DLINE_00
66
1
40
0.127
41
0.127
0
VERTEX
8
PART_TOP_2DLINE_00
10
-3.096212
20
4.3554426667
0
VERTEX
8
PART_TOP_2DLINE_00
10
-3.0434966667
20
4.3746426667
0
VERTEX
8
PART_TOP_2DLINE_00
10
-2.9988506667
20
4.4007766667
0
VERTEX
8
PART_TOP_2DLINE_00
10
-2.9621773333
20
4.4326633333
0
VERTEX
8
PART_TOP_2DLINE_00
10
-2.9333806667
20
4.469124
0
VERTEX
8
PART_TOP_2DLINE_00
10
-2.912366
20
4.5089786667
0
VERTEX
8
PART_TOP_2DLINE_00
10
-2.8990386667
20
4.5510493333
0
VERTEX
8
PART_TOP_2DLINE_00
10
-2.8933013333
20
4.594156
0
VERTEX
8
PART_TOP_2DLINE_00
10
-2.89506
20
4.6371193333
0
VERTEX
8
PART_TOP_2DLINE_00
10
-2.9042186667
20
4.6787593333
0
VERTEX
8
PART_TOP_2DLINE_00
10
-2.9206813333
20
4.7178973333
0
VERTEX
8
PART_TOP_2DLINE_00
10
-2.9443533333
20
4.7533533333
0
VERTEX
8
PART_TOP_2DLINE_00
10
-2.9751393333
20
4.7839486667
0
VERTEX
8
PART_TOP_2DLINE_00
10
-3.012942
20
4.8085033333
0
VERTEX
8
PART_TOP_2DLINE_00
10
-3.0576686667
20
4.8258393333
0
VERTEX
8
PART_TOP_2DLINE_00
10
-3.1092213333
20
4.8347753333
0
VERTEX
8
PART_TOP_2DLINE_00
10
-3.167506
20
4.8341333333
0
SEQEND
0
INSERT
2
SMOOTH_0$127
8
PART_TOP_2DLINE_00
10
-3.096212
20
4.3554426667
0
INSERT
2
SMOOTH_0$127
8
PART_TOP_2DLINE_00
10
-3.0434966667
20
4.3746426667
0
INSERT
2
SMOOTH_0$127
8
PART_TOP_2DLINE_00
10
-2.9988506667
20
4.4007766667
0
INSERT
2
SMOOTH_0$127
8
PART_TOP_2DLINE_00
10
-2.9621773333
20
4.4326633333
0
INSERT
2
SMOOTH_0$127
8
PART_TOP_2DLINE_00
10
-2.9333806667
20
4.469124
0
INSERT
2
SMOOTH_0$127
8
PART_TOP_2DLINE_00
10
-2.912366
20
4.5089786667
0
INSERT
2
SMOOTH_0$127
8
PART_TOP_2DLINE_00
10
-2.8990386667
20
4.5510493333
0
INSERT
2
SMOOTH_0$127
8
PART_TOP_2DLINE_00
10
-2.8933013333
20
4.594156
0
INSERT
2
SMOOTH_0$127
8
PART_TOP_2DLINE_00
10
-2.89506
20
4.6371193333
0
INSERT
2
SMOOTH_0$127
8
PART_TOP_2DLINE_00
10
-2.9042186667
20
4.6787593333
0
INSERT
2
SMOOTH_0$127
8
PART_TOP_2DLINE_00
10
-2.9206813333
20
4.7178973333
0
INSERT
2
SMOOTH_0$127
8
PART_TOP_2DLINE_00
10
-2.9443533333
20
4.7533533333
0
INSERT
2
SMOOTH_0$127
8
PART_TOP_2DLINE_00
10
-2.9751393333
20
4.7839486667
0
INSERT
2
SMOOTH_0$127
8
PART_TOP_2DLINE_00
10
-3.012942
20
4.8085033333
0
INSERT
2
SMOOTH_0$127
8
PART_TOP_2DLINE_00
10
-3.0576686667
20
4.8258393333
0
INSERT
2
SMOOTH_0$127
8
PART_TOP_2DLINE_00
10
-3.1092213333
20
4.8347753333
0
INSERT
2
SMOOTH_0$127
8
PART_TOP_2DLINE_00
10
-3.167506
20
4.8341333333
0
POLYLINE
8
PART_TOP_2DLINE_00
66
1
40
0.127
41
0.127
0
VERTEX
8
PART_TOP_2DLINE_00
10
-3.096212
20
4.3554426667
0
VERTEX
8
PART_TOP_2DLINE_00
10
-7.648866
20
3.6424993333
0
SEQEND
0
INSERT
2
SMOOTH_0$127
8
PART_TOP_2DLINE_00
10
-3.096212
20
4.3554426667
0
INSERT
2
SMOOTH_0$127
8
PART_TOP_2DLINE_00
10
-7.648866
20
3.6424993333
0
POLYLINE
8
PART_TOP_2DLINE_00
66
1
40
0.127
41
0.127
0
VERTEX
8
PART_TOP_2DLINE_00
10
-3.096212
20
-1.46014
0
VERTEX
8
PART_TOP_2DLINE_00
10
-3.0440346667
20
-1.444222
0
VERTEX
8
PART_TOP_2DLINE_00
10
-2.9997973333
20
-1.4203206667
0
VERTEX
8
PART_TOP_2DLINE_00
10
-2.963418
20
-1.3897466667
0
VERTEX
8
PART_TOP_2DLINE_00
10
-2.9348133333
20
-1.3538113333
0
VERTEX
8
PART_TOP_2DLINE_00
10
-2.913898
20
-1.3138246667
0
VERTEX
8
PART_TOP_2DLINE_00
10
-2.90059
20
-1.2710973333
0
VERTEX
8
PART_TOP_2DLINE_00
10
-2.8948053333
20
-1.2269406667
0
VERTEX
8
PART_TOP_2DLINE_00
10
-2.8964606667
20
-1.1826646667
0
VERTEX
8
PART_TOP_2DLINE_00
10
-2.905472
20
-1.1395806667
0
VERTEX
8
PART_TOP_2DLINE_00
10
-2.9217553333
20
-1.098998
0
VERTEX
8
PART_TOP_2DLINE_00
10
-2.9452286667
20
-1.0622293333
0
VERTEX
8
PART_TOP_2DLINE_00
10
-2.9758073333
20
-1.0305833333
0
VERTEX
8
PART_TOP_2DLINE_00
10
-3.013408
20
-1.005372
0
VERTEX
8
PART_TOP_2DLINE_00
10
-3.0579473333
20
-0.9879053333
0
VERTEX
8
PART_TOP_2DLINE_00
10
-3.1093406667
20
-0.979494
0
VERTEX
8
PART_TOP_2DLINE_00
10
-3.167506
20
-0.9814493333
0
SEQEND
0
INSERT
2
SMOOTH_0$127
8
PART_TOP_2DLINE_00
10
-3.096212
20
-1.46014
0
INSERT
2
SMOOTH_0$127
8
PART_TOP_2DLINE_00
10
-3.0440346667
20
-1.444222
0
INSERT
2
SMOOTH_0$127
8
PART_TOP_2DLINE_00
10
-2.9997973333
20
-1.4203206667
0
INSERT
2
SMOOTH_0$127
8
PART_TOP_2DLINE_00
10
-2.963418
20
-1.3897466667
0
INSERT
2
SMOOTH_0$127
8
PART_TOP_2DLINE_00
10
-2.9348133333
20
-1.3538113333
0
INSERT
2
SMOOTH_0$127
8
PART_TOP_2DLINE_00
10
-2.913898
20
-1.3138246667
0
INSERT
2
SMOOTH_0$127
8
PART_TOP_2DLINE_00
10
-2.90059
20
-1.2710973333
0
INSERT
2
SMOOTH_0$127
8
PART_TOP_2DLINE_00
10
-2.8948053333
20
-1.2269406667
0
INSERT
2
SMOOTH_0$127
8
PART_TOP_2DLINE_00
10
-2.8964606667
20
-1.1826646667
0
INSERT
2
SMOOTH_0$127
8
PART_TOP_2DLINE_00
10
-2.905472
20
-1.1395806667
0
INSERT
2
SMOOTH_0$127
8
PART_TOP_2DLINE_00
10
-2.9217553333
20
-1.098998
0
INSERT
2
SMOOTH_0$127
8
PART_TOP_2DLINE_00
10
-2.9452286667
20
-1.0622293333
0
INSERT
2
SMOOTH_0$127
8
PART_TOP_2DLINE_00
10
-2.9758073333
20
-1.0305833333
0
INSERT
2
SMOOTH_0$127
8
PART_TOP_2DLINE_00
10
-3.013408
20
-1.005372
0
INSERT
2
SMOOTH_0$127
8
PART_TOP_2DLINE_00
10
-3.0579473333
20
-0.9879053333
0
INSERT
2
SMOOTH_0$127
8
PART_TOP_2DLINE_00
10
-3.1093406667
20
-0.979494
0
INSERT
2
SMOOTH_0$127
8
PART_TOP_2DLINE_00
10
-3.167506
20
-0.9814493333
0
POLYLINE
8
PART_TOP_2DLINE_00
66
1
40
0.127
41
0.127
0
VERTEX
8
PART_TOP_2DLINE_00
10
-3.096212
20
-1.46014
0
VERTEX
8
PART_TOP_2DLINE_00
10
-7.648866
20
-2.1832686667
0
SEQEND
0
INSERT
2
SMOOTH_0$127
8
PART_TOP_2DLINE_00
10
-3.096212
20
-1.46014
0
INSERT
2
SMOOTH_0$127
8
PART_TOP_2DLINE_00
10
-7.648866
20
-2.1832686667
0
POLYLINE
8
PART_TOP_2DLINE_00
66
1
40
0.127
41
0.127
0
VERTEX
8
PART_TOP_2DLINE_00
10
-3.096212
20
1.86014
0
VERTEX
8
PART_TOP_2DLINE_00
10
-7.648866
20
2.5832686667
0
SEQEND
0
INSERT
2
SMOOTH_0$127
8
PART_TOP_2DLINE_00
10
-3.096212
20
1.86014
0
INSERT
2
SMOOTH_0$127
8
PART_TOP_2DLINE_00
10
-7.648866
20
2.5832686667
0
POLYLINE
8
PART_TOP_2DLINE_00
66
1
40
0.127
41
0.127
0
VERTEX
8
PART_TOP_2DLINE_00
10
-3.167506
20
1.38145
0
VERTEX
8
PART_TOP_2DLINE_00
10
-3.1070173333
20
1.3805426667
0
VERTEX
8
PART_TOP_2DLINE_00
10
-3.0541173333
20
1.3900913333
0
VERTEX
8
PART_TOP_2DLINE_00
10
-3.008782
20
1.4087373333
0
VERTEX
8
PART_TOP_2DLINE_00
10
-2.9709853333
20
1.4351193333
0
VERTEX
8
PART_TOP_2DLINE_00
10
-2.940702
20
1.467878
0
VERTEX
8
PART_TOP_2DLINE_00
10
-2.9179066667
20
1.5056526667
0
VERTEX
8
PART_TOP_2DLINE_00
10
-2.902574
20
1.547084
0
VERTEX
8
PART_TOP_2DLINE_00
10
-2.894678
20
1.5908133333
0
VERTEX
8
PART_TOP_2DLINE_00
10
-2.8941946667
20
1.635478
0
VERTEX
8
PART_TOP_2DLINE_00
10
-2.9010973333
20
1.6797213333
0
VERTEX
8
PART_TOP_2DLINE_00
10
-2.9153613333
20
1.7221806667
0
VERTEX
8
PART_TOP_2DLINE_00
10
-2.9369613333
20
1.7614973333
0
VERTEX
8
PART_TOP_2DLINE_00
10
-2.9658713333
20
1.796312
0
VERTEX
8
PART_TOP_2DLINE_00
10
-3.0020673333
20
1.8252633333
0
VERTEX
8
PART_TOP_2DLINE_00
10
-3.045522
20
1.8469926667
0
VERTEX
8
PART_TOP_2DLINE_00
10
-3.096212
20
1.86014
0
SEQEND
0
INSERT
2
SMOOTH_0$127
8
PART_TOP_2DLINE_00
10
-3.167506
20
1.38145
0
INSERT
2
SMOOTH_0$127
8
PART_TOP_2DLINE_00
10
-3.1070173333
20
1.3805426667
0
INSERT
2
SMOOTH_0$127
8
PART_TOP_2DLINE_00
10
-3.0541173333
20
1.3900913333
0
INSERT
2
SMOOTH_0$127
8
PART_TOP_2DLINE_00
10
-3.008782
20
1.4087373333
0
INSERT
2
SMOOTH_0$127
8
PART_TOP_2DLINE_00
10
-2.9709853333
20
1.4351193333
0
INSERT
2
SMOOTH_0$127
8
PART_TOP_2DLINE_00
10
-2.940702
20
1.467878
0
INSERT
2
SMOOTH_0$127
8
PART_TOP_2DLINE_00
10
-2.9179066667
20
1.5056526667
0
INSERT
2
SMOOTH_0$127
8
PART_TOP_2DLINE_00
10
-2.902574
20
1.547084
0
INSERT
2
SMOOTH_0$127
8
PART_TOP_2DLINE_00
10
-2.894678
20
1.5908133333
0
INSERT
2
SMOOTH_0$127
8
PART_TOP_2DLINE_00
10
-2.8941946667
20
1.635478
0
INSERT
2
SMOOTH_0$127
8
PART_TOP_2DLINE_00
10
-2.9010973333
20
1.6797213333
0
INSERT
2
SMOOTH_0$127
8
PART_TOP_2DLINE_00
10
-2.9153613333
20
1.7221806667
0
INSERT
2
SMOOTH_0$127
8
PART_TOP_2DLINE_00
10
-2.9369613333
20
1.7614973333
0
INSERT
2
SMOOTH_0$127
8
PART_TOP_2DLINE_00
10
-2.9658713333
20
1.796312
0
INSERT
2
SMOOTH_0$127
8
PART_TOP_2DLINE_00
10
-3.0020673333
20
1.8252633333
0
INSERT
2
SMOOTH_0$127
8
PART_TOP_2DLINE_00
10
-3.045522
20
1.8469926667
0
INSERT
2
SMOOTH_0$127
8
PART_TOP_2DLINE_00
10
-3.096212
20
1.86014
0
POLYLINE
8
PART_TOP_2DLINE_00
66
1
40
0.127
41
0.127
0
VERTEX
8
PART_TOP_2DLINE_00
10
-8.7080966667
20
3.7137933333
0
VERTEX
8
PART_TOP_2DLINE_00
10
-8.7080966667
20
2.5119746667
0
SEQEND
0
INSERT
2
SMOOTH_0$127
8
PART_TOP_2DLINE_00
10
-8.7080966667
20
3.7137933333
0
INSERT
2
SMOOTH_0$127
8
PART_TOP_2DLINE_00
10
-8.7080966667
20
2.5119746667
0
POLYLINE
8
PART_TOP_2DLINE_00
66
1
40
0.127
41
0.127
0
VERTEX
8
PART_TOP_2DLINE_00
10
-9.6756626667
20
6.84056
0
VERTEX
8
PART_TOP_2DLINE_00
10
-9.6654773333
20
6.769266
0
VERTEX
8
PART_TOP_2DLINE_00
10
-9.624738
20
6.708156
0
VERTEX
8
PART_TOP_2DLINE_00
10
-9.5636286667
20
6.6674166667
0
VERTEX
8
PART_TOP_2DLINE_00
10
-9.4821493333
20
6.6470466667
0
SEQEND
0
INSERT
2
SMOOTH_0$127
8
PART_TOP_2DLINE_00
10
-9.6756626667
20
6.84056
0
INSERT
2
SMOOTH_0$127
8
PART_TOP_2DLINE_00
10
-9.6654773333
20
6.769266
0
INSERT
2
SMOOTH_0$127
8
PART_TOP_2DLINE_00
10
-9.624738
20
6.708156
0
INSERT
2
SMOOTH_0$127
8
PART_TOP_2DLINE_00
10
-9.5636286667
20
6.6674166667
0
INSERT
2
SMOOTH_0$127
8
PART_TOP_2DLINE_00
10
-9.4821493333
20
6.6470466667
0
POLYLINE
8
PART_TOP_2DLINE_00
66
1
40
0.127
41
0.127
0
VERTEX
8
PART_TOP_2DLINE_00
10
-9.4821493333
20
6.36187
0
VERTEX
8
PART_TOP_2DLINE_00
10
-9.288636
20
6.36187
0
SEQEND
0
INSERT
2
SMOOTH_0$127
8
PART_TOP_2DLINE_00
10
-9.4821493333
20
6.36187
0
INSERT
2
SMOOTH_0$127
8
PART_TOP_2DLINE_00
10
-9.288636
20
6.36187
0
POLYLINE
8
PART_TOP_2DLINE_00
66
1
40
0.127
41
0.127
0
VERTEX
8
PART_TOP_2DLINE_00
10
-9.9710246667
20
6.84056
0
VERTEX
8
PART_TOP_2DLINE_00
10
-9.9604413333
20
6.7464133333
0
VERTEX
8
PART_TOP_2DLINE_00
10
-9.9309453333
20
6.6559586667
0
VERTEX
8
PART_TOP_2DLINE_00
10
-9.884776
20
6.5722513333
0
VERTEX
8
PART_TOP_2DLINE_00
10
-9.8241713333
20
6.4983473333
0
VERTEX
8
PART_TOP_2DLINE_00
10
-9.751368
20
6.4373013333
0
VERTEX
8
PART_TOP_2DLINE_00
10
-9.6686046667
20
6.3921693333
0
VERTEX
8
PART_TOP_2DLINE_00
10
-9.5781193333
20
6.3660066667
0
VERTEX
8
PART_TOP_2DLINE_00
10
-9.4821493333
20
6.36187
0
SEQEND
0
INSERT
2
SMOOTH_0$127
8
PART_TOP_2DLINE_00
10
-9.9710246667
20
6.84056
0
INSERT
2
SMOOTH_0$127
8
PART_TOP_2DLINE_00
10
-9.9604413333
20
6.7464133333
0
INSERT
2
SMOOTH_0$127
8
PART_TOP_2DLINE_00
10
-9.9309453333
20
6.6559586667
0
INSERT
2
SMOOTH_0$127
8
PART_TOP_2DLINE_00
10
-9.884776
20
6.5722513333
0
INSERT
2
SMOOTH_0$127
8
PART_TOP_2DLINE_00
10
-9.8241713333
20
6.4983473333
0
INSERT
2
SMOOTH_0$127
8
PART_TOP_2DLINE_00
10
-9.751368
20
6.4373013333
0
INSERT
2
SMOOTH_0$127
8
PART_TOP_2DLINE_00
10
-9.6686046667
20
6.3921693333
0
INSERT
2
SMOOTH_0$127
8
PART_TOP_2DLINE_00
10
-9.5781193333
20
6.3660066667
0
INSERT
2
SMOOTH_0$127
8
PART_TOP_2DLINE_00
10
-9.4821493333
20
6.36187
0
POLYLINE
8
PART_TOP_2DLINE_00
66
1
40
0.127
41
0.127
0
VERTEX
8
PART_TOP_2DLINE_00
10
-9.6756626667
20
7.2275866667
0
VERTEX
8
PART_TOP_2DLINE_00
10
-9.6756626667
20
6.84056
0
SEQEND
0
INSERT
2
SMOOTH_0$127
8
PART_TOP_2DLINE_00
10
-9.6756626667
20
7.2275866667
0
INSERT
2
SMOOTH_0$127
8
PART_TOP_2DLINE_00
10
-9.6756626667
20
6.84056
0
POLYLINE
8
PART_TOP_2DLINE_00
66
1
40
0.127
41
0.127
0
VERTEX
8
PART_TOP_2DLINE_00
10
-9.9710246667
20
7.2275866667
0
VERTEX
8
PART_TOP_2DLINE_00
10
-9.9710246667
20
6.84056
0
SEQEND
0
INSERT
2
SMOOTH_0$127
8
PART_TOP_2DLINE_00
10
-9.9710246667
20
7.2275866667
0
INSERT
2
SMOOTH_0$127
8
PART_TOP_2DLINE_00
10
-9.9710246667
20
6.84056
0
POLYLINE
8
PART_TOP_2DLINE_00
66
1
40
0.127
41
0.127
0
VERTEX
8
PART_TOP_2DLINE_00
10
-9.288636
20
6.6470466667
0
VERTEX
8
PART_TOP_2DLINE_00
10
-9.288636
20
5.9748426667
0
SEQEND
0
INSERT
2
SMOOTH_0$127
8
PART_TOP_2DLINE_00
10
-9.288636
20
6.6470466667
0
INSERT
2
SMOOTH_0$127
8
PART_TOP_2DLINE_00
10
-9.288636
20
5.9748426667
0
POLYLINE
8
PART_TOP_2DLINE_00
66
1
40
0.127
41
0.127
0
VERTEX
8
PART_TOP_2DLINE_00
10
-9.9710246667
20
5.6794806667
0
VERTEX
8
PART_TOP_2DLINE_00
10
-9.6756626667
20
5.6794806667
0
SEQEND
0
INSERT
2
SMOOTH_0$127
8
PART_TOP_2DLINE_00
10
-9.9710246667
20
5.6794806667
0
INSERT
2
SMOOTH_0$127
8
PART_TOP_2DLINE_00
10
-9.6756626667
20
5.6794806667
0
POLYLINE
8
PART_TOP_2DLINE_00
66
1
40
0.127
41
0.127
0
VERTEX
8
PART_TOP_2DLINE_00
10
-9.8793606667
20
5.6794806667
0
VERTEX
8
PART_TOP_2DLINE_00
10
-9.8229486667
20
5.6800153333
0
VERTEX
8
PART_TOP_2DLINE_00
10
-9.7687866667
20
5.6793333333
0
VERTEX
8
PART_TOP_2DLINE_00
10
-9.7169506667
20
5.678208
0
VERTEX
8
PART_TOP_2DLINE_00
10
-9.6675146667
20
5.677412
0
VERTEX
8
PART_TOP_2DLINE_00
10
-9.6205533333
20
5.677718
0
VERTEX
8
PART_TOP_2DLINE_00
10
-9.5761406667
20
5.6798986667
0
VERTEX
8
PART_TOP_2DLINE_00
10
-9.5343526667
20
5.6847273333
0
VERTEX
8
PART_TOP_2DLINE_00
10
-9.495262
20
5.692976
0
VERTEX
8
PART_TOP_2DLINE_00
10
-9.4589453333
20
5.705418
0
VERTEX
8
PART_TOP_2DLINE_00
10
-9.425476
20
5.722826
0
VERTEX
8
PART_TOP_2DLINE_00
10
-9.3949286667
20
5.7459733333
0
VERTEX
8
PART_TOP_2DLINE_00
10
-9.367378
20
5.7756326667
0
VERTEX
8
PART_TOP_2DLINE_00
10
-9.3428993333
20
5.812576
0
VERTEX
8
PART_TOP_2DLINE_00
10
-9.321566
20
5.8575773333
0
VERTEX
8
PART_TOP_2DLINE_00
10
-9.3034533333
20
5.9114086667
0
VERTEX
8
PART_TOP_2DLINE_00
10
-9.288636
20
5.9748426667
0
SEQEND
0
INSERT
2
SMOOTH_0$127
8
PART_TOP_2DLINE_00
10
-9.8793606667
20
5.6794806667
0
INSERT
2
SMOOTH_0$127
8
PART_TOP_2DLINE_00
10
-9.8229486667
20
5.6800153333
0
INSERT
2
SMOOTH_0$127
8
PART_TOP_2DLINE_00
10
-9.7687866667
20
5.6793333333
0
POLYLINE
8
PART_TOP_2DLINE_00
66
1
40
0.127
41
0.127
0
VERTEX
8
PART_TOP_2DLINE_00
10
-8.4636586667
20
3.9989706667
0
VERTEX
8
PART_TOP_2DLINE_00
10
-8.5655073333
20
3.968416
0
VERTEX
8
PART_TOP_2DLINE_00
10
-8.636802
20
3.9073066667
0
VERTEX
8
PART_TOP_2DLINE_00
10
-8.6979113333
20
3.8156426667
0
VERTEX
8
PART_TOP_2DLINE_00
10
-8.7080966667
20
3.7137933333
0
SEQEND
0
INSERT
2
SMOOTH_0$127
8
PART_TOP_2DLINE_00
10
-8.4636586667
20
3.9989706667
0
INSERT
2
SMOOTH_0$127
8
PART_TOP_2DLINE_00
10
-8.5655073333
20
3.968416
0
INSERT
2
SMOOTH_0$127
8
PART_TOP_2DLINE_00
10
-8.636802
20
3.9073066667
0
INSERT
2
SMOOTH_0$127
8
PART_TOP_2DLINE_00
10
-8.6979113333
20
3.8156426667
0
INSERT
2
SMOOTH_0$127
8
PART_TOP_2DLINE_00
10
-8.7080966667
20
3.7137933333
0
POLYLINE
8
PART_TOP_2DLINE_00
66
1
40
0.127
41
0.127
0
VERTEX
8
PART_TOP_2DLINE_00
10
-8.4636586667
20
-1.816612
0
VERTEX
8
PART_TOP_2DLINE_00
10
-8.5655073333
20
-1.8471666667
0
VERTEX
8
PART_TOP_2DLINE_00
10
-8.636802
20
-1.9184606667
0
VERTEX
8
PART_TOP_2DLINE_00
10
-8.6979113333
20
-1.99994
0
VERTEX
8
PART_TOP_2DLINE_00
10
-8.7080966667
20
-2.1017886667
0
SEQEND
0
INSERT
2
SMOOTH_0$127
8
PART_TOP_2DLINE_00
10
-8.4636586667
20
-1.816612
0
INSERT
2
SMOOTH_0$127
8
PART_TOP_2DLINE_00
10
-8.5655073333
20
-1.8471666667
0
INSERT
2
SMOOTH_0$127
8
PART_TOP_2DLINE_00
10
-8.636802
20
-1.9184606667
0
INSERT
2
SMOOTH_0$127
8
PART_TOP_2DLINE_00
10
-8.6979113333
20
-1.99994
0
INSERT
2
SMOOTH_0$127
8
PART_TOP_2DLINE_00
10
-8.7080966667
20
-2.1017886667
0
POLYLINE
8
PART_TOP_2DLINE_00
66
1
40
0.127
41
0.127
0
VERTEX
8
PART_TOP_2DLINE_00
10
-8.7080966667
20
2.5119746667
0
VERTEX
8
PART_TOP_2DLINE_00
10
-8.6979113333
20
2.4101253333
0
VERTEX
8
PART_TOP_2DLINE_00
10
-8.636802
20
2.3184613333
0
VERTEX
8
PART_TOP_2DLINE_00
10
-8.5655073333
20
2.2573513333
0
VERTEX
8
PART_TOP_2DLINE_00
10
-8.4636586667
20
2.216612
0
SEQEND
0
INSERT
2
SMOOTH_0$127
8
PART_TOP_2DLINE_00
10
-8.7080966667
20
2.5119746667
0
INSERT
2
SMOOTH_0$127
8
PART_TOP_2DLINE_00
10
-8.6979113333
20
2.4101253333
0
INSERT
2
SMOOTH_0$127
8
PART_TOP_2DLINE_00
10
-8.636802
20
2.3184613333
0
INSERT
2
SMOOTH_0$127
8
PART_TOP_2DLINE_00
10
-8.5655073333
20
2.2573513333
0
INSERT
2
SMOOTH_0$127
8
PART_TOP_2DLINE_00
10
-8.4636586667
20
2.216612
0
POLYLINE
8
PART_TOP_2DLINE_00
66
1
40
0.127
41
0.127
0
VERTEX
8
PART_TOP_2DLINE_00
10
-3.167506
20
4.8341333333
0
VERTEX
8
PART_TOP_2DLINE_00
10
-8.4636586667
20
3.9989706667
0
SEQEND
0
INSERT
2
SMOOTH_0$127
8
PART_TOP_2DLINE_00
10
-3.167506
20
4.8341333333
0
INSERT
2
SMOOTH_0$127
8
PART_TOP_2DLINE_00
10
-8.4636586667
20
3.9989706667
0
POLYLINE
8
PART_TOP_2DLINE_00
66
1
40
0.127
41
0.127
0
VERTEX
8
PART_TOP_2DLINE_00
10
-3.167506
20
-0.9814493333
0
VERTEX
8
PART_TOP_2DLINE_00
10
-8.4636586667
20
-1.816612
0
SEQEND
0
INSERT
2
SMOOTH_0$127
8
PART_TOP_2DLINE_00
10
-3.167506
20
-0.9814493333
0
INSERT
2
SMOOTH_0$127
8
PART_TOP_2DLINE_00
10
-8.4636586667
20
-1.816612
0
POLYLINE
8
PART_TOP_2DLINE_00
66
1
40
0.127
41
0.127
0
VERTEX
8
PART_TOP_2DLINE_00
10
-3.167506
20
1.38145
0
VERTEX
8
PART_TOP_2DLINE_00
10
-8.4636586667
20
2.216612
0
SEQEND
0
INSERT
2
SMOOTH_0$127
8
PART_TOP_2DLINE_00
10
-3.167506
20
1.38145
0
INSERT
2
SMOOTH_0$127
8
PART_TOP_2DLINE_00
10
-8.4636586667
20
2.216612
0
POLYLINE
8
PART_TOP_2DLINE_00
66
1
40
0.127
41
0.127
0
VERTEX
8
PART_TOP_2DLINE_00
10
-9.9710246667
20
5.6794806667
0
VERTEX
8
PART_TOP_2DLINE_00
10
-9.9710246667
20
-5.27948
0
SEQEND
0
INSERT
2
SMOOTH_0$127
8
PART_TOP_2DLINE_00
10
-9.9710246667
20
5.6794806667
0
INSERT
2
SMOOTH_0$127
8
PART_TOP_2DLINE_00
10
-9.9710246667
20
-5.27948
0
POLYLINE
8
PART_TOP_2DLINE_00
66
1
40
0.127
41
0.127
0
VERTEX
8
PART_TOP_2DLINE_00
10
-9.6756626667
20
5.6794806667
0
VERTEX
8
PART_TOP_2DLINE_00
10
-9.6756626667
20
-5.27948
0
SEQEND
0
INSERT
2
SMOOTH_0$127
8
PART_TOP_2DLINE_00
10
-9.6756626667
20
5.6794806667
0
INSERT
2
SMOOTH_0$127
8
PART_TOP_2DLINE_00
10
-9.6756626667
20
-5.27948
0
POLYLINE
8
PART_TOP_2DLINE_00
66
1
40
0.127
41
0.127
0
VERTEX
8
PART_TOP_2DLINE_00
10
-8.7080966667
20
-2.1017886667
0
VERTEX
8
PART_TOP_2DLINE_00
10
-8.7080966667
20
-3.3137933333
0
SEQEND
0
INSERT
2
SMOOTH_0$127
8
PART_TOP_2DLINE_00
10
-8.7080966667
20
-2.1017886667
0
INSERT
2
SMOOTH_0$127
8
PART_TOP_2DLINE_00
10
-8.7080966667
20
-3.3137933333
0
POLYLINE
8
PART_TOP_2DLINE_00
66
1
40
0.127
41
0.127
0
VERTEX
8
PART_TOP_2DLINE_00
10
-7.648866
20
-3.2424986667
0
VERTEX
8
PART_TOP_2DLINE_00
10
-7.648866
20
-2.1832686667
0
SEQEND
0
INSERT
2
SMOOTH_0$127
8
PART_TOP_2DLINE_00
10
-7.648866
20
-3.2424986667
0
INSERT
2
SMOOTH_0$127
8
PART_TOP_2DLINE_00
10
-7.648866
20
-2.1832686667
0
POLYLINE
8
PART_TOP_2DLINE_00
66
1
40
0.127
41
0.127
0
VERTEX
8
PART_TOP_2DLINE_00
10
-7.536832
20
-3.252684
0
VERTEX
8
PART_TOP_2DLINE_00
10
-7.536832
20
-2.1628986667
0
SEQEND
0
INSERT
2
SMOOTH_0$127
8
PART_TOP_2DLINE_00
10
-7.536832
20
-3.252684
0
INSERT
2
SMOOTH_0$127
8
PART_TOP_2DLINE_00
10
-7.536832
20
-2.1628986667
0
POLYLINE
8
PART_TOP_2DLINE_00
66
1
40
0.127
41
0.127
0
VERTEX
8
PART_TOP_2DLINE_00
10
-6.6812993333
20
-3.3850873333
0
VERTEX
8
PART_TOP_2DLINE_00
10
-6.6812993333
20
-2.0304946667
0
SEQEND
0
INSERT
2
SMOOTH_0$127
8
PART_TOP_2DLINE_00
10
-6.6812993333
20
-3.3850873333
0
INSERT
2
SMOOTH_0$127
8
PART_TOP_2DLINE_00
10
-6.6812993333
20
-2.0304946667
0
POLYLINE
8
PART_TOP_2DLINE_00
66
1
40
0.127
41
0.127
0
VERTEX
8
PART_TOP_2DLINE_00
10
-6.396122
20
-3.436012
0
VERTEX
8
PART_TOP_2DLINE_00
10
-6.396122
20
-1.97957
0
SEQEND
0
INSERT
2
SMOOTH_0$127
8
PART_TOP_2DLINE_00
10
-6.396122
20
-3.436012
0
INSERT
2
SMOOTH_0$127
8
PART_TOP_2DLINE_00
10
-6.396122
20
-1.97957
0
POLYLINE
8
PART_TOP_2DLINE_00
66
1
40
0.127
41
0.127
0
VERTEX
8
PART_TOP_2DLINE_00
10
3.2184313333
20
-6.5424093333
0
VERTEX
8
PART_TOP_2DLINE_00
10
6.5590813333
20
-6.5424093333
0
VERTEX
8
PART_TOP_2DLINE_00
10
6.6711153333
20
-6.511854
0
VERTEX
8
PART_TOP_2DLINE_00
10
6.7627793333
20
-6.4507446667
0
VERTEX
8
PART_TOP_2DLINE_00
10
6.834074
20
-6.3590806667
0
VERTEX
8
PART_TOP_2DLINE_00
10
6.8544433333
20
-6.2470466667
0
SEQEND
0
INSERT
2
SMOOTH_0$127
8
PART_TOP_2DLINE_00
10
3.2184313333
20
-6.5424093333
0
INSERT
2
SMOOTH_0$127
8
PART_TOP_2DLINE_00
10
6.5590813333
20
-6.5424093333
0
INSERT
2
SMOOTH_0$127
8
PART_TOP_2DLINE_00
10
6.6711153333
20
-6.511854
0
INSERT
2
SMOOTH_0$127
8
PART_TOP_2DLINE_00
10
6.7627793333
20
-6.4507446667
0
INSERT
2
SMOOTH_0$127
8
PART_TOP_2DLINE_00
10
6.834074
20
-6.3590806667
0
INSERT
2
SMOOTH_0$127
8
PART_TOP_2DLINE_00
10
6.8544433333
20
-6.2470466667
0
POLYLINE
8
PART_TOP_2DLINE_00
66
1
40
0.127
41
0.127
0
VERTEX
8
PART_TOP_2DLINE_00
10
6.5183413333
20
-6.2470466667
0
VERTEX
8
PART_TOP_2DLINE_00
10
3.2184313333
20
-6.2470466667
0
VERTEX
8
PART_TOP_2DLINE_00
10
3.2184313333
20
-6.5424093333
0
SEQEND
0
INSERT
2
SMOOTH_0$127
8
PART_TOP_2DLINE_00
10
6.5183413333
20
-6.2470466667
0
INSERT
2
SMOOTH_0$127
8
PART_TOP_2DLINE_00
10
3.2184313333
20
-6.2470466667
0
INSERT
2
SMOOTH_0$127
8
PART_TOP_2DLINE_00
10
3.2184313333
20
-6.5424093333
0
POLYLINE
8
PART_TOP_2DLINE_00
66
1
40
0.127
41
0.127
0
VERTEX
8
PART_TOP_2DLINE_00
10
4.0943333333
20
-6.328526
0
VERTEX
8
PART_TOP_2DLINE_00
10
4.3591413333
20
-6.2470466667
0
SEQEND
0
INSERT
2
SMOOTH_0$127
8
PART_TOP_2DLINE_00
10
4.0943333333
20
-6.328526
0
INSERT
2
SMOOTH_0$127
8
PART_TOP_2DLINE_00
10
4.3591413333
20
-6.2470466667
0
POLYLINE
8
PART_TOP_2DLINE_00
66
1
40
0.127
41
0.127
0
VERTEX
8
PART_TOP_2DLINE_00
10
4.6341333333
20
-6.2470466667
0
VERTEX
8
PART_TOP_2DLINE_00
10
6.8544433333
20
-6.2470466667
0
SEQEND
0
INSERT
2
SMOOTH_0$127
8
PART_TOP_2DLINE_00
10
4.6341333333
20
-6.2470466667
0
INSERT
2
SMOOTH_0$127
8
PART_TOP_2DLINE_00
10
6.8544433333
20
-6.2470466667
0
POLYLINE
8
PART_TOP_2DLINE_00
66
1
40
0.127
41
0.127
0
VERTEX
8
PART_TOP_2DLINE_00
10
6.3757526667
20
-6.2470466667
0
VERTEX
8
PART_TOP_2DLINE_00
10
6.5183413333
20
-6.2470466667
0
SEQEND
0
INSERT
2
SMOOTH_0$127
8
PART_TOP_2DLINE_00
10
6.3757526667
20
-6.2470466667
0
INSERT
2
SMOOTH_0$127
8
PART_TOP_2DLINE_00
10
6.5183413333
20
-6.2470466667
0
POLYLINE
8
PART_TOP_2DLINE_00
66
1
40
0.127
41
0.127
0
VERTEX
8
PART_TOP_2DLINE_00
10
5.3470766667
20
-6.2470466667
0
VERTEX
8
PART_TOP_2DLINE_00
10
4.0943333333
20
-6.6340733333
0
VERTEX
8
PART_TOP_2DLINE_00
10
4.0943333333
20
-6.328526
0
SEQEND
0
INSERT
2
SMOOTH_0$127
8
PART_TOP_2DLINE_00
10
5.3470766667
20
-6.2470466667
0
INSERT
2
SMOOTH_0$127
8
PART_TOP_2DLINE_00
10
4.0943333333
20
-6.6340733333
0
INSERT
2
SMOOTH_0$127
8
PART_TOP_2DLINE_00
10
4.0943333333
20
-6.328526
0
POLYLINE
8
PART_TOP_2DLINE_00
66
1
40
0.127
41
0.127
0
VERTEX
8
PART_TOP_2DLINE_00
10
4.6341333333
20
-6.2470466667
0
VERTEX
8
PART_TOP_2DLINE_00
10
4.8989406667
20
-7.316462
0
SEQEND
0
INSERT
2
SMOOTH_0$127
8
PART_TOP_2DLINE_00
10
4.6341333333
20
-6.2470466667
0
INSERT
2
SMOOTH_0$127
8
PART_TOP_2DLINE_00
10
4.8989406667
20
-7.316462
0
POLYLINE
8
PART_TOP_2DLINE_00
66
1
40
0.127
41
0.127
0
VERTEX
8
PART_TOP_2DLINE_00
10
0.692574
20
-6.2470466667
0
VERTEX
8
PART_TOP_2DLINE_00
10
0.173144
20
-6.2470466667
0
SEQEND
0
INSERT
2
SMOOTH_0$127
8
PART_TOP_2DLINE_00
10
0.692574
20
-6.2470466667
0
INSERT
2
SMOOTH_0$127
8
PART_TOP_2DLINE_00
10
0.173144
20
-6.2470466667
0
POLYLINE
8
PART_TOP_2DLINE_00
66
1
40
0.127
41
0.127
0
VERTEX
8
PART_TOP_2DLINE_00
10
-0.3564713333
20
-6.2470466667
0
VERTEX
8
PART_TOP_2DLINE_00
10
-0.875902
20
-6.2470466667
0
SEQEND
0
INSERT
2
SMOOTH_0$127
8
PART_TOP_2DLINE_00
10
-0.3564713333
20
-6.2470466667
0
INSERT
2
SMOOTH_0$127
8
PART_TOP_2DLINE_00
10
-0.875902
20
-6.2470466667
0
POLYLINE
8
PART_TOP_2DLINE_00
66
1
40
0.127
41
0.127
0
VERTEX
8
PART_TOP_2DLINE_00
10
0.8657173333
20
-6.2470466667
0
VERTEX
8
PART_TOP_2DLINE_00
10
1.008306
20
-6.2470466667
0
SEQEND
0
INSERT
2
SMOOTH_0$127
8
PART_TOP_2DLINE_00
10
0.8657173333
20
-6.2470466667
0
INSERT
2
SMOOTH_0$127
8
PART_TOP_2DLINE_00
10
1.008306
20
-6.2470466667
0
POLYLINE
8
PART_TOP_2DLINE_00
66
1
40
0.127
41
0.127
0
VERTEX
8
PART_TOP_2DLINE_00
10
0.692574
20
-6.2470466667
0
VERTEX
8
PART_TOP_2DLINE_00
10
4.6341333333
20
-6.2470466667
0
SEQEND
0
INSERT
2
SMOOTH_0$127
8
PART_TOP_2DLINE_00
10
0.692574
20
-6.2470466667
0
INSERT
2
SMOOTH_0$127
8
PART_TOP_2DLINE_00
10
4.6341333333
20
-6.2470466667
0
POLYLINE
8
PART_TOP_2DLINE_00
66
1
40
0.127
41
0.127
0
VERTEX
8
PART_TOP_2DLINE_00
10
6.8544433333
20
-4.352654
0
VERTEX
8
PART_TOP_2DLINE_00
10
6.9461073333
20
-4.3424686667
0
VERTEX
8
PART_TOP_2DLINE_00
10
7.0275866667
20
-4.2813593333
0
VERTEX
8
PART_TOP_2DLINE_00
10
7.0785113333
20
-4.2100646667
0
VERTEX
8
PART_TOP_2DLINE_00
10
7.0988813333
20
-4.1184006667
0
SEQEND
0
INSERT
2
SMOOTH_0$127
8
PART_TOP_2DLINE_00
10
6.8544433333
20
-4.352654
0
INSERT
2
SMOOTH_0$127
8
PART_TOP_2DLINE_00
10
6.9461073333
20
-4.3424686667
0
INSERT
2
SMOOTH_0$127
8
PART_TOP_2DLINE_00
10
7.0275866667
20
-4.2813593333
0
INSERT
2
SMOOTH_0$127
8
PART_TOP_2DLINE_00
10
7.0785113333
20
-4.2100646667
0
INSERT
2
SMOOTH_0$127
8
PART_TOP_2DLINE_00
10
7.0988813333
20
-4.1184006667
0
POLYLINE
8
PART_TOP_2DLINE_00
66
1
40
0.127
41
0.127
0
VERTEX
8
PART_TOP_2DLINE_00
10
6.5590813333
20
-4.352654
0
VERTEX
8
PART_TOP_2DLINE_00
10
6.8544433333
20
-4.352654
0
SEQEND
0
INSERT
2
SMOOTH_0$127
8
PART_TOP_2DLINE_00
10
6.5590813333
20
-4.352654
0
INSERT
2
SMOOTH_0$127
8
PART_TOP_2DLINE_00
10
6.8544433333
20
-4.352654
0
POLYLINE
8
PART_TOP_2DLINE_00
66
1
40
0.127
41
0.127
0
VERTEX
8
PART_TOP_2DLINE_00
10
6.324828
20
6.6470466667
0
VERTEX
8
PART_TOP_2DLINE_00
10
6.5183413333
20
6.6470466667
0
SEQEND
0
INSERT
2
SMOOTH_0$127
8
PART_TOP_2DLINE_00
10
6.324828
20
6.6470466667
0
INSERT
2
SMOOTH_0$127
8
PART_TOP_2DLINE_00
10
6.5183413333
20
6.6470466667
0
POLYLINE
8
PART_TOP_2DLINE_00
66
1
40
0.127
41
0.127
0
VERTEX
8
PART_TOP_2DLINE_00
10
6.2739033333
20
6.6470466667
0
VERTEX
8
PART_TOP_2DLINE_00
10
3.2184313333
20
6.6470466667
0
SEQEND
0
INSERT
2
SMOOTH_0$127
8
PART_TOP_2DLINE_00
10
6.2739033333
20
6.6470466667
0
INSERT
2
SMOOTH_0$127
8
PART_TOP_2DLINE_00
10
3.2184313333
20
6.6470466667
0
POLYLINE
8
PART_TOP_2DLINE_00
66
1
40
0.127
41
0.127
0
VERTEX
8
PART_TOP_2DLINE_00
10
6.8544433333
20
6.6470466667
0
VERTEX
8
PART_TOP_2DLINE_00
10
6.834074
20
6.7590813333
0
VERTEX
8
PART_TOP_2DLINE_00
10
6.7627793333
20
6.86093
0
VERTEX
8
PART_TOP_2DLINE_00
10
6.6711153333
20
6.9220393333
0
VERTEX
8
PART_TOP_2DLINE_00
10
6.5590813333
20
6.9424093333
0
SEQEND
0
INSERT
2
SMOOTH_0$127
8
PART_TOP_2DLINE_00
10
6.8544433333
20
6.6470466667
0
INSERT
2
SMOOTH_0$127
8
PART_TOP_2DLINE_00
10
6.834074
20
6.7590813333
0
INSERT
2
SMOOTH_0$127
8
PART_TOP_2DLINE_00
10
6.7627793333
20
6.86093
0
INSERT
2
SMOOTH_0$127
8
PART_TOP_2DLINE_00
10
6.6711153333
20
6.9220393333
0
INSERT
2
SMOOTH_0$127
8
PART_TOP_2DLINE_00
10
6.5590813333
20
6.9424093333
0
POLYLINE
8
PART_TOP_2DLINE_00
66
1
40
0.127
41
0.127
0
VERTEX
8
PART_TOP_2DLINE_00
10
7.0988813333
20
4.5184013333
0
VERTEX
8
PART_TOP_2DLINE_00
10
7.0785113333
20
4.6100653333
0
VERTEX
8
PART_TOP_2DLINE_00
10
7.0275866667
20
4.6915446667
0
VERTEX
8
PART_TOP_2DLINE_00
10
6.9461073333
20
4.7424693333
0
VERTEX
8
PART_TOP_2DLINE_00
10
6.8544433333
20
4.7628393333
0
VERTEX
8
PART_TOP_2DLINE_00
10
6.1822393333
20
4.7628393333
0
VERTEX
8
PART_TOP_2DLINE_00
10
6.0905753333
20
4.7424693333
0
VERTEX
8
PART_TOP_2DLINE_00
10
6.009096
20
4.6915446667
0
VERTEX
8
PART_TOP_2DLINE_00
10
5.9581713333
20
4.6100653333
0
VERTEX
8
PART_TOP_2DLINE_00
10
5.9378013333
20
4.5184013333
0
SEQEND
0
INSERT
2
SMOOTH_0$127
8
PART_TOP_2DLINE_00
10
7.0988813333
20
4.5184013333
0
INSERT
2
SMOOTH_0$127
8
PART_TOP_2DLINE_00
10
7.0785113333
20
4.6100653333
0
INSERT
2
SMOOTH_0$127
8
PART_TOP_2DLINE_00
10
7.0275866667
20
4.6915446667
0
INSERT
2
SMOOTH_0$127
8
PART_TOP_2DLINE_00
10
6.9461073333
20
4.7424693333
0
INSERT
2
SMOOTH_0$127
8
PART_TOP_2DLINE_00
10
6.8544433333
20
4.7628393333
0
INSERT
2
SMOOTH_0$127
8
PART_TOP_2DLINE_00
10
6.1822393333
20
4.7628393333
0
INSERT
2
SMOOTH_0$127
8
PART_TOP_2DLINE_00
10
6.0905753333
20
4.7424693333
0
INSERT
2
SMOOTH_0$127
8
PART_TOP_2DLINE_00
10
6.009096
20
4.6915446667
0
INSERT
2
SMOOTH_0$127
8
PART_TOP_2DLINE_00
10
5.9581713333
20
4.6100653333
0
INSERT
2
SMOOTH_0$127
8
PART_TOP_2DLINE_00
10
5.9378013333
20
4.5184013333
0
POLYLINE
8
PART_TOP_2DLINE_00
66
1
40
0.127
41
0.127
0
VERTEX
8
PART_TOP_2DLINE_00
10
4.685058
20
6.6470466667
0
VERTEX
8
PART_TOP_2DLINE_00
10
6.8544433333
20
6.6470466667
0
SEQEND
0
INSERT
2
SMOOTH_0$127
8
PART_TOP_2DLINE_00
10
4.685058
20
6.6470466667
0
INSERT
2
SMOOTH_0$127
8
PART_TOP_2DLINE_00
10
6.8544433333
20
6.6470466667
0
POLYLINE
8
PART_TOP_2DLINE_00
66
1
40
0.127
41
0.127
0
VERTEX
8
PART_TOP_2DLINE_00
10
0.6110946667
20
7.716462
0
VERTEX
8
PART_TOP_2DLINE_00
10
0.8657173333
20
6.6470466667
0
VERTEX
8
PART_TOP_2DLINE_00
10
-0.875902
20
6.6470466667
0
SEQEND
0
INSERT
2
SMOOTH_0$127
8
PART_TOP_2DLINE_00
10
0.6110946667
20
7.716462
0
INSERT
2
SMOOTH_0$127
8
PART_TOP_2DLINE_00
10
0.8657173333
20
6.6470466667
0
INSERT
2
SMOOTH_0$127
8
PART_TOP_2DLINE_00
10
-0.875902
20
6.6470466667
0
POLYLINE
8
PART_TOP_2DLINE_00
66
1
40
0.127
41
0.127
0
VERTEX
8
PART_TOP_2DLINE_00
10
0.8657173333
20
6.6470466667
0
VERTEX
8
PART_TOP_2DLINE_00
10
1.008306
20
6.6470466667
0
SEQEND
0
INSERT
2
SMOOTH_0$127
8
PART_TOP_2DLINE_00
10
0.8657173333
20
6.6470466667
0
INSERT
2
SMOOTH_0$127
8
PART_TOP_2DLINE_00
10
1.008306
20
6.6470466667
0
POLYLINE
8
PART_TOP_2DLINE_00
66
1
40
0.127
41
0.127
0
VERTEX
8
PART_TOP_2DLINE_00
10
-0.875902
20
6.6470466667
0
VERTEX
8
PART_TOP_2DLINE_00
10
-0.6110946667
20
7.716462
0
VERTEX
8
PART_TOP_2DLINE_00
10
0.6110946667
20
7.716462
0
SEQEND
0
INSERT
2
SMOOTH_0$127
8
PART_TOP_2DLINE_00
10
-0.875902
20
6.6470466667
0
INSERT
2
SMOOTH_0$127
8
PART_TOP_2DLINE_00
10
-0.6110946667
20
7.716462
0
INSERT
2
SMOOTH_0$127
8
PART_TOP_2DLINE_00
10
0.6110946667
20
7.716462
0
POLYLINE
8
PART_TOP_2DLINE_00
66
1
40
0.127
41
0.127
0
VERTEX
8
PART_TOP_2DLINE_00
10
0.8657173333
20
6.6470466667
0
VERTEX
8
PART_TOP_2DLINE_00
10
4.685058
20
6.6470466667
0
SEQEND
0
INSERT
2
SMOOTH_0$127
8
PART_TOP_2DLINE_00
10
0.8657173333
20
6.6470466667
0
INSERT
2
SMOOTH_0$127
8
PART_TOP_2DLINE_00
10
4.685058
20
6.6470466667
0
POLYLINE
8
PART_TOP_2DLINE_00
66
1
40
0.127
41
0.127
0
VERTEX
8
PART_TOP_2DLINE_00
10
4.6341333333
20
6.6470466667
0
VERTEX
8
PART_TOP_2DLINE_00
10
4.8989406667
20
7.716462
0
SEQEND
0
INSERT
2
SMOOTH_0$127
8
PART_TOP_2DLINE_00
10
4.6341333333
20
6.6470466667
0
INSERT
2
SMOOTH_0$127
8
PART_TOP_2DLINE_00
10
4.8989406667
20
7.716462
0
POLYLINE
8
PART_TOP_2DLINE_00
66
1
40
0.127
41
0.127
0
VERTEX
8
PART_TOP_2DLINE_00
10
0.6620193333
20
0.709246
0
VERTEX
8
PART_TOP_2DLINE_00
10
0.6620193333
20
-0.3092453333
0
VERTEX
8
PART_TOP_2DLINE_00
10
1.9249473333
20
-0.3092453333
0
SEQEND
0
INSERT
2
SMOOTH_0$127
8
PART_TOP_2DLINE_00
10
0.6620193333
20
0.709246
0
INSERT
2
SMOOTH_0$127
8
PART_TOP_2DLINE_00
10
0.6620193333
20
-0.3092453333
0
INSERT
2
SMOOTH_0$127
8
PART_TOP_2DLINE_00
10
1.9249473333
20
-0.3092453333
0
POLYLINE
8
PART_TOP_2DLINE_00
66
1
40
0.127
41
0.127
0
VERTEX
8
PART_TOP_2DLINE_00
10
0.6620193333
20
0.709246
0
VERTEX
8
PART_TOP_2DLINE_00
10
1.9249473333
20
0.709246
0
VERTEX
8
PART_TOP_2DLINE_00
10
1.9249473333
20
-0.3092453333
0
SEQEND
0
INSERT
2
SMOOTH_0$127
8
PART_TOP_2DLINE_00
10
0.6620193333
20
0.709246
0
INSERT
2
SMOOTH_0$127
8
PART_TOP_2DLINE_00
10
1.9249473333
20
0.709246
0
INSERT
2
SMOOTH_0$127
8
PART_TOP_2DLINE_00
10
1.9249473333
20
-0.3092453333
0
POLYLINE
8
PART_TOP_2DLINE_00
66
1
40
0.127
41
0.127
0
VERTEX
8
PART_TOP_2DLINE_00
10
7.0988813333
20
4.5184013333
0
VERTEX
8
PART_TOP_2DLINE_00
10
7.0988813333
20
-4.1184006667
0
SEQEND
0
INSERT
2
SMOOTH_0$127
8
PART_TOP_2DLINE_00
10
7.0988813333
20
4.5184013333
0
INSERT
2
SMOOTH_0$127
8
PART_TOP_2DLINE_00
10
7.0988813333
20
-4.1184006667
0
POLYLINE
8
PART_TOP_2DLINE_00
66
1
40
0.127
41
0.127
0
VERTEX
8
PART_TOP_2DLINE_00
10
6.8544433333
20
-1.8471666667
0
VERTEX
8
PART_TOP_2DLINE_00
10
6.8544433333
20
2.2471666667
0
VERTEX
8
PART_TOP_2DLINE_00
10
6.834074
20
2.349016
0
VERTEX
8
PART_TOP_2DLINE_00
10
6.7831486667
20
2.42031
0
VERTEX
8
PART_TOP_2DLINE_00
10
6.70167
20
2.4712346667
0
VERTEX
8
PART_TOP_2DLINE_00
10
6.6100053333
20
2.4916046667
0
SEQEND
0
INSERT
2
SMOOTH_0$127
8
PART_TOP_2DLINE_00
10
6.8544433333
20
-1.8471666667
0
INSERT
2
SMOOTH_0$127
8
PART_TOP_2DLINE_00
10
6.8544433333
20
2.2471666667
0
INSERT
2
SMOOTH_0$127
8
PART_TOP_2DLINE_00
10
6.834074
20
2.349016
0
INSERT
2
SMOOTH_0$127
8
PART_TOP_2DLINE_00
10
6.7831486667
20
2.42031
0
INSERT
2
SMOOTH_0$127
8
PART_TOP_2DLINE_00
10
6.70167
20
2.4712346667
0
INSERT
2
SMOOTH_0$127
8
PART_TOP_2DLINE_00
10
6.6100053333
20
2.4916046667
0
POLYLINE
8
PART_TOP_2DLINE_00
66
1
40
0.127
41
0.127
0
VERTEX
8
PART_TOP_2DLINE_00
10
6.5183413333
20
-2.0916046667
0
VERTEX
8
PART_TOP_2DLINE_00
10
6.5183413333
20
-4.352654
0
SEQEND
0
INSERT
2
SMOOTH_0$127
8
PART_TOP_2DLINE_00
10
6.5183413333
20
-2.0916046667
0
INSERT
2
SMOOTH_0$127
8
PART_TOP_2DLINE_00
10
6.5183413333
20
-4.352654
0
POLYLINE
8
PART_TOP_2DLINE_00
66
1
40
0.127
41
0.127
0
VERTEX
8
PART_TOP_2DLINE_00
10
6.5183413333
20
-6.2470466667
0
VERTEX
8
PART_TOP_2DLINE_00
10
6.5285266667
20
-6.2470466667
0
SEQEND
0
INSERT
2
SMOOTH_0$127
8
PART_TOP_2DLINE_00
10
6.5183413333
20
-6.2470466667
0
INSERT
2
SMOOTH_0$127
8
PART_TOP_2DLINE_00
10
6.5285266667
20
-6.2470466667
0
POLYLINE
8
PART_TOP_2DLINE_00
66
1
40
0.127
41
0.127
0
VERTEX
8
PART_TOP_2DLINE_00
10
-9.9710246667
20
7.38036
0
VERTEX
8
PART_TOP_2DLINE_00
10
-9.6756626667
20
7.38036
0
VERTEX
8
PART_TOP_2DLINE_00
10
-9.6756626667
20
6.84056
0
SEQEND
0
INSERT
2
SMOOTH_0$127
8
PART_TOP_2DLINE_00
10
-9.9710246667
20
7.38036
0
INSERT
2
SMOOTH_0$127
8
PART_TOP_2DLINE_00
10
-9.6756626667
20
7.38036
0
INSERT
2
SMOOTH_0$127
8
PART_TOP_2DLINE_00
10
-9.6756626667
20
6.84056
0
POLYLINE
8
PART_TOP_2DLINE_00
66
1
40
0.127
41
0.127
0
VERTEX
8
PART_TOP_2DLINE_00
10
-9.9710246667
20
7.38036
0
VERTEX
8
PART_TOP_2DLINE_00
10
-9.9710246667
20
6.84056
0
SEQEND
0
INSERT
2
SMOOTH_0$127
8
PART_TOP_2DLINE_00
10
-9.9710246667
20
7.38036
0
INSERT
2
SMOOTH_0$127
8
PART_TOP_2DLINE_00
10
-9.9710246667
20
6.84056
0
POLYLINE
8
PART_TOP_2DLINE_00
66
1
40
0.127
41
0.127
0
VERTEX
8
PART_TOP_2DLINE_00
10
6.6100053333
20
2.4916046667
0
VERTEX
8
PART_TOP_2DLINE_00
10
6.1822393333
20
2.4916046667
0
SEQEND
0
INSERT
2
SMOOTH_0$127
8
PART_TOP_2DLINE_00
10
6.6100053333
20
2.4916046667
0
INSERT
2
SMOOTH_0$127
8
PART_TOP_2DLINE_00
10
6.1822393333
20
2.4916046667
0
POLYLINE
8
PART_TOP_2DLINE_00
66
1
40
0.127
41
0.127
0
VERTEX
8
PART_TOP_2DLINE_00
10
5.9378013333
20
2.736042
0
VERTEX
8
PART_TOP_2DLINE_00
10
5.9581713333
20
2.644378
0
VERTEX
8
PART_TOP_2DLINE_00
10
6.009096
20
2.5628986667
0
VERTEX
8
PART_TOP_2DLINE_00
10
6.0905753333
20
2.5119746667
0
VERTEX
8
PART_TOP_2DLINE_00
10
6.1822393333
20
2.4916046667
0
SEQEND
0
INSERT
2
SMOOTH_0$127
8
PART_TOP_2DLINE_00
10
5.9378013333
20
2.736042
0
INSERT
2
SMOOTH_0$127
8
PART_TOP_2DLINE_00
10
5.9581713333
20
2.644378
0
INSERT
2
SMOOTH_0$127
8
PART_TOP_2DLINE_00
10
6.009096
20
2.5628986667
0
INSERT
2
SMOOTH_0$127
8
PART_TOP_2DLINE_00
10
6.0905753333
20
2.5119746667
0
INSERT
2
SMOOTH_0$127
8
PART_TOP_2DLINE_00
10
6.1822393333
20
2.4916046667
0
POLYLINE
8
PART_TOP_2DLINE_00
66
1
40
0.127
41
0.127
0
VERTEX
8
PART_TOP_2DLINE_00
10
6.6100053333
20
-2.0916046667
0
VERTEX
8
PART_TOP_2DLINE_00
10
6.70167
20
-2.0712346667
0
VERTEX
8
PART_TOP_2DLINE_00
10
6.7831486667
20
-2.02031
0
VERTEX
8
PART_TOP_2DLINE_00
10
6.834074
20
-1.9388306667
0
VERTEX
8
PART_TOP_2DLINE_00
10
6.8544433333
20
-1.8471666667
0
SEQEND
0
INSERT
2
SMOOTH_0$127
8
PART_TOP_2DLINE_00
10
6.6100053333
20
-2.0916046667
0
INSERT
2
SMOOTH_0$127
8
PART_TOP_2DLINE_00
10
6.70167
20
-2.0712346667
0
INSERT
2
SMOOTH_0$127
8
PART_TOP_2DLINE_00
10
6.7831486667
20
-2.02031
0
INSERT
2
SMOOTH_0$127
8
PART_TOP_2DLINE_00
10
6.834074
20
-1.9388306667
0
INSERT
2
SMOOTH_0$127
8
PART_TOP_2DLINE_00
10
6.8544433333
20
-1.8471666667
0
POLYLINE
8
PART_TOP_2DLINE_00
66
1
40
0.127
41
0.127
0
VERTEX
8
PART_TOP_2DLINE_00
10
5.9378013333
20
2.736042
0
VERTEX
8
PART_TOP_2DLINE_00
10
5.9378013333
20
4.5184013333
0
SEQEND
0
INSERT
2
SMOOTH_0$127
8
PART_TOP_2DLINE_00
10
5.9378013333
20
2.736042
0
INSERT
2
SMOOTH_0$127
8
PART_TOP_2DLINE_00
10
5.9378013333
20
4.5184013333
0
POLYLINE
8
PART_TOP_2DLINE_00
66
1
40
0.127
41
0.127
0
VERTEX
8
PART_TOP_2DLINE_00
10
6.8544433333
20
6.6470466667
0
VERTEX
8
PART_TOP_2DLINE_00
10
6.8544433333
20
4.7628393333
0
SEQEND
0
INSERT
2
SMOOTH_0$127
8
PART_TOP_2DLINE_00
10
6.8544433333
20
6.6470466667
0
INSERT
2
SMOOTH_0$127
8
PART_TOP_2DLINE_00
10
6.8544433333
20
4.7628393333
0
POLYLINE
8
PART_TOP_2DLINE_00
66
1
40
0.127
41
0.127
0
VERTEX
8
PART_TOP_2DLINE_00
10
6.8544433333
20
-6.2470466667
0
VERTEX
8
PART_TOP_2DLINE_00
10
6.8544433333
20
-4.352654
0
SEQEND
0
INSERT
2
SMOOTH_0$127
8
PART_TOP_2DLINE_00
10
6.8544433333
20
-6.2470466667
0
INSERT
2
SMOOTH_0$127
8
PART_TOP_2DLINE_00
10
6.8544433333
20
-4.352654
0
POLYLINE
8
PART_TOP_2DLINE_00
66
1
40
0.127
41
0.127
0
VERTEX
8
PART_TOP_2DLINE_00
10
6.8544433333
20
4.7628393333
0
VERTEX
8
PART_TOP_2DLINE_00
10
6.8544433333
20
2.2471666667
0
SEQEND
0
INSERT
2
SMOOTH_0$127
8
PART_TOP_2DLINE_00
10
6.8544433333
20
4.7628393333
0
INSERT
2
SMOOTH_0$127
8
PART_TOP_2DLINE_00
10
6.8544433333
20
2.2471666667
0
POLYLINE
8
PART_TOP_2DLINE_00
66
1
40
0.127
41
0.127
0
VERTEX
8
PART_TOP_2DLINE_00
10
6.8544433333
20
-1.8471666667
0
VERTEX
8
PART_TOP_2DLINE_00
10
6.8544433333
20
-4.352654
0
VERTEX
8
PART_TOP_2DLINE_00
10
6.9461073333
20
-4.3424686667
0
VERTEX
8
PART_TOP_2DLINE_00
10
7.0275866667
20
-4.2813593333
0
VERTEX
8
PART_TOP_2DLINE_00
10
7.0785113333
20
-4.2100646667
0
VERTEX
8
PART_TOP_2DLINE_00
10
7.0988813333
20
-4.1184006667
0
SEQEND
0
INSERT
2
SMOOTH_0$127
8
PART_TOP_2DLINE_00
10
6.8544433333
20
-1.8471666667
0
INSERT
2
SMOOTH_0$127
8
PART_TOP_2DLINE_00
10
6.8544433333
20
-4.352654
0
INSERT
2
SMOOTH_0$127
8
PART_TOP_2DLINE_00
10
6.9461073333
20
-4.3424686667
0
INSERT
2
SMOOTH_0$127
8
PART_TOP_2DLINE_00
10
7.0275866667
20
-4.2813593333
0
INSERT
2
SMOOTH_0$127
8
PART_TOP_2DLINE_00
10
7.0785113333
20
-4.2100646667
0
INSERT
2
SMOOTH_0$127
8
PART_TOP_2DLINE_00
10
7.0988813333
20
-4.1184006667
0
POLYLINE
8
PART_TOP_2DLINE_00
66
1
40
0.127
41
0.127
0
VERTEX
8
PART_TOP_2DLINE_00
10
6.1822393333
20
-4.352654
0
VERTEX
8
PART_TOP_2DLINE_00
10
6.8544433333
20
-4.352654
0
SEQEND
0
INSERT
2
SMOOTH_0$127
8
PART_TOP_2DLINE_00
10
6.1822393333
20
-4.352654
0
INSERT
2
SMOOTH_0$127
8
PART_TOP_2DLINE_00
10
6.8544433333
20
-4.352654
0
POLYLINE
8
PART_TOP_2DLINE_00
66
1
40
0.127
41
0.127
0
VERTEX
8
PART_TOP_2DLINE_00
10
5.9378013333
20
-4.1184006667
0
VERTEX
8
PART_TOP_2DLINE_00
10
5.9581713333
20
-4.2100646667
0
VERTEX
8
PART_TOP_2DLINE_00
10
6.009096
20
-4.2813593333
0
VERTEX
8
PART_TOP_2DLINE_00
10
6.0905753333
20
-4.3424686667
0
VERTEX
8
PART_TOP_2DLINE_00
10
6.1822393333
20
-4.352654
0
SEQEND
0
INSERT
2
SMOOTH_0$127
8
PART_TOP_2DLINE_00
10
5.9378013333
20
-4.1184006667
0
INSERT
2
SMOOTH_0$127
8
PART_TOP_2DLINE_00
10
5.9581713333
20
-4.2100646667
0
INSERT
2
SMOOTH_0$127
8
PART_TOP_2DLINE_00
10
6.009096
20
-4.2813593333
0
INSERT
2
SMOOTH_0$127
8
PART_TOP_2DLINE_00
10
6.0905753333
20
-4.3424686667
0
INSERT
2
SMOOTH_0$127
8
PART_TOP_2DLINE_00
10
6.1822393333
20
-4.352654
0
POLYLINE
8
PART_TOP_2DLINE_00
66
1
40
0.127
41
0.127
0
VERTEX
8
PART_TOP_2DLINE_00
10
6.6100053333
20
-2.0916046667
0
VERTEX
8
PART_TOP_2DLINE_00
10
6.1822393333
20
-2.0916046667
0
VERTEX
8
PART_TOP_2DLINE_00
10
6.0905753333
20
-2.111974
0
VERTEX
8
PART_TOP_2DLINE_00
10
6.009096
20
-2.1628986667
0
VERTEX
8
PART_TOP_2DLINE_00
10
5.9581713333
20
-2.244378
0
VERTEX
8
PART_TOP_2DLINE_00
10
5.9378013333
20
-2.336042
0
VERTEX
8
PART_TOP_2DLINE_00
10
5.9378013333
20
-4.1184006667
0
SEQEND
0
INSERT
2
SMOOTH_0$127
8
PART_TOP_2DLINE_00
10
6.6100053333
20
-2.0916046667
0
INSERT
2
SMOOTH_0$127
8
PART_TOP_2DLINE_00
10
6.1822393333
20
-2.0916046667
0
INSERT
2
SMOOTH_0$127
8
PART_TOP_2DLINE_00
10
6.0905753333
20
-2.111974
0
INSERT
2
SMOOTH_0$127
8
PART_TOP_2DLINE_00
10
6.009096
20
-2.1628986667
0
INSERT
2
SMOOTH_0$127
8
PART_TOP_2DLINE_00
10
5.9581713333
20
-2.244378
0
INSERT
2
SMOOTH_0$127
8
PART_TOP_2DLINE_00
10
5.9378013333
20
-2.336042
0
INSERT
2
SMOOTH_0$127
8
PART_TOP_2DLINE_00
10
5.9378013333
20
-4.1184006667
0
POLYLINE
8
PART_TOP_2DLINE_00
66
1
40
0.127
41
0.127
0
VERTEX
8
PART_TOP_2DLINE_00
10
6.8544433333
20
-4.8211593333
0
VERTEX
8
PART_TOP_2DLINE_00
10
6.8544433333
20
-1.8471666667
0
SEQEND
0
INSERT
2
SMOOTH_0$127
8
PART_TOP_2DLINE_00
10
6.8544433333
20
-4.8211593333
0
INSERT
2
SMOOTH_0$127
8
PART_TOP_2DLINE_00
10
6.8544433333
20
-1.8471666667
0
POLYLINE
8
PART_TOP_2DLINE_00
66
1
40
0.127
41
0.127
0
VERTEX
8
PART_TOP_2DLINE_00
10
6.5183413333
20
4.7628393333
0
VERTEX
8
PART_TOP_2DLINE_00
10
6.5183413333
20
2.4916046667
0
SEQEND
0
INSERT
2
SMOOTH_0$127
8
PART_TOP_2DLINE_00
10
6.5183413333
20
4.7628393333
0
INSERT
2
SMOOTH_0$127
8
PART_TOP_2DLINE_00
10
6.5183413333
20
2.4916046667
0
POLYLINE
8
PART_TOP_2DLINE_00
66
1
40
0.127
41
0.127
0
VERTEX
8
PART_TOP_2DLINE_00
10
0.002812
20
6.3058526667
0
VERTEX
8
PART_TOP_2DLINE_00
10
0.002812
20
7.09009
0
SEQEND
0
INSERT
2
SMOOTH_0$127
8
PART_TOP_2DLINE_00
10
0.002812
20
6.3058526667
0
INSERT
2
SMOOTH_0$127
8
PART_TOP_2DLINE_00
10
0.002812
20
7.09009
0
POLYLINE
8
PART_TOP_2DLINE_00
66
1
40
0.127
41
0.127
0
VERTEX
8
PART_TOP_2DLINE_00
10
0.4000233333
20
6.703064
0
VERTEX
8
PART_TOP_2DLINE_00
10
-0.3842146667
20
6.703064
0
SEQEND
0
INSERT
2
SMOOTH_0$127
8
PART_TOP_2DLINE_00
10
0.4000233333
20
6.703064
0
INSERT
2
SMOOTH_0$127
8
PART_TOP_2DLINE_00
10
-0.3842146667
20
6.703064
0
POLYLINE
8
PART_TOP_2DLINE_00
66
1
40
0.127
41
0.127
70
1
0
VERTEX
8
PART_TOP_2DLINE_00
10
-1.1135286667
20
6.6979713333
42
1
0
VERTEX
8
PART_TOP_2DLINE_00
10
1.113506
20
6.6979713333
42
1
0
SEQEND
0
POLYLINE
8
PART_TOP_2DLINE_00
66
1
40
0.127
41
0.127
0
VERTEX
8
PART_TOP_2DLINE_00
10
0.0000113333
20
-6.2979713333
0
VERTEX
8
PART_TOP_2DLINE_00
10
0.6297553333
20
-6.2979713333
0
SEQEND
0
INSERT
2
SMOOTH_0$127
8
PART_TOP_2DLINE_00
10
0.0000113333
20
-6.2979713333
0
INSERT
2
SMOOTH_0$127
8
PART_TOP_2DLINE_00
10
0.6297553333
20
-6.2979713333
0
POLYLINE
8
PART_TOP_2DLINE_00
66
1
40
0.127
41
0.127
0
VERTEX
8
PART_TOP_2DLINE_00
10
0.6297553333
20
-6.2979713333
0
VERTEX
8
PART_TOP_2DLINE_00
10
-0.5628166667
20
-6.2979713333
0
SEQEND
0
INSERT
2
SMOOTH_0$127
8
PART_TOP_2DLINE_00
10
0.6297553333
20
-6.2979713333
0
INSERT
2
SMOOTH_0$127
8
PART_TOP_2DLINE_00
10
-0.5628166667
20
-6.2979713333
0
POLYLINE
8
PART_TOP_2DLINE_00
66
1
40
0.127
41
0.127
0
VERTEX
8
PART_TOP_2DLINE_00
10
0.0000113333
20
-6.2979713333
0
VERTEX
8
PART_TOP_2DLINE_00
10
0.0000113333
20
-5.817532
0
SEQEND
0
INSERT
2
SMOOTH_0$127
8
PART_TOP_2DLINE_00
10
0.0000113333
20
-6.2979713333
0
INSERT
2
SMOOTH_0$127
8
PART_TOP_2DLINE_00
10
0.0000113333
20
-5.817532
0
POLYLINE
8
PART_TOP_2DLINE_00
66
1
40
0.127
41
0.127
0
VERTEX
8
PART_TOP_2DLINE_00
10
0.0000113333
20
-6.2979713333
0
VERTEX
8
PART_TOP_2DLINE_00
10
0.0000113333
20
-6.8291293333
0
SEQEND
0
INSERT
2
SMOOTH_0$127
8
PART_TOP_2DLINE_00
10
0.0000113333
20
-6.2979713333
0
INSERT
2
SMOOTH_0$127
8
PART_TOP_2DLINE_00
10
0.0000113333
20
-6.8291293333
0
ENDBLK
0
BLOCK
2
STK_TOP_33
8
0
10
0
20
0
3
STK_TOP_33
70
64
0
INSERT
2
DRIL_HOLE_0$9
8
DRIL_PLTE_THRU_01
10
0
20
0
0
INSERT
2
DRIL_HOLE_0$9
8
DRIL_PLTE_THRU_02
10
0
20
0
0
INSERT
2
DRIL_HOLE_0$9
8
DRIL_PLTE_THRU_03
10
0
20
0
0
INSERT
2
DRIL_HOLE_0$9
8
DRIL_PLTE_THRU_04
10
0
20
0
0
INSERT
2
PAD_30
8
PADS_INNER
10
0
20
0
0
INSERT
2
PAD_37
8
PADS_BOT
10
0
20
0
0
INSERT
2
PAD_37
8
PADS_TOP
10
0
20
0
0
ENDBLK
0
BLOCK
2
STK_TOP_34
8
0
10
0
20
0
3
STK_TOP_34
70
64
0
INSERT
2
DRIL_HOLE_2$3
8
DRIL_PLTE_THRU_01
10
0
20
0
0
INSERT
2
DRIL_HOLE_2$3
8
DRIL_PLTE_THRU_02
10
0
20
0
0
INSERT
2
DRIL_HOLE_2$3
8
DRIL_PLTE_THRU_03
10
0
20
0
0
INSERT
2
DRIL_HOLE_2$3
8
DRIL_PLTE_THRU_04
10
0
20
0
0
INSERT
2
PAD_38
8
PADS_INNER
10
0
20
0
0
INSERT
2
PAD_39
8
PADS_BOT
10
0
20
0
0
INSERT
2
PAD_39
8
PADS_TOP
10
0
20
0
0
ENDBLK
0
BLOCK
2
STK_TOP_35
8
0
10
0
20
0
3
STK_TOP_35
70
64
0
INSERT
2
DRIL_HOLE_2$286
8
DRIL_PLTE_THRU_01
10
0
20
0
0
INSERT
2
DRIL_HOLE_2$286
8
DRIL_PLTE_THRU_02
10
0
20
0
0
INSERT
2
DRIL_HOLE_2$286
8
DRIL_PLTE_THRU_03
10
0
20
0
0
INSERT
2
DRIL_HOLE_2$286
8
DRIL_PLTE_THRU_04
10
0
20
0
0
INSERT
2
PAD_38
8
PADS_INNER
10
0
20
0
0
INSERT
2
PAD_39
8
PADS_BOT
10
0
20
0
0
INSERT
2
PAD_39
8
PADS_TOP
10
0
20
0
0
ENDBLK
0
BLOCK
2
PART_BODY_TOP_59
8
0
10
0
20
0
3
PART_BODY_TOP_59
70
64
0
POLYLINE
8
PART_TOP_2DLINE_00
66
1
40
0.3048
41
0.3048
70
1
0
VERTEX
8
PART_TOP_2DLINE_00
10
8.097012
20
-9.9314
0
VERTEX
8
PART_TOP_2DLINE_00
10
8.097012
20
10.438388
0
VERTEX
8
PART_TOP_2DLINE_00
10
-7.843012
20
10.438388
0
VERTEX
8
PART_TOP_2DLINE_00
10
-7.874
20
10.4074
0
VERTEX
8
PART_TOP_2DLINE_00
10
-7.874
20
-9.906
0
VERTEX
8
PART_TOP_2DLINE_00
10
-7.8486
20
-9.9314
0
SEQEND
0
INSERT
2
SMOOTH_0$3048
8
PART_TOP_2DLINE_00
10
8.097012
20
-9.9314
0
INSERT
2
SMOOTH_0$3048
8
PART_TOP_2DLINE_00
10
8.097012
20
10.438388
0
INSERT
2
SMOOTH_0$3048
8
PART_TOP_2DLINE_00
10
-7.843012
20
10.438388
0
INSERT
2
SMOOTH_0$3048
8
PART_TOP_2DLINE_00
10
-7.874
20
10.4074
0
INSERT
2
SMOOTH_0$3048
8
PART_TOP_2DLINE_00
10
-7.874
20
-9.906
0
INSERT
2
SMOOTH_0$3048
8
PART_TOP_2DLINE_00
10
-7.8486
20
-9.9314
0
ENDBLK
0
BLOCK
2
STK_TOP_37
8
0
10
0
20
0
3
STK_TOP_37
70
64
0
INSERT
2
DRIL_HOLE_3$8
8
DRIL_PLTE_THRU_01
10
0
20
0
0
INSERT
2
DRIL_HOLE_3$8
8
DRIL_PLTE_THRU_02
10
0
20
0
0
INSERT
2
DRIL_HOLE_3$8
8
DRIL_PLTE_THRU_03
10
0
20
0
0
INSERT
2
DRIL_HOLE_3$8
8
DRIL_PLTE_THRU_04
10
0
20
0
0
INSERT
2
PAD_40
8
PADS_INNER
10
0
20
0
0
INSERT
2
PAD_40
8
PADS_BOT
10
0
20
0
0
INSERT
2
PAD_40
8
PADS_TOP
10
0
20
0
0
ENDBLK
0
BLOCK
2
STK_TOP_38
8
0
10
0
20
0
3
STK_TOP_38
70
64
0
INSERT
2
DRIL_HOLE_1$7999986667
8
DRIL_PLTE_THRU_01
10
0
20
0
0
INSERT
2
DRIL_HOLE_1$7999986667
8
DRIL_PLTE_THRU_02
10
0
20
0
0
INSERT
2
DRIL_HOLE_1$7999986667
8
DRIL_PLTE_THRU_03
10
0
20
0
0
INSERT
2
DRIL_HOLE_1$7999986667
8
DRIL_PLTE_THRU_04
10
0
20
0
0
INSERT
2
PAD_41
8
PADS_INNER
10
0
20
0
0
INSERT
2
PAD_41
8
PADS_BOT
10
0
20
0
0
INSERT
2
PAD_41
8
PADS_TOP
10
0
20
0
0
ENDBLK
0
BLOCK
2
STK_TOP_39
8
0
10
0
20
0
3
STK_TOP_39
70
64
0
INSERT
2
DRIL_HOLE_0$7112
8
DRIL_PLTE_THRU_01
10
0
20
0
0
INSERT
2
DRIL_HOLE_0$7112
8
DRIL_PLTE_THRU_02
10
0
20
0
0
INSERT
2
DRIL_HOLE_0$7112
8
DRIL_PLTE_THRU_03
10
0
20
0
0
INSERT
2
DRIL_HOLE_0$7112
8
DRIL_PLTE_THRU_04
10
0
20
0
0
INSERT
2
PAD_42
8
PADS_INNER
10
0
20
0
0
INSERT
2
PAD_42
8
PADS_BOT
10
0
20
0
0
INSERT
2
PAD_42
8
PADS_TOP
10
0
20
0
0
ENDBLK
0
BLOCK
2
STK_TOP_36
8
0
10
0
20
0
3
STK_TOP_36
70
64
0
INSERT
2
DRIL_HOLE_0$7112
8
DRIL_PLTE_THRU_01
10
0
20
0
0
INSERT
2
DRIL_HOLE_0$7112
8
DRIL_PLTE_THRU_02
10
0
20
0
0
INSERT
2
DRIL_HOLE_0$7112
8
DRIL_PLTE_THRU_03
10
0
20
0
0
INSERT
2
DRIL_HOLE_0$7112
8
DRIL_PLTE_THRU_04
10
0
20
0
0
INSERT
2
PAD_43
8
PADS_INNER
10
0
20
0
0
INSERT
2
PAD_43
8
PADS_BOT
10
0
20
0
0
INSERT
2
PAD_43
8
PADS_TOP
10
0
20
0
0
ENDBLK
0
BLOCK
2
STK_TOP_40
8
0
10
0
20
0
3
STK_TOP_40
70
64
0
INSERT
2
DRIL_HOLE_1$016
8
DRIL_PLTE_THRU_01
10
0
20
0
0
INSERT
2
DRIL_HOLE_1$016
8
DRIL_PLTE_THRU_02
10
0
20
0
0
INSERT
2
DRIL_HOLE_1$016
8
DRIL_PLTE_THRU_03
10
0
20
0
0
INSERT
2
DRIL_HOLE_1$016
8
DRIL_PLTE_THRU_04
10
0
20
0
0
INSERT
2
PAD_43
8
PADS_INNER
10
0
20
0
0
INSERT
2
PAD_43
8
PADS_BOT
10
0
20
0
0
INSERT
2
PAD_43
8
PADS_TOP
10
0
20
0
0
ENDBLK
0
BLOCK
2
PART_BODY_TOP_60
8
0
10
0
20
0
3
PART_BODY_TOP_60
70
64
0
POLYLINE
8
PART_TOP_2DLINE_01
66
1
40
0.127
41
0.127
70
1
0
VERTEX
8
PART_TOP_2DLINE_01
10
-2.35
20
2.1
0
VERTEX
8
PART_TOP_2DLINE_01
10
2.35
20
2.1
0
VERTEX
8
PART_TOP_2DLINE_01
10
2.35
20
-2.1
0
VERTEX
8
PART_TOP_2DLINE_01
10
-2.35
20
-2.1
0
SEQEND
0
INSERT
2
SMOOTH_0$127
8
PART_TOP_2DLINE_01
10
-2.35
20
2.1
0
INSERT
2
SMOOTH_0$127
8
PART_TOP_2DLINE_01
10
2.35
20
2.1
0
INSERT
2
SMOOTH_0$127
8
PART_TOP_2DLINE_01
10
2.35
20
-2.1
0
INSERT
2
SMOOTH_0$127
8
PART_TOP_2DLINE_01
10
-2.35
20
-2.1
0
ENDBLK
0
BLOCK
2
STK_TOP_41
8
0
10
0
20
0
3
STK_TOP_41
70
64
0
INSERT
2
DRIL_HOLE_0
8
DRIL_PLTE_THRU_01
10
0
20
0
0
INSERT
2
DRIL_HOLE_0
8
DRIL_PLTE_THRU_02
10
0
20
0
0
INSERT
2
DRIL_HOLE_0
8
DRIL_PLTE_THRU_03
10
0
20
0
0
INSERT
2
DRIL_HOLE_0
8
DRIL_PLTE_THRU_04
10
0
20
0
0
INSERT
2
PAD_0
8
PADS_INNER
10
0
20
0
0
INSERT
2
PAD_0
8
PADS_BOT
10
0
20
0
0
INSERT
2
PAD_44
8
PADS_TOP
10
0
20
0
50
90
0
ENDBLK
0
BLOCK
2
PART_BODY_TOP_61
8
0
10
0
20
0
3
PART_BODY_TOP_61
70
64
0
POLYLINE
8
PART_TOP_2DLINE_01
66
1
40
0.1
41
0.1
70
1
0
VERTEX
8
PART_TOP_2DLINE_01
10
-3.3
20
3.5
0
VERTEX
8
PART_TOP_2DLINE_01
10
3.3
20
3.5
0
VERTEX
8
PART_TOP_2DLINE_01
10
3.3
20
-3.5
0
VERTEX
8
PART_TOP_2DLINE_01
10
-3.3
20
-3.5
0
SEQEND
0
INSERT
2
SMOOTH_0$1
8
PART_TOP_2DLINE_01
10
-3.3
20
3.5
0
INSERT
2
SMOOTH_0$1
8
PART_TOP_2DLINE_01
10
3.3
20
3.5
0
INSERT
2
SMOOTH_0$1
8
PART_TOP_2DLINE_01
10
3.3
20
-3.5
0
INSERT
2
SMOOTH_0$1
8
PART_TOP_2DLINE_01
10
-3.3
20
-3.5
0
ENDBLK
0
BLOCK
2
STK_TOP_42
8
0
10
0
20
0
3
STK_TOP_42
70
64
0
INSERT
2
DRIL_HOLE_0
8
DRIL_PLTE_THRU_01
10
0
20
0
0
INSERT
2
DRIL_HOLE_0
8
DRIL_PLTE_THRU_02
10
0
20
0
0
INSERT
2
DRIL_HOLE_0
8
DRIL_PLTE_THRU_03
10
0
20
0
0
INSERT
2
DRIL_HOLE_0
8
DRIL_PLTE_THRU_04
10
0
20
0
0
INSERT
2
PAD_0
8
PADS_INNER
10
0
20
0
0
INSERT
2
PAD_0
8
PADS_BOT
10
0
20
0
0
INSERT
2
PAD_45
8
PADS_TOP
10
0
20
0
50
90
0
ENDBLK
0
BLOCK
2
PART_BODY_TOP_62
8
0
10
0
20
0
3
PART_BODY_TOP_62
70
64
0
POLYLINE
8
PART_TOP_2DLINE_01
66
1
40
0.1
41
0.1
70
1
0
VERTEX
8
PART_TOP_2DLINE_01
10
-1.326
20
1.079
0
VERTEX
8
PART_TOP_2DLINE_01
10
1.326
20
1.079
0
VERTEX
8
PART_TOP_2DLINE_01
10
1.326
20
-1.071
0
VERTEX
8
PART_TOP_2DLINE_01
10
-1.326
20
-1.071
0
SEQEND
0
INSERT
2
SMOOTH_0$1
8
PART_TOP_2DLINE_01
10
-1.326
20
1.079
0
INSERT
2
SMOOTH_0$1
8
PART_TOP_2DLINE_01
10
1.326
20
1.079
0
INSERT
2
SMOOTH_0$1
8
PART_TOP_2DLINE_01
10
1.326
20
-1.071
0
INSERT
2
SMOOTH_0$1
8
PART_TOP_2DLINE_01
10
-1.326
20
-1.071
0
POLYLINE
8
KEEPOUT_01
6
KEEPOUT_00001000$0
66
1
70
1
0
VERTEX
8
KEEPOUT_01
10
-1.25
20
1
0
VERTEX
8
KEEPOUT_01
10
1.25
20
1
0
VERTEX
8
KEEPOUT_01
10
1.25
20
-1
0
VERTEX
8
KEEPOUT_01
10
-1.25
20
-1
0
SEQEND
0
ENDBLK
0
BLOCK
2
STK_TOP_43
8
0
10
0
20
0
3
STK_TOP_43
70
64
0
INSERT
2
DRIL_HOLE_0
8
DRIL_PLTE_THRU_01
10
0
20
0
0
INSERT
2
DRIL_HOLE_0
8
DRIL_PLTE_THRU_02
10
0
20
0
0
INSERT
2
DRIL_HOLE_0
8
DRIL_PLTE_THRU_03
10
0
20
0
0
INSERT
2
DRIL_HOLE_0
8
DRIL_PLTE_THRU_04
10
0
20
0
0
INSERT
2
PAD_0
8
PADS_INNER
10
0
20
0
0
INSERT
2
PAD_0
8
PADS_BOT
10
0
20
0
0
INSERT
2
PAD_46
8
PADS_TOP
10
0
20
0
50
90
0
ENDBLK
0
BLOCK
2
PART_BODY_TOP_63
8
0
10
0
20
0
3
PART_BODY_TOP_63
70
64
0
POLYLINE
8
PART_TOP_2DLINE_00
66
1
40
0.127
41
0.127
39
0.40005
70
1
0
VERTEX
8
PART_TOP_2DLINE_00
10
-0.2112006667
20
0.461772
0
VERTEX
8
PART_TOP_2DLINE_00
10
-0.2112006667
20
-0.461772
0
VERTEX
8
PART_TOP_2DLINE_00
10
0.2112013333
20
-0.039116
0
SEQEND
0
INSERT
2
SMOOTH_0$127
8
PART_TOP_2DLINE_00
10
-0.2112006667
20
0.461772
0
INSERT
2
SMOOTH_0$127
8
PART_TOP_2DLINE_00
10
-0.2112006667
20
-0.461772
0
INSERT
2
SMOOTH_0$127
8
PART_TOP_2DLINE_00
10
0.2112013333
20
-0.039116
0
POLYLINE
8
PART_TOP_2DLINE_00
66
1
40
0.127
41
0.127
39
0.40005
70
1
0
VERTEX
8
PART_TOP_2DLINE_00
10
1.41
20
-0.65
0
VERTEX
8
PART_TOP_2DLINE_00
10
1.41
20
0.65
0
VERTEX
8
PART_TOP_2DLINE_00
10
-1.41
20
0.65
0
VERTEX
8
PART_TOP_2DLINE_00
10
-1.41
20
-0.65
0
SEQEND
0
INSERT
2
SMOOTH_0$127
8
PART_TOP_2DLINE_00
10
1.41
20
-0.65
0
INSERT
2
SMOOTH_0$127
8
PART_TOP_2DLINE_00
10
1.41
20
0.65
0
INSERT
2
SMOOTH_0$127
8
PART_TOP_2DLINE_00
10
-1.41
20
0.65
0
INSERT
2
SMOOTH_0$127
8
PART_TOP_2DLINE_00
10
-1.41
20
-0.65
0
POLYLINE
8
PART_TOP_2DLINE_127
66
1
40
0.0127
41
0.0127
39
0.40005
70
1
0
VERTEX
8
PART_TOP_2DLINE_127
10
-0.8
20
0.4
0
VERTEX
8
PART_TOP_2DLINE_127
10
0.8
20
0.4
0
VERTEX
8
PART_TOP_2DLINE_127
10
0.8
20
-0.4
0
VERTEX
8
PART_TOP_2DLINE_127
10
-0.8
20
-0.4
0
SEQEND
0
INSERT
2
SMOOTH_0$0127
8
PART_TOP_2DLINE_127
10
-0.8
20
0.4
0
INSERT
2
SMOOTH_0$0127
8
PART_TOP_2DLINE_127
10
0.8
20
0.4
0
INSERT
2
SMOOTH_0$0127
8
PART_TOP_2DLINE_127
10
0.8
20
-0.4
0
INSERT
2
SMOOTH_0$0127
8
PART_TOP_2DLINE_127
10
-0.8
20
-0.4
0
POLYLINE
8
KEEPOUT_01
6
KEEPOUT_00001000$0
66
1
39
0.40005
70
1
0
VERTEX
8
KEEPOUT_01
10
-0.3
20
0.4
0
VERTEX
8
KEEPOUT_01
10
0.3
20
0.4
0
VERTEX
8
KEEPOUT_01
10
0.3
20
-0.4
0
VERTEX
8
KEEPOUT_01
10
-0.3
20
-0.4
0
SEQEND
0
ENDBLK
0
BLOCK
2
STK_TOP_44
8
0
10
0
20
0
3
STK_TOP_44
70
64
0
INSERT
2
DRIL_HOLE_0
8
DRIL_PLTE_THRU_01
10
0
20
0
0
INSERT
2
DRIL_HOLE_0
8
DRIL_PLTE_THRU_02
10
0
20
0
0
INSERT
2
DRIL_HOLE_0
8
DRIL_PLTE_THRU_03
10
0
20
0
0
INSERT
2
DRIL_HOLE_0
8
DRIL_PLTE_THRU_04
10
0
20
0
0
INSERT
2
PAD_0
8
PADS_INNER
10
0
20
0
0
INSERT
2
PAD_0
8
PADS_BOT
10
0
20
0
0
INSERT
2
PAD_47
8
PADS_TOP
10
0
20
0
0
ENDBLK
0
BLOCK
2
STK_TOP_45
8
0
10
0
20
0
3
STK_TOP_45
70
64
0
INSERT
2
DRIL_HOLE_0
8
DRIL_PLTE_THRU_01
10
0
20
0
0
INSERT
2
DRIL_HOLE_0
8
DRIL_PLTE_THRU_02
10
0
20
0
0
INSERT
2
DRIL_HOLE_0
8
DRIL_PLTE_THRU_03
10
0
20
0
0
INSERT
2
DRIL_HOLE_0
8
DRIL_PLTE_THRU_04
10
0
20
0
0
INSERT
2
PAD_48
8
PADS_INNER
10
0
20
0
0
INSERT
2
PAD_48
8
PADS_BOT
10
0
20
0
0
INSERT
2
PAD_47
8
PADS_TOP
10
0
20
0
0
ENDBLK
0
BLOCK
2
PART_BODY_TOP_65
8
0
10
0
20
0
3
PART_BODY_TOP_65
70
64
0
POLYLINE
8
PART_TOP_2DLINE_00
66
1
40
0.1
41
0.1
70
1
0
VERTEX
8
PART_TOP_2DLINE_00
10
-1.6764
20
2.032
0
VERTEX
8
PART_TOP_2DLINE_00
10
1.6764
20
2.032
0
VERTEX
8
PART_TOP_2DLINE_00
10
1.6764
20
-2.032
0
VERTEX
8
PART_TOP_2DLINE_00
10
-1.6764
20
-2.032
0
SEQEND
0
INSERT
2
SMOOTH_0$1
8
PART_TOP_2DLINE_00
10
-1.6764
20
2.032
0
INSERT
2
SMOOTH_0$1
8
PART_TOP_2DLINE_00
10
1.6764
20
2.032
0
INSERT
2
SMOOTH_0$1
8
PART_TOP_2DLINE_00
10
1.6764
20
-2.032
0
INSERT
2
SMOOTH_0$1
8
PART_TOP_2DLINE_00
10
-1.6764
20
-2.032
0
ENDBLK
0
BLOCK
2
STK_TOP_47
8
0
10
0
20
0
3
STK_TOP_47
70
64
0
INSERT
2
DRIL_HOLE_0
8
DRIL_PLTE_THRU_01
10
0
20
0
0
INSERT
2
DRIL_HOLE_0
8
DRIL_PLTE_THRU_02
10
0
20
0
0
INSERT
2
DRIL_HOLE_0
8
DRIL_PLTE_THRU_03
10
0
20
0
0
INSERT
2
DRIL_HOLE_0
8
DRIL_PLTE_THRU_04
10
0
20
0
0
INSERT
2
PAD_0
8
PADS_INNER
10
0
20
0
0
INSERT
2
PAD_0
8
PADS_BOT
10
0
20
0
0
INSERT
2
PAD_49
8
PADS_TOP
10
0
20
0
50
90
0
ENDBLK
0
BLOCK
2
PART_BODY_TOP_66
8
0
10
0
20
0
3
PART_BODY_TOP_66
70
64
0
POLYLINE
8
PART_TOP_2DLINE_01
66
1
40
0.1
41
0.1
70
1
0
VERTEX
8
PART_TOP_2DLINE_01
10
-0.8
20
0.4
0
VERTEX
8
PART_TOP_2DLINE_01
10
0.8
20
0.4
0
VERTEX
8
PART_TOP_2DLINE_01
10
0.8
20
-0.4
0
VERTEX
8
PART_TOP_2DLINE_01
10
-0.8
20
-0.4
0
SEQEND
0
INSERT
2
SMOOTH_0$1
8
PART_TOP_2DLINE_01
10
-0.8
20
0.4
0
INSERT
2
SMOOTH_0$1
8
PART_TOP_2DLINE_01
10
0.8
20
0.4
0
INSERT
2
SMOOTH_0$1
8
PART_TOP_2DLINE_01
10
0.8
20
-0.4
0
INSERT
2
SMOOTH_0$1
8
PART_TOP_2DLINE_01
10
-0.8
20
-0.4
0
ENDBLK
0
BLOCK
2
PART_BODY_TOP_71
8
0
10
0
20
0
3
PART_BODY_TOP_71
70
64
0
POLYLINE
8
PART_TOP_2DLINE_00
66
1
40
0.1
41
0.1
70
1
0
VERTEX
8
PART_TOP_2DLINE_00
10
-3.05
20
2.95
0
VERTEX
8
PART_TOP_2DLINE_00
10
2.95
20
2.95
0
VERTEX
8
PART_TOP_2DLINE_00
10
2.95
20
-3.05
0
VERTEX
8
PART_TOP_2DLINE_00
10
-3.05
20
-3.05
0
SEQEND
0
INSERT
2
SMOOTH_0$1
8
PART_TOP_2DLINE_00
10
-3.05
20
2.95
0
INSERT
2
SMOOTH_0$1
8
PART_TOP_2DLINE_00
10
2.95
20
2.95
0
INSERT
2
SMOOTH_0$1
8
PART_TOP_2DLINE_00
10
2.95
20
-3.05
0
INSERT
2
SMOOTH_0$1
8
PART_TOP_2DLINE_00
10
-3.05
20
-3.05
0
POLYLINE
8
PART_TOP_2DLINE_00
66
1
40
0.4
41
0.4
70
1
0
VERTEX
8
PART_TOP_2DLINE_00
10
-1.1912713333
20
-0.05
42
1
0
VERTEX
8
PART_TOP_2DLINE_00
10
1.0912713333
20
-0.05
42
1
0
SEQEND
0
ENDBLK
0
BLOCK
2
STK_TOP_51
8
0
10
0
20
0
3
STK_TOP_51
70
64
0
INSERT
2
DRIL_HOLE_0
8
DRIL_PLTE_THRU_01
10
0
20
0
0
INSERT
2
DRIL_HOLE_0
8
DRIL_PLTE_THRU_02
10
0
20
0
0
INSERT
2
DRIL_HOLE_0
8
DRIL_PLTE_THRU_03
10
0
20
0
0
INSERT
2
DRIL_HOLE_0
8
DRIL_PLTE_THRU_04
10
0
20
0
0
INSERT
2
PAD_0
8
PADS_INNER
10
0
20
0
0
INSERT
2
PAD_0
8
PADS_BOT
10
0
20
0
0
INSERT
2
PAD_50
8
PADS_TOP
10
0
20
0
0
ENDBLK
0
BLOCK
2
SYM_TOP_33
8
0
10
0
20
0
3
SYM_TOP_33
70
64
0
TEXT
8
SYM_NAME
10
0
20
0
40
1.778
1
KEY6X6X45_DIPANDSMD
41
0.75
0
TEXT
8
SYM_PART_TYPE_01
10
-4.45
20
1.95
40
0.2667
1
 
73
2
11
-4.45
21
1.95
41
0.75
7
W0$0381R0
0
TEXT
8
SYM_PART_NAME_01
10
-4.45
20
1.95
40
0.2667
1
 
41
0.75
7
W0$0381R0
0
INSERT
2
PART_BODY_TOP_72
8
0
10
0
20
0
0
INSERT
2
STK_TOP_53
8
0
10
-3.25
20
2.25
0
TEXT
8
SYM_TERMINAL
10
0
20
-3.048
40
1.778
1
1
0
INSERT
2
STK_TOP_53
8
0
10
-3.25
20
-2.25
0
TEXT
8
SYM_TERMINAL
10
0
20
-6.096
40
1.778
1
2
0
INSERT
2
STK_TOP_52
8
0
10
3.25
20
-2.25
0
TEXT
8
SYM_TERMINAL
10
0
20
-9.144
40
1.778
1
3
0
INSERT
2
STK_TOP_52
8
0
10
3.25
20
2.25
0
TEXT
8
SYM_TERMINAL
10
0
20
-12.192
40
1.778
1
4
0
ENDBLK
0
BLOCK
2
PART_BODY_TOP_73
8
0
10
0
20
0
3
PART_BODY_TOP_73
70
64
0
POLYLINE
8
PART_TOP_2DLINE_01
66
1
40
0.1524
41
0.1524
70
1
0
VERTEX
8
PART_TOP_2DLINE_01
10
-3
20
35
0
VERTEX
8
PART_TOP_2DLINE_01
10
32
20
35
0
VERTEX
8
PART_TOP_2DLINE_01
10
32
20
0
0
VERTEX
8
PART_TOP_2DLINE_01
10
-3
20
0
0
SEQEND
0
INSERT
2
SMOOTH_0$1524
8
PART_TOP_2DLINE_01
10
-3
20
35
0
INSERT
2
SMOOTH_0$1524
8
PART_TOP_2DLINE_01
10
32
20
35
0
INSERT
2
SMOOTH_0$1524
8
PART_TOP_2DLINE_01
10
32
20
0
0
INSERT
2
SMOOTH_0$1524
8
PART_TOP_2DLINE_01
10
-3
20
0
0
POLYLINE
8
PART_TOP_2DLINE_01
66
1
40
0.1524
41
0.1524
70
1
0
VERTEX
8
PART_TOP_2DLINE_01
10
-2.804536
20
1.2
42
1
0
VERTEX
8
PART_TOP_2DLINE_01
10
-0.595464
20
1.2
42
1
0
SEQEND
0
POLYLINE
8
PART_TOP_2DLINE_01
66
1
40
0.127
41
0.127
70
1
0
VERTEX
8
PART_TOP_2DLINE_01
10
0.6
20
33
0
VERTEX
8
PART_TOP_2DLINE_01
10
11.7
20
33
0
VERTEX
8
PART_TOP_2DLINE_01
10
11.7
20
26.9
0
VERTEX
8
PART_TOP_2DLINE_01
10
17.3
20
26.9
0
VERTEX
8
PART_TOP_2DLINE_01
10
17.3
20
30.9
0
VERTEX
8
PART_TOP_2DLINE_01
10
24.2
20
30.9
0
VERTEX
8
PART_TOP_2DLINE_01
10
24.2
20
24.7
0
VERTEX
8
PART_TOP_2DLINE_01
10
20
20
24.7
0
VERTEX
8
PART_TOP_2DLINE_01
10
20
20
14.5
0
VERTEX
8
PART_TOP_2DLINE_01
10
19.8
20
14.3
0
VERTEX
8
PART_TOP_2DLINE_01
10
10.7
20
14.3
0
VERTEX
8
PART_TOP_2DLINE_01
10
10.7
20
21.9
0
VERTEX
8
PART_TOP_2DLINE_01
10
0.6
20
21.9
0
SEQEND
0
INSERT
2
SMOOTH_0$127
8
PART_TOP_2DLINE_01
10
0.6
20
33
0
INSERT
2
SMOOTH_0$127
8
PART_TOP_2DLINE_01
10
11.7
20
33
0
INSERT
2
SMOOTH_0$127
8
PART_TOP_2DLINE_01
10
11.7
20
26.9
0
INSERT
2
SMOOTH_0$127
8
PART_TOP_2DLINE_01
10
17.3
20
26.9
0
INSERT
2
SMOOTH_0$127
8
PART_TOP_2DLINE_01
10
17.3
20
30.9
0
INSERT
2
SMOOTH_0$127
8
PART_TOP_2DLINE_01
10
24.2
20
30.9
0
INSERT
2
SMOOTH_0$127
8
PART_TOP_2DLINE_01
10
24.2
20
24.7
0
INSERT
2
SMOOTH_0$127
8
PART_TOP_2DLINE_01
10
20
20
24.7
0
INSERT
2
SMOOTH_0$127
8
PART_TOP_2DLINE_01
10
20
20
14.5
0
INSERT
2
SMOOTH_0$127
8
PART_TOP_2DLINE_01
10
19.8
20
14.3
0
INSERT
2
SMOOTH_0$127
8
PART_TOP_2DLINE_01
10
10.7
20
14.3
0
INSERT
2
SMOOTH_0$127
8
PART_TOP_2DLINE_01
10
10.7
20
21.9
0
INSERT
2
SMOOTH_0$127
8
PART_TOP_2DLINE_01
10
0.6
20
21.9
0
POLYLINE
8
PART_TOP_2DLINE_01
66
1
40
0.127
41
0.127
70
1
0
VERTEX
8
PART_TOP_2DLINE_01
10
12.2
20
13.5
0
VERTEX
8
PART_TOP_2DLINE_01
10
16.8
20
13.5
0
VERTEX
8
PART_TOP_2DLINE_01
10
16.8
20
8.9
0
VERTEX
8
PART_TOP_2DLINE_01
10
12.2
20
8.9
0
SEQEND
0
INSERT
2
SMOOTH_0$127
8
PART_TOP_2DLINE_01
10
12.2
20
13.5
0
INSERT
2
SMOOTH_0$127
8
PART_TOP_2DLINE_01
10
16.8
20
13.5
0
INSERT
2
SMOOTH_0$127
8
PART_TOP_2DLINE_01
10
16.8
20
8.9
0
INSERT
2
SMOOTH_0$127
8
PART_TOP_2DLINE_01
10
12.2
20
8.9
0
POLYLINE
8
PART_TOP_2DLINE_01
66
1
40
0.127
41
0.127
70
1
0
VERTEX
8
PART_TOP_2DLINE_01
10
5.6
20
7.6
0
VERTEX
8
PART_TOP_2DLINE_01
10
9.5
20
7.6
0
VERTEX
8
PART_TOP_2DLINE_01
10
9.5
20
2.7
0
VERTEX
8
PART_TOP_2DLINE_01
10
5.6
20
2.7
0
SEQEND
0
INSERT
2
SMOOTH_0$127
8
PART_TOP_2DLINE_01
10
5.6
20
7.6
0
INSERT
2
SMOOTH_0$127
8
PART_TOP_2DLINE_01
10
9.5
20
7.6
0
INSERT
2
SMOOTH_0$127
8
PART_TOP_2DLINE_01
10
9.5
20
2.7
0
INSERT
2
SMOOTH_0$127
8
PART_TOP_2DLINE_01
10
5.6
20
2.7
0
ENDBLK
0
BLOCK
2
STK_TOP_55
8
0
10
0
20
0
3
STK_TOP_55
70
64
0
INSERT
2
DRIL_HOLE_0
8
DRIL_PLTE_THRU_01
10
0
20
0
0
INSERT
2
DRIL_HOLE_0
8
DRIL_PLTE_THRU_02
10
0
20
0
0
INSERT
2
DRIL_HOLE_0
8
DRIL_PLTE_THRU_03
10
0
20
0
0
INSERT
2
DRIL_HOLE_0
8
DRIL_PLTE_THRU_04
10
0
20
0
0
INSERT
2
PAD_48
8
PADS_INNER
10
0
20
0
0
INSERT
2
PAD_0
8
PADS_BOT
10
0
20
0
0
INSERT
2
PAD_51
8
PADS_TOP
10
0
20
0
50
90
0
ENDBLK
0
BLOCK
2
STK_TOP_54
8
0
10
0
20
0
3
STK_TOP_54
70
64
0
INSERT
2
DRIL_HOLE_0
8
DRIL_PLTE_THRU_01
10
0
20
0
0
INSERT
2
DRIL_HOLE_0
8
DRIL_PLTE_THRU_02
10
0
20
0
0
INSERT
2
DRIL_HOLE_0
8
DRIL_PLTE_THRU_03
10
0
20
0
0
INSERT
2
DRIL_HOLE_0
8
DRIL_PLTE_THRU_04
10
0
20
0
0
INSERT
2
PAD_48
8
PADS_INNER
10
0
20
0
0
INSERT
2
PAD_48
8
PADS_BOT
10
0
20
0
0
INSERT
2
PAD_51
8
PADS_TOP
10
0
20
0
0
ENDBLK
0
BLOCK
2
STK_TOP_56
8
0
10
0
20
0
3
STK_TOP_56
70
64
0
INSERT
2
DRIL_HOLE_0
8
DRIL_PLTE_THRU_01
10
0
20
0
0
INSERT
2
DRIL_HOLE_0
8
DRIL_PLTE_THRU_02
10
0
20
0
0
INSERT
2
DRIL_HOLE_0
8
DRIL_PLTE_THRU_03
10
0
20
0
0
INSERT
2
DRIL_HOLE_0
8
DRIL_PLTE_THRU_04
10
0
20
0
0
INSERT
2
PAD_48
8
PADS_INNER
10
0
20
0
0
INSERT
2
PAD_0
8
PADS_BOT
10
0
20
0
0
INSERT
2
PAD_52
8
PADS_TOP
10
0
20
0
50
45
0
ENDBLK
0
BLOCK
2
STK_TOP_57
8
0
10
0
20
0
3
STK_TOP_57
70
64
0
INSERT
2
DRIL_HOLE_0
8
DRIL_PLTE_THRU_01
10
0
20
0
0
INSERT
2
DRIL_HOLE_0
8
DRIL_PLTE_THRU_02
10
0
20
0
0
INSERT
2
DRIL_HOLE_0
8
DRIL_PLTE_THRU_03
10
0
20
0
0
INSERT
2
DRIL_HOLE_0
8
DRIL_PLTE_THRU_04
10
0
20
0
0
INSERT
2
PAD_48
8
PADS_INNER
10
0
20
0
0
INSERT
2
PAD_48
8
PADS_BOT
10
0
20
0
0
INSERT
2
PAD_52
8
PADS_TOP
10
0
20
0
50
135
0
ENDBLK
0
BLOCK
2
PART_BODY_TOP_74
8
0
10
0
20
0
3
PART_BODY_TOP_74
70
64
0
POLYLINE
8
PART_TOP_2DLINE_01
66
1
40
0.127
41
0.127
70
1
0
VERTEX
8
PART_TOP_2DLINE_01
10
-6
20
7
0
VERTEX
8
PART_TOP_2DLINE_01
10
-5
20
8
0
VERTEX
8
PART_TOP_2DLINE_01
10
6
20
8
0
VERTEX
8
PART_TOP_2DLINE_01
10
6
20
-8
0
VERTEX
8
PART_TOP_2DLINE_01
10
-6
20
-8
0
SEQEND
0
INSERT
2
SMOOTH_0$127
8
PART_TOP_2DLINE_01
10
-6
20
7
0
INSERT
2
SMOOTH_0$127
8
PART_TOP_2DLINE_01
10
-5
20
8
0
INSERT
2
SMOOTH_0$127
8
PART_TOP_2DLINE_01
10
6
20
8
0
INSERT
2
SMOOTH_0$127
8
PART_TOP_2DLINE_01
10
6
20
-8
0
INSERT
2
SMOOTH_0$127
8
PART_TOP_2DLINE_01
10
-6
20
-8
0
POLYLINE
8
PART_TOP_2DLINE_01
66
1
40
0.127
41
0.127
70
1
0
VERTEX
8
PART_TOP_2DLINE_01
10
-5.75
20
5.5
0
VERTEX
8
PART_TOP_2DLINE_01
10
-4.75
20
6.5
0
VERTEX
8
PART_TOP_2DLINE_01
10
5.75
20
6.5
0
VERTEX
8
PART_TOP_2DLINE_01
10
5.75
20
-6.5
0
VERTEX
8
PART_TOP_2DLINE_01
10
-5.75
20
-6.5
0
SEQEND
0
INSERT
2
SMOOTH_0$127
8
PART_TOP_2DLINE_01
10
-5.75
20
5.5
0
INSERT
2
SMOOTH_0$127
8
PART_TOP_2DLINE_01
10
-4.75
20
6.5
0
INSERT
2
SMOOTH_0$127
8
PART_TOP_2DLINE_01
10
5.75
20
6.5
0
INSERT
2
SMOOTH_0$127
8
PART_TOP_2DLINE_01
10
5.75
20
-6.5
0
INSERT
2
SMOOTH_0$127
8
PART_TOP_2DLINE_01
10
-5.75
20
-6.5
0
POLYLINE
8
PART_TOP_2DLINE_01
66
1
40
0.127
41
0.127
0
VERTEX
8
PART_TOP_2DLINE_01
10
5.75
20
5.75
0
VERTEX
8
PART_TOP_2DLINE_01
10
-4.5233333333
20
5.75
0
SEQEND
0
INSERT
2
SMOOTH_0$127
8
PART_TOP_2DLINE_01
10
5.75
20
5.75
0
INSERT
2
SMOOTH_0$127
8
PART_TOP_2DLINE_01
10
-4.5233333333
20
5.75
0
POLYLINE
8
PART_TOP_2DLINE_01
66
1
40
0.127
41
0.127
0
VERTEX
8
PART_TOP_2DLINE_01
10
-5.75
20
-5.75
0
VERTEX
8
PART_TOP_2DLINE_01
10
5.75
20
-5.75
0
SEQEND
0
INSERT
2
SMOOTH_0$127
8
PART_TOP_2DLINE_01
10
-5.75
20
-5.75
0
INSERT
2
SMOOTH_0$127
8
PART_TOP_2DLINE_01
10
5.75
20
-5.75
0
POLYLINE
8
PART_TOP_2DLINE_01
66
1
40
0.127
41
0.127
0
VERTEX
8
PART_TOP_2DLINE_01
10
-4.5233333333
20
5.738
0
VERTEX
8
PART_TOP_2DLINE_01
10
-5.7391666667
20
4.5221666667
0
SEQEND
0
INSERT
2
SMOOTH_0$127
8
PART_TOP_2DLINE_01
10
-4.5233333333
20
5.738
0
INSERT
2
SMOOTH_0$127
8
PART_TOP_2DLINE_01
10
-5.7391666667
20
4.5221666667
0
POLYLINE
8
PART_TOP_2DLINE_01
66
1
40
0.127
41
0.127
0
VERTEX
8
PART_TOP_2DLINE_01
10
6
20
6
0
VERTEX
8
PART_TOP_2DLINE_01
10
-4.6883333333
20
6
0
SEQEND
0
INSERT
2
SMOOTH_0$127
8
PART_TOP_2DLINE_01
10
6
20
6
0
INSERT
2
SMOOTH_0$127
8
PART_TOP_2DLINE_01
10
-4.6883333333
20
6
0
POLYLINE
8
PART_TOP_2DLINE_01
66
1
40
0.127
41
0.127
0
VERTEX
8
PART_TOP_2DLINE_01
10
6
20
-6
0
VERTEX
8
PART_TOP_2DLINE_01
10
-6
20
-6
0
SEQEND
0
INSERT
2
SMOOTH_0$127
8
PART_TOP_2DLINE_01
10
6
20
-6
0
INSERT
2
SMOOTH_0$127
8
PART_TOP_2DLINE_01
10
-6
20
-6
0
POLYLINE
8
PART_TOP_2DLINE_01
66
1
40
0.127
41
0.127
0
VERTEX
8
PART_TOP_2DLINE_01
10
-4.7036666667
20
5.9886666667
0
VERTEX
8
PART_TOP_2DLINE_01
10
-5.7445
20
4.9478333333
0
SEQEND
0
INSERT
2
SMOOTH_0$127
8
PART_TOP_2DLINE_01
10
-4.7036666667
20
5.9886666667
0
INSERT
2
SMOOTH_0$127
8
PART_TOP_2DLINE_01
10
-5.7445
20
4.9478333333
0
ENDBLK
0
BLOCK
2
STK_TOP_58
8
0
10
0
20
0
3
STK_TOP_58
70
64
0
INSERT
2
DRIL_HOLE_0
8
DRIL_NPLTE_THRU_01
10
0
20
0
0
INSERT
2
DRIL_HOLE_0
8
DRIL_NPLTE_THRU_02
10
0
20
0
0
INSERT
2
DRIL_HOLE_0
8
DRIL_NPLTE_THRU_03
10
0
20
0
0
INSERT
2
DRIL_HOLE_0
8
DRIL_NPLTE_THRU_04
10
0
20
0
0
INSERT
2
PAD_0
8
PADS_INNER
10
0
20
0
0
INSERT
2
PAD_0
8
PADS_BOT
10
0
20
0
0
INSERT
2
PAD_53
8
PADS_TOP
10
0
20
0
0
ENDBLK
0
BLOCK
2
STK_TOP_59
8
0
10
0
20
0
3
STK_TOP_59
70
64
0
INSERT
2
DRIL_HOLE_0
8
DRIL_NPLTE_THRU_01
10
0
20
0
0
INSERT
2
DRIL_HOLE_0
8
DRIL_NPLTE_THRU_02
10
0
20
0
0
INSERT
2
DRIL_HOLE_0
8
DRIL_NPLTE_THRU_03
10
0
20
0
0
INSERT
2
DRIL_HOLE_0
8
DRIL_NPLTE_THRU_04
10
0
20
0
0
INSERT
2
PAD_0
8
PADS_INNER
10
0
20
0
0
INSERT
2
PAD_0
8
PADS_BOT
10
0
20
0
0
INSERT
2
PAD_54
8
PADS_TOP
10
0
20
0
0
ENDBLK
0
BLOCK
2
STK_TOP_60
8
0
10
0
20
0
3
STK_TOP_60
70
64
0
INSERT
2
DRIL_HOLE_0
8
DRIL_NPLTE_THRU_01
10
0
20
0
0
INSERT
2
DRIL_HOLE_0
8
DRIL_NPLTE_THRU_02
10
0
20
0
0
INSERT
2
DRIL_HOLE_0
8
DRIL_NPLTE_THRU_03
10
0
20
0
0
INSERT
2
DRIL_HOLE_0
8
DRIL_NPLTE_THRU_04
10
0
20
0
0
INSERT
2
PAD_0
8
PADS_INNER
10
0
20
0
0
INSERT
2
PAD_0
8
PADS_BOT
10
0
20
0
0
INSERT
2
PAD_54
8
PADS_TOP
10
0
20
0
50
90
0
ENDBLK
0
BLOCK
2
SYM_TOP_36
8
0
10
0
20
0
3
SYM_TOP_36
70
64
0
TEXT
8
SYM_NAME
10
0
20
0
40
1.778
1
BGA169_18R00X14R00X1R20A
41
0.75
0
TEXT
8
SYM_PART_NAME_126
10
-7.063486
20
10.5366813333
40
0.889
1
 
41
0.75
7
W0$127R0
0
TEXT
8
SYM_ATTRIBUTE_126
10
-7.063486
20
9.2666813333
40
0.889
1
Comment
41
0.75
7
W0$127R0
0
INSERT
2
PART_BODY_TOP_75
8
0
10
0
20
0
0
INSERT
2
STK_TOP_61
8
0
10
-3.24993
20
-3.24993
0
TEXT
8
SYM_TERMINAL
10
0
20
-3.048
40
1.778
1
1
0
INSERT
2
STK_TOP_61
8
0
10
-2.750058
20
-3.24993
0
TEXT
8
SYM_TERMINAL
10
0
20
-6.096
40
1.778
1
2
0
INSERT
2
STK_TOP_61
8
0
10
-2.2499313333
20
-3.24993
0
TEXT
8
SYM_TERMINAL
10
0
20
-9.144
40
1.778
1
3
0
INSERT
2
STK_TOP_61
8
0
10
-1.7500593333
20
-3.24993
0
TEXT
8
SYM_TERMINAL
10
0
20
-12.192
40
1.778
1
4
0
INSERT
2
STK_TOP_61
8
0
10
-1.2499333333
20
-3.24993
0
TEXT
8
SYM_TERMINAL
10
0
20
-15.24
40
1.778
1
5
0
INSERT
2
STK_TOP_61
8
0
10
-0.7500613333
20
-3.24993
0
TEXT
8
SYM_TERMINAL
10
0
20
-18.288
40
1.778
1
6
0
INSERT
2
STK_TOP_61
8
0
10
-0.249936
20
-3.24993
0
TEXT
8
SYM_TERMINAL
10
0
20
-21.336
40
1.778
1
7
0
INSERT
2
STK_TOP_61
8
0
10
0.249936
20
-3.24993
0
TEXT
8
SYM_TERMINAL
10
0
20
-24.384
40
1.778
1
8
0
INSERT
2
STK_TOP_61
8
0
10
0.7500613333
20
-3.24993
0
TEXT
8
SYM_TERMINAL
10
0
20
-27.432
40
1.778
1
9
0
INSERT
2
STK_TOP_61
8
0
10
1.2499333333
20
-3.24993
0
TEXT
8
SYM_TERMINAL
10
0
20
-30.48
40
1.778
1
10
0
INSERT
2
STK_TOP_61
8
0
10
1.75006
20
-3.24993
0
TEXT
8
SYM_TERMINAL
10
0
20
-33.528
40
1.778
1
11
0
INSERT
2
STK_TOP_61
8
0
10
2.249932
20
-3.24993
0
TEXT
8
SYM_TERMINAL
10
0
20
-36.576
40
1.778
1
12
0
INSERT
2
STK_TOP_61
8
0
10
2.750058
20
-3.24993
0
TEXT
8
SYM_TERMINAL
10
0
20
-39.624
40
1.778
1
13
0
INSERT
2
STK_TOP_61
8
0
10
3.24993
20
-3.24993
0
TEXT
8
SYM_TERMINAL
10
0
20
-42.672
40
1.778
1
14
0
INSERT
2
STK_TOP_61
8
0
10
-3.24993
20
-5.249926
0
TEXT
8
SYM_TERMINAL
10
0
20
-45.72
40
1.778
1
15
0
INSERT
2
STK_TOP_61
8
0
10
3.24993
20
-5.249926
0
TEXT
8
SYM_TERMINAL
10
0
20
-48.768
40
1.778
1
16
0
INSERT
2
STK_TOP_61
8
0
10
-2.750058
20
-6.249924
0
TEXT
8
SYM_TERMINAL
10
0
20
-51.816
40
1.778
1
17
0
INSERT
2
STK_TOP_61
8
0
10
2.750058
20
-6.249924
0
TEXT
8
SYM_TERMINAL
10
0
20
-54.864
40
1.778
1
18
0
INSERT
2
STK_TOP_61
8
0
10
-1.7500593333
20
-6.75005
0
TEXT
8
SYM_TERMINAL
10
0
20
-57.912
40
1.778
1
19
0
INSERT
2
STK_TOP_61
8
0
10
-0.7500613333
20
-6.75005
0
TEXT
8
SYM_TERMINAL
10
0
20
-60.96
40
1.778
1
20
0
INSERT
2
STK_TOP_61
8
0
10
0.7500613333
20
-6.75005
0
TEXT
8
SYM_TERMINAL
10
0
20
-64.008
40
1.778
1
21
0
INSERT
2
STK_TOP_61
8
0
10
1.75006
20
-6.75005
0
TEXT
8
SYM_TERMINAL
10
0
20
-67.056
40
1.778
1
22
0
INSERT
2
STK_TOP_61
8
0
10
-1.7500593333
20
6.75005
0
TEXT
8
SYM_TERMINAL
10
0
20
-70.104
40
1.778
1
23
0
INSERT
2
STK_TOP_61
8
0
10
-0.7500613333
20
6.75005
0
TEXT
8
SYM_TERMINAL
10
0
20
-73.152
40
1.778
1
24
0
INSERT
2
STK_TOP_61
8
0
10
0.7500613333
20
6.75005
0
TEXT
8
SYM_TERMINAL
10
0
20
-76.2
40
1.778
1
25
0
INSERT
2
STK_TOP_61
8
0
10
1.75006
20
6.75005
0
TEXT
8
SYM_TERMINAL
10
0
20
-79.248
40
1.778
1
26
0
INSERT
2
STK_TOP_61
8
0
10
-2.750058
20
6.2499233333
0
TEXT
8
SYM_TERMINAL
10
0
20
-82.296
40
1.778
1
27
0
INSERT
2
STK_TOP_61
8
0
10
2.750058
20
6.2499233333
0
TEXT
8
SYM_TERMINAL
10
0
20
-85.344
40
1.778
1
28
0
INSERT
2
STK_TOP_61
8
0
10
-3.24993
20
5.2499253333
0
TEXT
8
SYM_TERMINAL
10
0
20
-88.392
40
1.778
1
29
0
INSERT
2
STK_TOP_61
8
0
10
3.24993
20
5.2499253333
0
TEXT
8
SYM_TERMINAL
10
0
20
-91.44
40
1.778
1
30
0
INSERT
2
STK_TOP_61
8
0
10
-3.24993
20
3.2499293333
0
TEXT
8
SYM_TERMINAL
10
0
20
-94.488
40
1.778
1
31
0
INSERT
2
STK_TOP_61
8
0
10
-2.750058
20
3.2499293333
0
TEXT
8
SYM_TERMINAL
10
0
20
-97.536
40
1.778
1
32
0
INSERT
2
STK_TOP_61
8
0
10
-2.2499313333
20
3.2499293333
0
TEXT
8
SYM_TERMINAL
10
0
20
-100.584
40
1.778
1
33
0
INSERT
2
STK_TOP_61
8
0
10
-1.7500593333
20
3.2499293333
0
TEXT
8
SYM_TERMINAL
10
0
20
-103.632
40
1.778
1
34
0
INSERT
2
STK_TOP_61
8
0
10
-1.2499333333
20
3.2499293333
0
TEXT
8
SYM_TERMINAL
10
0
20
-106.68
40
1.778
1
35
0
INSERT
2
STK_TOP_61
8
0
10
-0.7500613333
20
3.2499293333
0
TEXT
8
SYM_TERMINAL
10
0
20
-109.728
40
1.778
1
36
0
INSERT
2
STK_TOP_61
8
0
10
-0.249936
20
3.2499293333
0
TEXT
8
SYM_TERMINAL
10
0
20
-112.776
40
1.778
1
37
0
INSERT
2
STK_TOP_61
8
0
10
0.249936
20
3.2499293333
0
TEXT
8
SYM_TERMINAL
10
0
20
-115.824
40
1.778
1
38
0
INSERT
2
STK_TOP_61
8
0
10
0.7500613333
20
3.2499293333
0
TEXT
8
SYM_TERMINAL
10
0
20
-118.872
40
1.778
1
39
0
INSERT
2
STK_TOP_61
8
0
10
1.2499333333
20
3.2499293333
0
TEXT
8
SYM_TERMINAL
10
0
20
-121.92
40
1.778
1
40
0
INSERT
2
STK_TOP_61
8
0
10
1.75006
20
3.2499293333
0
TEXT
8
SYM_TERMINAL
10
0
20
-124.968
40
1.778
1
41
0
INSERT
2
STK_TOP_61
8
0
10
2.249932
20
3.2499293333
0
TEXT
8
SYM_TERMINAL
10
0
20
-128.016
40
1.778
1
42
0
INSERT
2
STK_TOP_61
8
0
10
2.750058
20
3.2499293333
0
TEXT
8
SYM_TERMINAL
10
0
20
-131.064
40
1.778
1
43
0
INSERT
2
STK_TOP_61
8
0
10
3.24993
20
3.2499293333
0
TEXT
8
SYM_TERMINAL
10
0
20
-134.112
40
1.778
1
44
0
INSERT
2
STK_TOP_61
8
0
10
-3.24993
20
2.7500573333
0
TEXT
8
SYM_TERMINAL
10
0
20
-137.16
40
1.778
1
45
0
INSERT
2
STK_TOP_61
8
0
10
-2.750058
20
2.7500573333
0
TEXT
8
SYM_TERMINAL
10
0
20
-140.208
40
1.778
1
46
0
INSERT
2
STK_TOP_61
8
0
10
-2.2499313333
20
2.7500573333
0
TEXT
8
SYM_TERMINAL
10
0
20
-143.256
40
1.778
1
47
0
INSERT
2
STK_TOP_61
8
0
10
-1.7500593333
20
2.7500573333
0
TEXT
8
SYM_TERMINAL
10
0
20
-146.304
40
1.778
1
48
0
INSERT
2
STK_TOP_61
8
0
10
-1.2499333333
20
2.7500573333
0
TEXT
8
SYM_TERMINAL
10
0
20
-149.352
40
1.778
1
49
0
INSERT
2
STK_TOP_61
8
0
10
-0.7500613333
20
2.7500573333
0
TEXT
8
SYM_TERMINAL
10
0
20
-152.4
40
1.778
1
50
0
INSERT
2
STK_TOP_61
8
0
10
-0.249936
20
2.7500573333
0
TEXT
8
SYM_TERMINAL
10
0
20
-155.448
40
1.778
1
51
0
INSERT
2
STK_TOP_61
8
0
10
0.249936
20
2.7500573333
0
TEXT
8
SYM_TERMINAL
10
0
20
-158.496
40
1.778
1
52
0
INSERT
2
STK_TOP_61
8
0
10
0.7500613333
20
2.7500573333
0
TEXT
8
SYM_TERMINAL
10
0
20
-161.544
40
1.778
1
53
0
INSERT
2
STK_TOP_61
8
0
10
1.2499333333
20
2.7500573333
0
TEXT
8
SYM_TERMINAL
10
0
20
-164.592
40
1.778
1
54
0
INSERT
2
STK_TOP_61
8
0
10
1.75006
20
2.7500573333
0
TEXT
8
SYM_TERMINAL
10
0
20
-167.64
40
1.778
1
55
0
INSERT
2
STK_TOP_61
8
0
10
2.249932
20
2.7500573333
0
TEXT
8
SYM_TERMINAL
10
0
20
-170.688
40
1.778
1
56
0
INSERT
2
STK_TOP_61
8
0
10
2.750058
20
2.7500573333
0
TEXT
8
SYM_TERMINAL
10
0
20
-173.736
40
1.778
1
57
0
INSERT
2
STK_TOP_61
8
0
10
3.24993
20
2.7500573333
0
TEXT
8
SYM_TERMINAL
10
0
20
-176.784
40
1.778
1
58
0
INSERT
2
STK_TOP_61
8
0
10
-3.24993
20
2.2499313333
0
TEXT
8
SYM_TERMINAL
10
0
20
-179.832
40
1.778
1
59
0
INSERT
2
STK_TOP_61
8
0
10
-2.750058
20
2.2499313333
0
TEXT
8
SYM_TERMINAL
10
0
20
-182.88
40
1.778
1
60
0
INSERT
2
STK_TOP_61
8
0
10
-2.2499313333
20
2.2499313333
0
TEXT
8
SYM_TERMINAL
10
0
20
-185.928
40
1.778
1
61
0
INSERT
2
STK_TOP_61
8
0
10
-1.7500593333
20
2.2499313333
0
TEXT
8
SYM_TERMINAL
10
0
20
-188.976
40
1.778
1
62
0
INSERT
2
STK_TOP_62
8
0
10
-1.24993
20
2.24993
0
TEXT
8
SYM_TERMINAL
10
0
20
-192.024
40
1.778
1
63
0
INSERT
2
STK_TOP_61
8
0
10
-0.7500613333
20
2.2499313333
0
TEXT
8
SYM_TERMINAL
10
0
20
-195.072
40
1.778
1
64
0
INSERT
2
STK_TOP_61
8
0
10
-0.249936
20
2.2499313333
0
TEXT
8
SYM_TERMINAL
10
0
20
-198.12
40
1.778
1
65
0
INSERT
2
STK_TOP_61
8
0
10
0.249936
20
2.2499313333
0
TEXT
8
SYM_TERMINAL
10
0
20
-201.168
40
1.778
1
66
0
INSERT
2
STK_TOP_61
8
0
10
0.7500613333
20
2.2499313333
0
TEXT
8
SYM_TERMINAL
10
0
20
-204.216
40
1.778
1
67
0
INSERT
2
STK_TOP_61
8
0
10
1.2499333333
20
2.2499313333
0
TEXT
8
SYM_TERMINAL
10
0
20
-207.264
40
1.778
1
68
0
INSERT
2
STK_TOP_61
8
0
10
1.75006
20
2.2499313333
0
TEXT
8
SYM_TERMINAL
10
0
20
-210.312
40
1.778
1
69
0
INSERT
2
STK_TOP_61
8
0
10
2.249932
20
2.2499313333
0
TEXT
8
SYM_TERMINAL
10
0
20
-213.36
40
1.778
1
70
0
INSERT
2
STK_TOP_61
8
0
10
2.750058
20
2.2499313333
0
TEXT
8
SYM_TERMINAL
10
0
20
-216.408
40
1.778
1
71
0
INSERT
2
STK_TOP_61
8
0
10
3.24993
20
2.2499313333
0
TEXT
8
SYM_TERMINAL
10
0
20
-219.456
40
1.778
1
72
0
INSERT
2
STK_TOP_61
8
0
10
-3.24993
20
1.7500593333
0
TEXT
8
SYM_TERMINAL
10
0
20
-222.504
40
1.778
1
73
0
INSERT
2
STK_TOP_61
8
0
10
-2.750058
20
1.7500593333
0
TEXT
8
SYM_TERMINAL
10
0
20
-225.552
40
1.778
1
74
0
INSERT
2
STK_TOP_61
8
0
10
-2.2499313333
20
1.7500593333
0
TEXT
8
SYM_TERMINAL
10
0
20
-228.6
40
1.778
1
75
0
INSERT
2
STK_TOP_61
8
0
10
-1.7500593333
20
1.7500593333
0
TEXT
8
SYM_TERMINAL
10
0
20
-231.648
40
1.778
1
76
0
INSERT
2
STK_TOP_61
8
0
10
2.249932
20
1.7500593333
0
TEXT
8
SYM_TERMINAL
10
0
20
-234.696
40
1.778
1
77
0
INSERT
2
STK_TOP_61
8
0
10
2.750058
20
1.7500593333
0
TEXT
8
SYM_TERMINAL
10
0
20
-237.744
40
1.778
1
78
0
INSERT
2
STK_TOP_61
8
0
10
3.24993
20
1.7500593333
0
TEXT
8
SYM_TERMINAL
10
0
20
-240.792
40
1.778
1
79
0
INSERT
2
STK_TOP_61
8
0
10
-3.24993
20
1.2499333333
0
TEXT
8
SYM_TERMINAL
10
0
20
-243.84
40
1.778
1
80
0
INSERT
2
STK_TOP_61
8
0
10
-2.750058
20
1.2499333333
0
TEXT
8
SYM_TERMINAL
10
0
20
-246.888
40
1.778
1
81
0
INSERT
2
STK_TOP_61
8
0
10
-2.2499313333
20
1.2499333333
0
TEXT
8
SYM_TERMINAL
10
0
20
-249.936
40
1.778
1
82
0
INSERT
2
STK_TOP_61
8
0
10
-1.2499333333
20
1.2499333333
0
TEXT
8
SYM_TERMINAL
10
0
20
-252.984
40
1.778
1
83
0
INSERT
2
STK_TOP_61
8
0
10
-0.7500613333
20
1.2499333333
0
TEXT
8
SYM_TERMINAL
10
0
20
-256.032
40
1.778
1
84
0
INSERT
2
STK_TOP_61
8
0
10
-0.249936
20
1.2499333333
0
TEXT
8
SYM_TERMINAL
10
0
20
-259.08
40
1.778
1
85
0
INSERT
2
STK_TOP_61
8
0
10
0.249936
20
1.2499333333
0
TEXT
8
SYM_TERMINAL
10
0
20
-262.128
40
1.778
1
86
0
INSERT
2
STK_TOP_61
8
0
10
0.7500613333
20
1.2499333333
0
TEXT
8
SYM_TERMINAL
10
0
20
-265.176
40
1.778
1
87
0
INSERT
2
STK_TOP_61
8
0
10
1.2499333333
20
1.2499333333
0
TEXT
8
SYM_TERMINAL
10
0
20
-268.224
40
1.778
1
88
0
INSERT
2
STK_TOP_61
8
0
10
2.249932
20
1.2499333333
0
TEXT
8
SYM_TERMINAL
10
0
20
-271.272
40
1.778
1
89
0
INSERT
2
STK_TOP_61
8
0
10
2.750058
20
1.2499333333
0
TEXT
8
SYM_TERMINAL
10
0
20
-274.32
40
1.778
1
90
0
INSERT
2
STK_TOP_61
8
0
10
3.24993
20
1.2499333333
0
TEXT
8
SYM_TERMINAL
10
0
20
-277.368
40
1.778
1
91
0
INSERT
2
STK_TOP_61
8
0
10
-3.24993
20
0.7500613333
0
TEXT
8
SYM_TERMINAL
10
0
20
-280.416
40
1.778
1
92
0
INSERT
2
STK_TOP_61
8
0
10
-2.750058
20
0.7500613333
0
TEXT
8
SYM_TERMINAL
10
0
20
-283.464
40
1.778
1
93
0
INSERT
2
STK_TOP_61
8
0
10
-2.2499313333
20
0.7500613333
0
TEXT
8
SYM_TERMINAL
10
0
20
-286.512
40
1.778
1
94
0
INSERT
2
STK_TOP_61
8
0
10
-1.2499333333
20
0.7500613333
0
TEXT
8
SYM_TERMINAL
10
0
20
-289.56
40
1.778
1
95
0
INSERT
2
STK_TOP_61
8
0
10
1.2499333333
20
0.7500613333
0
TEXT
8
SYM_TERMINAL
10
0
20
-292.608
40
1.778
1
96
0
INSERT
2
STK_TOP_61
8
0
10
2.249932
20
0.7500613333
0
TEXT
8
SYM_TERMINAL
10
0
20
-295.656
40
1.778
1
97
0
INSERT
2
STK_TOP_61
8
0
10
2.750058
20
0.7500613333
0
TEXT
8
SYM_TERMINAL
10
0
20
-298.704
40
1.778
1
98
0
INSERT
2
STK_TOP_61
8
0
10
3.24993
20
0.7500613333
0
TEXT
8
SYM_TERMINAL
10
0
20
-301.752
40
1.778
1
99
0
INSERT
2
STK_TOP_61
8
0
10
-3.24993
20
0.249936
0
TEXT
8
SYM_TERMINAL
10
0
20
-304.8
40
1.778
1
100
0
INSERT
2
STK_TOP_61
8
0
10
-2.750058
20
0.249936
0
TEXT
8
SYM_TERMINAL
10
0
20
-307.848
40
1.778
1
101
0
INSERT
2
STK_TOP_61
8
0
10
-2.2499313333
20
0.249936
0
TEXT
8
SYM_TERMINAL
10
0
20
-310.896
40
1.778
1
102
0
INSERT
2
STK_TOP_61
8
0
10
-1.2499333333
20
0.249936
0
TEXT
8
SYM_TERMINAL
10
0
20
-313.944
40
1.778
1
103
0
INSERT
2
STK_TOP_61
8
0
10
1.2499333333
20
0.249936
0
TEXT
8
SYM_TERMINAL
10
0
20
-316.992
40
1.778
1
104
0
INSERT
2
STK_TOP_61
8
0
10
2.249932
20
0.249936
0
TEXT
8
SYM_TERMINAL
10
0
20
-320.04
40
1.778
1
105
0
INSERT
2
STK_TOP_61
8
0
10
2.750058
20
0.249936
0
TEXT
8
SYM_TERMINAL
10
0
20
-323.088
40
1.778
1
106
0
INSERT
2
STK_TOP_61
8
0
10
3.24993
20
0.249936
0
TEXT
8
SYM_TERMINAL
10
0
20
-326.136
40
1.778
1
107
0
INSERT
2
STK_TOP_61
8
0
10
-3.24993
20
-0.249936
0
TEXT
8
SYM_TERMINAL
10
0
20
-329.184
40
1.778
1
108
0
INSERT
2
STK_TOP_61
8
0
10
-2.750058
20
-0.249936
0
TEXT
8
SYM_TERMINAL
10
0
20
-332.232
40
1.778
1
109
0
INSERT
2
STK_TOP_61
8
0
10
-2.2499313333
20
-0.249936
0
TEXT
8
SYM_TERMINAL
10
0
20
-335.28
40
1.778
1
110
0
INSERT
2
STK_TOP_61
8
0
10
-1.2499333333
20
-0.249936
0
TEXT
8
SYM_TERMINAL
10
0
20
-338.328
40
1.778
1
111
0
INSERT
2
STK_TOP_61
8
0
10
1.2499333333
20
-0.249936
0
TEXT
8
SYM_TERMINAL
10
0
20
-341.376
40
1.778
1
112
0
INSERT
2
STK_TOP_61
8
0
10
2.249932
20
-0.249936
0
TEXT
8
SYM_TERMINAL
10
0
20
-344.424
40
1.778
1
113
0
INSERT
2
STK_TOP_61
8
0
10
2.750058
20
-0.249936
0
TEXT
8
SYM_TERMINAL
10
0
20
-347.472
40
1.778
1
114
0
INSERT
2
STK_TOP_61
8
0
10
3.24993
20
-0.249936
0
TEXT
8
SYM_TERMINAL
10
0
20
-350.52
40
1.778
1
115
0
INSERT
2
STK_TOP_61
8
0
10
-3.24993
20
-0.750062
0
TEXT
8
SYM_TERMINAL
10
0
20
-353.568
40
1.778
1
116
0
INSERT
2
STK_TOP_61
8
0
10
-2.750058
20
-0.750062
0
TEXT
8
SYM_TERMINAL
10
0
20
-356.616
40
1.778
1
117
0
INSERT
2
STK_TOP_61
8
0
10
-2.2499313333
20
-0.750062
0
TEXT
8
SYM_TERMINAL
10
0
20
-359.664
40
1.778
1
118
0
INSERT
2
STK_TOP_61
8
0
10
-1.2499333333
20
-0.750062
0
TEXT
8
SYM_TERMINAL
10
0
20
-362.712
40
1.778
1
119
0
INSERT
2
STK_TOP_61
8
0
10
1.2499333333
20
-0.750062
0
TEXT
8
SYM_TERMINAL
10
0
20
-365.76
40
1.778
1
120
0
INSERT
2
STK_TOP_61
8
0
10
2.249932
20
-0.750062
0
TEXT
8
SYM_TERMINAL
10
0
20
-368.808
40
1.778
1
121
0
INSERT
2
STK_TOP_61
8
0
10
2.750058
20
-0.750062
0
TEXT
8
SYM_TERMINAL
10
0
20
-371.856
40
1.778
1
122
0
INSERT
2
STK_TOP_61
8
0
10
3.24993
20
-0.750062
0
TEXT
8
SYM_TERMINAL
10
0
20
-374.904
40
1.778
1
123
0
INSERT
2
STK_TOP_61
8
0
10
-3.24993
20
-1.249934
0
TEXT
8
SYM_TERMINAL
10
0
20
-377.952
40
1.778
1
124
0
INSERT
2
STK_TOP_61
8
0
10
-2.750058
20
-1.249934
0
TEXT
8
SYM_TERMINAL
10
0
20
-381
40
1.778
1
125
0
INSERT
2
STK_TOP_61
8
0
10
-2.2499313333
20
-1.249934
0
TEXT
8
SYM_TERMINAL
10
0
20
-384.048
40
1.778
1
126
0
INSERT
2
STK_TOP_61
8
0
10
-1.2499333333
20
-1.249934
0
TEXT
8
SYM_TERMINAL
10
0
20
-387.096
40
1.778
1
127
0
INSERT
2
STK_TOP_61
8
0
10
-0.7500613333
20
-1.249934
0
TEXT
8
SYM_TERMINAL
10
0
20
-390.144
40
1.778
1
128
0
INSERT
2
STK_TOP_61
8
0
10
-0.249936
20
-1.249934
0
TEXT
8
SYM_TERMINAL
10
0
20
-393.192
40
1.778
1
129
0
INSERT
2
STK_TOP_61
8
0
10
0.249936
20
-1.249934
0
TEXT
8
SYM_TERMINAL
10
0
20
-396.24
40
1.778
1
130
0
INSERT
2
STK_TOP_61
8
0
10
0.7500613333
20
-1.249934
0
TEXT
8
SYM_TERMINAL
10
0
20
-399.288
40
1.778
1
131
0
INSERT
2
STK_TOP_61
8
0
10
1.2499333333
20
-1.249934
0
TEXT
8
SYM_TERMINAL
10
0
20
-402.336
40
1.778
1
132
0
INSERT
2
STK_TOP_61
8
0
10
2.249932
20
-1.249934
0
TEXT
8
SYM_TERMINAL
10
0
20
-405.384
40
1.778
1
133
0
INSERT
2
STK_TOP_61
8
0
10
2.750058
20
-1.249934
0
TEXT
8
SYM_TERMINAL
10
0
20
-408.432
40
1.778
1
134
0
INSERT
2
STK_TOP_61
8
0
10
3.24993
20
-1.249934
0
TEXT
8
SYM_TERMINAL
10
0
20
-411.48
40
1.778
1
135
0
INSERT
2
STK_TOP_61
8
0
10
-3.24993
20
-1.75006
0
TEXT
8
SYM_TERMINAL
10
0
20
-414.528
40
1.778
1
136
0
INSERT
2
STK_TOP_61
8
0
10
-2.750058
20
-1.75006
0
TEXT
8
SYM_TERMINAL
10
0
20
-417.576
40
1.778
1
137
0
INSERT
2
STK_TOP_61
8
0
10
-2.2499313333
20
-1.75006
0
TEXT
8
SYM_TERMINAL
10
0
20
-420.624
40
1.778
1
138
0
INSERT
2
STK_TOP_61
8
0
10
2.249932
20
-1.75006
0
TEXT
8
SYM_TERMINAL
10
0
20
-423.672
40
1.778
1
139
0
INSERT
2
STK_TOP_61
8
0
10
2.750058
20
-1.75006
0
TEXT
8
SYM_TERMINAL
10
0
20
-426.72
40
1.778
1
140
0
INSERT
2
STK_TOP_61
8
0
10
3.24993
20
-1.75006
0
TEXT
8
SYM_TERMINAL
10
0
20
-429.768
40
1.778
1
141
0
INSERT
2
STK_TOP_61
8
0
10
-3.24993
20
-2.2499313333
0
TEXT
8
SYM_TERMINAL
10
0
20
-432.816
40
1.778
1
142
0
INSERT
2
STK_TOP_61
8
0
10
-2.750058
20
-2.2499313333
0
TEXT
8
SYM_TERMINAL
10
0
20
-435.864
40
1.778
1
143
0
INSERT
2
STK_TOP_61
8
0
10
-2.2499313333
20
-2.2499313333
0
TEXT
8
SYM_TERMINAL
10
0
20
-438.912
40
1.778
1
144
0
INSERT
2
STK_TOP_61
8
0
10
-1.7500593333
20
-2.2499313333
0
TEXT
8
SYM_TERMINAL
10
0
20
-441.96
40
1.778
1
145
0
INSERT
2
STK_TOP_61
8
0
10
-1.2499333333
20
-2.2499313333
0
TEXT
8
SYM_TERMINAL
10
0
20
-445.008
40
1.778
1
146
0
INSERT
2
STK_TOP_61
8
0
10
-0.7500613333
20
-2.2499313333
0
TEXT
8
SYM_TERMINAL
10
0
20
-448.056
40
1.778
1
147
0
INSERT
2
STK_TOP_61
8
0
10
-0.249936
20
-2.2499313333
0
TEXT
8
SYM_TERMINAL
10
0
20
-451.104
40
1.778
1
148
0
INSERT
2
STK_TOP_61
8
0
10
0.249936
20
-2.2499313333
0
TEXT
8
SYM_TERMINAL
10
0
20
-454.152
40
1.778
1
149
0
INSERT
2
STK_TOP_61
8
0
10
0.7500613333
20
-2.2499313333
0
TEXT
8
SYM_TERMINAL
10
0
20
-457.2
40
1.778
1
150
0
INSERT
2
STK_TOP_61
8
0
10
1.2499333333
20
-2.2499313333
0
TEXT
8
SYM_TERMINAL
10
0
20
-460.248
40
1.778
1
151
0
INSERT
2
STK_TOP_61
8
0
10
1.75006
20
-2.2499313333
0
TEXT
8
SYM_TERMINAL
10
0
20
-463.296
40
1.778
1
152
0
INSERT
2
STK_TOP_61
8
0
10
2.249932
20
-2.2499313333
0
TEXT
8
SYM_TERMINAL
10
0
20
-466.344
40
1.778
1
153
0
INSERT
2
STK_TOP_61
8
0
10
2.750058
20
-2.2499313333
0
TEXT
8
SYM_TERMINAL
10
0
20
-469.392
40
1.778
1
154
0
INSERT
2
STK_TOP_61
8
0
10
3.24993
20
-2.2499313333
0
TEXT
8
SYM_TERMINAL
10
0
20
-472.44
40
1.778
1
155
0
INSERT
2
STK_TOP_61
8
0
10
-3.24993
20
-2.750058
0
TEXT
8
SYM_TERMINAL
10
0
20
-475.488
40
1.778
1
156
0
INSERT
2
STK_TOP_61
8
0
10
-2.750058
20
-2.750058
0
TEXT
8
SYM_TERMINAL
10
0
20
-478.536
40
1.778
1
157
0
INSERT
2
STK_TOP_61
8
0
10
-2.2499313333
20
-2.750058
0
TEXT
8
SYM_TERMINAL
10
0
20
-481.584
40
1.778
1
158
0
INSERT
2
STK_TOP_61
8
0
10
-1.7500593333
20
-2.750058
0
TEXT
8
SYM_TERMINAL
10
0
20
-484.632
40
1.778
1
159
0
INSERT
2
STK_TOP_61
8
0
10
-1.2499333333
20
-2.750058
0
TEXT
8
SYM_TERMINAL
10
0
20
-487.68
40
1.778
1
160
0
INSERT
2
STK_TOP_61
8
0
10
-0.7500613333
20
-2.750058
0
TEXT
8
SYM_TERMINAL
10
0
20
-490.728
40
1.778
1
161
0
INSERT
2
STK_TOP_61
8
0
10
-0.249936
20
-2.750058
0
TEXT
8
SYM_TERMINAL
10
0
20
-493.776
40
1.778
1
162
0
INSERT
2
STK_TOP_61
8
0
10
0.249936
20
-2.750058
0
TEXT
8
SYM_TERMINAL
10
0
20
-496.824
40
1.778
1
163
0
INSERT
2
STK_TOP_61
8
0
10
0.7500613333
20
-2.750058
0
TEXT
8
SYM_TERMINAL
10
0
20
-499.872
40
1.778
1
164
0
INSERT
2
STK_TOP_61
8
0
10
1.2499333333
20
-2.750058
0
TEXT
8
SYM_TERMINAL
10
0
20
-502.92
40
1.778
1
165
0
INSERT
2
STK_TOP_61
8
0
10
1.75006
20
-2.750058
0
TEXT
8
SYM_TERMINAL
10
0
20
-505.968
40
1.778
1
166
0
INSERT
2
STK_TOP_61
8
0
10
2.249932
20
-2.750058
0
TEXT
8
SYM_TERMINAL
10
0
20
-509.016
40
1.778
1
167
0
INSERT
2
STK_TOP_61
8
0
10
2.750058
20
-2.750058
0
TEXT
8
SYM_TERMINAL
10
0
20
-512.064
40
1.778
1
168
0
INSERT
2
STK_TOP_61
8
0
10
3.24993
20
-2.750058
0
TEXT
8
SYM_TERMINAL
10
0
20
-515.112
40
1.778
1
169
0
ENDBLK
0
BLOCK
2
PART_BODY_TOP_76
8
0
10
0
20
0
3
PART_BODY_TOP_76
70
64
0
POLYLINE
8
PART_TOP_2DLINE_126
66
1
40
0.1524
41
0.1524
70
1
0
VERTEX
8
PART_TOP_2DLINE_126
10
-1.5748
20
1.8796
0
VERTEX
8
PART_TOP_2DLINE_126
10
1.5748
20
1.8796
0
VERTEX
8
PART_TOP_2DLINE_126
10
1.5748
20
-1.8796
0
VERTEX
8
PART_TOP_2DLINE_126
10
-1.5748
20
-1.8796
0
SEQEND
0
INSERT
2
SMOOTH_0$1524
8
PART_TOP_2DLINE_126
10
-1.5748
20
1.8796
0
INSERT
2
SMOOTH_0$1524
8
PART_TOP_2DLINE_126
10
1.5748
20
1.8796
0
INSERT
2
SMOOTH_0$1524
8
PART_TOP_2DLINE_126
10
1.5748
20
-1.8796
0
INSERT
2
SMOOTH_0$1524
8
PART_TOP_2DLINE_126
10
-1.5748
20
-1.8796
0
POLYLINE
8
PART_TOP_2DLINE_126
66
1
40
0.1524
41
0.1524
70
1
0
VERTEX
8
PART_TOP_2DLINE_126
10
-1.3716
20
0.4064
0
VERTEX
8
PART_TOP_2DLINE_126
10
1.3716
20
0.4064
0
VERTEX
8
PART_TOP_2DLINE_126
10
1.3716
20
-0.4064
0
VERTEX
8
PART_TOP_2DLINE_126
10
-1.3716
20
-0.4064
0
SEQEND
0
INSERT
2
SMOOTH_0$1524
8
PART_TOP_2DLINE_126
10
-1.3716
20
0.4064
0
INSERT
2
SMOOTH_0$1524
8
PART_TOP_2DLINE_126
10
1.3716
20
0.4064
0
INSERT
2
SMOOTH_0$1524
8
PART_TOP_2DLINE_126
10
1.3716
20
-0.4064
0
INSERT
2
SMOOTH_0$1524
8
PART_TOP_2DLINE_126
10
-1.3716
20
-0.4064
0
ENDBLK
0
BLOCK
2
STK_TOP_63
8
0
10
0
20
0
3
STK_TOP_63
70
64
0
INSERT
2
DRIL_HOLE_0
8
DRIL_PLTE_THRU_01
10
0
20
0
0
INSERT
2
DRIL_HOLE_0
8
DRIL_PLTE_THRU_02
10
0
20
0
0
INSERT
2
DRIL_HOLE_0
8
DRIL_PLTE_THRU_03
10
0
20
0
0
INSERT
2
DRIL_HOLE_0
8
DRIL_PLTE_THRU_04
10
0
20
0
0
INSERT
2
PAD_0
8
PADS_INNER
10
0
20
0
0
INSERT
2
PAD_0
8
PADS_BOT
10
0
20
0
0
INSERT
2
PAD_55
8
PADS_TOP
10
0
20
0
50
90
0
ENDBLK
0
BLOCK
2
PART_BODY_TOP_77
8
0
10
0
20
0
3
PART_BODY_TOP_77
70
64
0
POLYLINE
8
PART_TOP_2DLINE_00
66
1
40
0.254
41
0.254
70
1
0
VERTEX
8
PART_TOP_2DLINE_00
10
-1.44
20
4.15844
0
VERTEX
8
PART_TOP_2DLINE_00
10
-1.44
20
-4.73156
0
VERTEX
8
PART_TOP_2DLINE_00
10
1.26
20
-4.73156
0
VERTEX
8
PART_TOP_2DLINE_00
10
1.26
20
4.15844
0
VERTEX
8
PART_TOP_2DLINE_00
10
0.64
20
4.15844
0
VERTEX
8
PART_TOP_2DLINE_00
10
0.64
20
3.7964886667
42
-1
0
VERTEX
8
PART_TOP_2DLINE_00
10
-0.78
20
3.7964886667
0
VERTEX
8
PART_TOP_2DLINE_00
10
-0.78
20
4.15844
0
SEQEND
0
INSERT
2
SMOOTH_0$254
8
PART_TOP_2DLINE_00
10
-1.44
20
4.15844
0
INSERT
2
SMOOTH_0$254
8
PART_TOP_2DLINE_00
10
-1.44
20
-4.73156
0
INSERT
2
SMOOTH_0$254
8
PART_TOP_2DLINE_00
10
1.26
20
-4.73156
0
INSERT
2
SMOOTH_0$254
8
PART_TOP_2DLINE_00
10
1.26
20
4.15844
0
INSERT
2
SMOOTH_0$254
8
PART_TOP_2DLINE_00
10
0.64
20
4.15844
0
INSERT
2
SMOOTH_0$254
8
PART_TOP_2DLINE_00
10
0.64
20
3.7964886667
0
ENDBLK
0
BLOCK
2
STK_TOP_64
8
0
10
0
20
0
3
STK_TOP_64
70
64
0
INSERT
2
DRIL_HOLE_0
8
DRIL_PLTE_THRU_01
10
0
20
0
0
INSERT
2
DRIL_HOLE_0
8
DRIL_PLTE_THRU_02
10
0
20
0
0
INSERT
2
DRIL_HOLE_0
8
DRIL_PLTE_THRU_03
10
0
20
0
0
INSERT
2
DRIL_HOLE_0
8
DRIL_PLTE_THRU_04
10
0
20
0
0
INSERT
2
PAD_0
8
PADS_INNER
10
0
20
0
0
INSERT
2
PAD_0
8
PADS_BOT
10
0
20
0
0
INSERT
2
PAD_56
8
PADS_TOP
10
0
20
0
0
ENDBLK
0
BLOCK
2
PART_BODY_TOP_78
8
0
10
0
20
0
3
PART_BODY_TOP_78
70
64
0
POLYLINE
8
PART_TOP_2DLINE_01
66
1
40
0.127
41
0.127
70
1
0
VERTEX
8
PART_TOP_2DLINE_01
10
0
20
1.5
0
VERTEX
8
PART_TOP_2DLINE_01
10
15.9
20
1.5
0
VERTEX
8
PART_TOP_2DLINE_01
10
15.9
20
-15.5
0
VERTEX
8
PART_TOP_2DLINE_01
10
0
20
-15.5
0
SEQEND
0
INSERT
2
SMOOTH_0$127
8
PART_TOP_2DLINE_01
10
0
20
1.5
0
INSERT
2
SMOOTH_0$127
8
PART_TOP_2DLINE_01
10
15.9
20
1.5
0
INSERT
2
SMOOTH_0$127
8
PART_TOP_2DLINE_01
10
15.9
20
-15.5
0
INSERT
2
SMOOTH_0$127
8
PART_TOP_2DLINE_01
10
0
20
-15.5
0
POLYLINE
8
PART_TOP_2DLINE_01
66
1
40
0.127
41
0.127
70
1
0
VERTEX
8
PART_TOP_2DLINE_01
10
-1.7027753333
20
2.7
42
1
0
VERTEX
8
PART_TOP_2DLINE_01
10
1.9027753333
20
2.7
42
1
0
SEQEND
0
ENDBLK
0
BLOCK
2
STK_TOP_65
8
0
10
0
20
0
3
STK_TOP_65
70
64
0
INSERT
2
DRIL_HOLE_0
8
DRIL_PLTE_THRU_01
10
0
20
0
0
INSERT
2
DRIL_HOLE_0
8
DRIL_PLTE_THRU_02
10
0
20
0
0
INSERT
2
DRIL_HOLE_0
8
DRIL_PLTE_THRU_03
10
0
20
0
0
INSERT
2
DRIL_HOLE_0
8
DRIL_PLTE_THRU_04
10
0
20
0
0
INSERT
2
PAD_48
8
PADS_INNER
10
0
20
0
0
INSERT
2
PAD_48
8
PADS_BOT
10
0
20
0
0
INSERT
2
PAD_52
8
PADS_TOP
10
0
20
0
0
ENDBLK
0
BLOCK
2
PART_BODY_TOP_79
8
0
10
0
20
0
3
PART_BODY_TOP_79
70
64
0
POLYLINE
8
PART_TOP_2DLINE_01
66
1
40
0.127
41
0.127
70
1
0
VERTEX
8
PART_TOP_2DLINE_01
10
1.15001
20
0.4999986667
42
1
0
VERTEX
8
PART_TOP_2DLINE_01
10
1.649984
20
0.4999986667
0
VERTEX
8
PART_TOP_2DLINE_01
10
1.946808
20
0.4999986667
0
VERTEX
8
PART_TOP_2DLINE_01
10
1.946808
20
-2.4999946667
0
VERTEX
8
PART_TOP_2DLINE_01
10
0.878586
20
-2.4999946667
0
VERTEX
8
PART_TOP_2DLINE_01
10
0.8786113333
20
0.4999986667
0
SEQEND
0
INSERT
2
SMOOTH_0$127
8
PART_TOP_2DLINE_01
10
1.15001
20
0.4999986667
0
INSERT
2
SMOOTH_0$127
8
PART_TOP_2DLINE_01
10
1.649984
20
0.4999986667
0
INSERT
2
SMOOTH_0$127
8
PART_TOP_2DLINE_01
10
1.946808
20
0.4999986667
0
INSERT
2
SMOOTH_0$127
8
PART_TOP_2DLINE_01
10
1.946808
20
-2.4999946667
0
INSERT
2
SMOOTH_0$127
8
PART_TOP_2DLINE_01
10
0.878586
20
-2.4999946667
0
INSERT
2
SMOOTH_0$127
8
PART_TOP_2DLINE_01
10
0.8786113333
20
0.4999986667
0
ENDBLK
0
BLOCK
2
STK_TOP_67
8
0
10
0
20
0
3
STK_TOP_67
70
64
0
INSERT
2
DRIL_HOLE_0
8
DRIL_PLTE_THRU_01
10
0
20
0
0
INSERT
2
DRIL_HOLE_0
8
DRIL_PLTE_THRU_02
10
0
20
0
0
INSERT
2
DRIL_HOLE_0
8
DRIL_PLTE_THRU_03
10
0
20
0
0
INSERT
2
DRIL_HOLE_0
8
DRIL_PLTE_THRU_04
10
0
20
0
0
INSERT
2
PAD_0
8
PADS_INNER
10
0
20
0
0
INSERT
2
PAD_0
8
PADS_BOT
10
0
20
0
0
INSERT
2
PAD_57
8
PADS_TOP
10
0
20
0
0
ENDBLK
0
BLOCK
2
STK_TOP_66
8
0
10
0
20
0
3
STK_TOP_66
70
64
0
INSERT
2
DRIL_HOLE_0
8
DRIL_PLTE_THRU_01
10
0
20
0
0
INSERT
2
DRIL_HOLE_0
8
DRIL_PLTE_THRU_02
10
0
20
0
0
INSERT
2
DRIL_HOLE_0
8
DRIL_PLTE_THRU_03
10
0
20
0
0
INSERT
2
DRIL_HOLE_0
8
DRIL_PLTE_THRU_04
10
0
20
0
0
INSERT
2
PAD_0
8
PADS_INNER
10
0
20
0
0
INSERT
2
PAD_0
8
PADS_BOT
10
0
20
0
0
INSERT
2
PAD_58
8
PADS_TOP
10
0
20
0
0
ENDBLK
0
BLOCK
2
PART_BODY_TOP_80
8
0
10
0
20
0
3
PART_BODY_TOP_80
70
64
0
POLYLINE
8
PART_TOP_2DLINE_00
66
1
40
0.12
41
0.12
70
1
0
VERTEX
8
PART_TOP_2DLINE_00
10
-1.811376
20
0.4873333333
42
1
0
VERTEX
8
PART_TOP_2DLINE_00
10
-1.500624
20
0.4873333333
42
1
0
SEQEND
0
ENDBLK
0
BLOCK
2
STK_TOP_69
8
0
10
0
20
0
3
STK_TOP_69
70
64
0
INSERT
2
DRIL_HOLE_0
8
DRIL_PLTE_THRU_01
10
0
20
0
0
INSERT
2
DRIL_HOLE_0
8
DRIL_PLTE_THRU_02
10
0
20
0
0
INSERT
2
DRIL_HOLE_0
8
DRIL_PLTE_THRU_03
10
0
20
0
0
INSERT
2
DRIL_HOLE_0
8
DRIL_PLTE_THRU_04
10
0
20
0
0
INSERT
2
PAD_0
8
PADS_INNER
10
0
20
0
0
INSERT
2
PAD_0
8
PADS_BOT
10
0
20
0
0
INSERT
2
PAD_59
8
PADS_XR_121
10
0
20
0
0
INSERT
2
PAD_60
8
PADS_TOP
10
0
20
0
0
ENDBLK
0
BLOCK
2
STK_TOP_68
8
0
10
0
20
0
3
STK_TOP_68
70
64
0
INSERT
2
DRIL_HOLE_0
8
DRIL_PLTE_THRU_01
10
0
20
0
0
INSERT
2
DRIL_HOLE_0
8
DRIL_PLTE_THRU_02
10
0
20
0
0
INSERT
2
DRIL_HOLE_0
8
DRIL_PLTE_THRU_03
10
0
20
0
0
INSERT
2
DRIL_HOLE_0
8
DRIL_PLTE_THRU_04
10
0
20
0
0
INSERT
2
PAD_0
8
PADS_INNER
10
0
20
0
0
INSERT
2
PAD_0
8
PADS_BOT
10
0
20
0
0
INSERT
2
PAD_61
8
PADS_XR_121
10
0
20
0
50
90
0
INSERT
2
PAD_62
8
PADS_TOP
10
0
20
0
50
90
0
ENDBLK
0
BLOCK
2
STK_TOP_70
8
0
10
0
20
0
3
STK_TOP_70
70
64
0
INSERT
2
DRIL_HOLE_0
8
DRIL_PLTE_THRU_01
10
0
20
0
0
INSERT
2
DRIL_HOLE_0
8
DRIL_PLTE_THRU_02
10
0
20
0
0
INSERT
2
DRIL_HOLE_0
8
DRIL_PLTE_THRU_03
10
0
20
0
0
INSERT
2
DRIL_HOLE_0
8
DRIL_PLTE_THRU_04
10
0
20
0
0
INSERT
2
PAD_0
8
PADS_INNER
10
0
20
0
0
INSERT
2
PAD_0
8
PADS_BOT
10
0
20
0
0
INSERT
2
PAD_61
8
PADS_XR_121
10
0
20
0
0
INSERT
2
PAD_62
8
PADS_TOP
10
0
20
0
0
ENDBLK
0
BLOCK
2
PART_BODY_TOP_81
8
0
10
0
20
0
3
PART_BODY_TOP_81
70
64
0
POLYLINE
8
PART_TOP_2DLINE_01
66
1
40
0.1
41
0.1
70
1
0
VERTEX
8
PART_TOP_2DLINE_01
10
0
20
15.5
0
VERTEX
8
PART_TOP_2DLINE_01
10
10.5
20
15.5
0
VERTEX
8
PART_TOP_2DLINE_01
10
10.5
20
0
0
VERTEX
8
PART_TOP_2DLINE_01
10
0
20
0
0
SEQEND
0
INSERT
2
SMOOTH_0$1
8
PART_TOP_2DLINE_01
10
0
20
15.5
0
INSERT
2
SMOOTH_0$1
8
PART_TOP_2DLINE_01
10
10.5
20
15.5
0
INSERT
2
SMOOTH_0$1
8
PART_TOP_2DLINE_01
10
10.5
20
0
0
INSERT
2
SMOOTH_0$1
8
PART_TOP_2DLINE_01
10
0
20
0
0
POLYLINE
8
KEEPOUT_01
6
KEEPOUT_00001000$0
66
1
70
1
0
VERTEX
8
KEEPOUT_01
10
2.95
20
11.7
0
VERTEX
8
KEEPOUT_01
10
4.55
20
11.7
0
VERTEX
8
KEEPOUT_01
10
4.55
20
10.5
0
VERTEX
8
KEEPOUT_01
10
2.95
20
10.5
0
SEQEND
0
ENDBLK
0
BLOCK
2
STK_TOP_71
8
0
10
0
20
0
3
STK_TOP_71
70
64
0
INSERT
2
DRIL_HOLE_0
8
DRIL_PLTE_THRU_01
10
0
20
0
0
INSERT
2
DRIL_HOLE_0
8
DRIL_PLTE_THRU_02
10
0
20
0
0
INSERT
2
DRIL_HOLE_0
8
DRIL_PLTE_THRU_03
10
0
20
0
0
INSERT
2
DRIL_HOLE_0
8
DRIL_PLTE_THRU_04
10
0
20
0
0
INSERT
2
PAD_0
8
PADS_INNER
10
0
20
0
0
INSERT
2
PAD_0
8
PADS_BOT
10
0
20
0
0
INSERT
2
PAD_63
8
PADS_TOP
10
0
20
0
0
ENDBLK
0
BLOCK
2
STK_TOP_72
8
0
10
0
20
0
3
STK_TOP_72
70
64
0
INSERT
2
DRIL_HOLE_0
8
DRIL_PLTE_THRU_01
10
0
20
0
0
INSERT
2
DRIL_HOLE_0
8
DRIL_PLTE_THRU_02
10
0
20
0
0
INSERT
2
DRIL_HOLE_0
8
DRIL_PLTE_THRU_03
10
0
20
0
0
INSERT
2
DRIL_HOLE_0
8
DRIL_PLTE_THRU_04
10
0
20
0
0
INSERT
2
PAD_0
8
PADS_INNER
10
0
20
0
0
INSERT
2
PAD_0
8
PADS_BOT
10
0
20
0
0
INSERT
2
PAD_63
8
PADS_TOP
10
0
20
0
50
90
0
ENDBLK
0
BLOCK
2
PART_BODY_TOP_82
8
0
10
0
20
0
3
PART_BODY_TOP_82
70
64
0
POLYLINE
8
PART_TOP_2DLINE_126
66
1
40
0.199898
41
0.199898
70
1
0
VERTEX
8
PART_TOP_2DLINE_126
10
-1.563624
20
-1.937766
42
1
0
VERTEX
8
PART_TOP_2DLINE_126
10
-2.411984
20
-1.937766
42
1
0
SEQEND
0
POLYLINE
8
PART_TOP_2DLINE_126
66
1
40
0.199898
41
0.199898
0
VERTEX
8
PART_TOP_2DLINE_126
10
-1.8877273333
20
1.562354
0
VERTEX
8
PART_TOP_2DLINE_126
10
-1.8877273333
20
2.0622253333
0
VERTEX
8
PART_TOP_2DLINE_126
10
-1.3878553333
20
2.0622253333
0
SEQEND
0
INSERT
2
SMOOTH_0$199898
8
PART_TOP_2DLINE_126
10
-1.8877273333
20
1.562354
0
INSERT
2
SMOOTH_0$199898
8
PART_TOP_2DLINE_126
10
-1.8877273333
20
2.0622253333
0
INSERT
2
SMOOTH_0$199898
8
PART_TOP_2DLINE_126
10
-1.3878553333
20
2.0622253333
0
POLYLINE
8
PART_TOP_2DLINE_126
66
1
40
0.199898
41
0.199898
0
VERTEX
8
PART_TOP_2DLINE_126
10
1.6123913333
20
2.0622253333
0
VERTEX
8
PART_TOP_2DLINE_126
10
2.2123393333
20
2.0622253333
0
VERTEX
8
PART_TOP_2DLINE_126
10
2.2123393333
20
1.562354
0
SEQEND
0
INSERT
2
SMOOTH_0$199898
8
PART_TOP_2DLINE_126
10
1.6123913333
20
2.0622253333
0
INSERT
2
SMOOTH_0$199898
8
PART_TOP_2DLINE_126
10
2.2123393333
20
2.0622253333
0
INSERT
2
SMOOTH_0$199898
8
PART_TOP_2DLINE_126
10
2.2123393333
20
1.562354
0
POLYLINE
8
PART_TOP_2DLINE_126
66
1
40
0.199898
41
0.199898
0
VERTEX
8
PART_TOP_2DLINE_126
10
2.2123393333
20
-1.3378173333
0
VERTEX
8
PART_TOP_2DLINE_126
10
2.2123393333
20
-2.0378413333
0
VERTEX
8
PART_TOP_2DLINE_126
10
1.6123913333
20
-2.0378413333
0
SEQEND
0
INSERT
2
SMOOTH_0$199898
8
PART_TOP_2DLINE_126
10
2.2123393333
20
-1.3378173333
0
INSERT
2
SMOOTH_0$199898
8
PART_TOP_2DLINE_126
10
2.2123393333
20
-2.0378413333
0
INSERT
2
SMOOTH_0$199898
8
PART_TOP_2DLINE_126
10
1.6123913333
20
-2.0378413333
0
POLYLINE
8
PART_TOP_2DLINE_126
66
1
40
0.199898
41
0.199898
0
VERTEX
8
PART_TOP_2DLINE_126
10
-1.987804
20
-1.437894
0
VERTEX
8
PART_TOP_2DLINE_126
10
-1.3878553333
20
-1.937766
0
SEQEND
0
INSERT
2
SMOOTH_0$199898
8
PART_TOP_2DLINE_126
10
-1.987804
20
-1.437894
0
INSERT
2
SMOOTH_0$199898
8
PART_TOP_2DLINE_126
10
-1.3878553333
20
-1.937766
0
ENDBLK
0
BLOCK
2
STK_TOP_73
8
0
10
0
20
0
3
STK_TOP_73
70
64
0
INSERT
2
DRIL_HOLE_0
8
DRIL_PLTE_THRU_01
10
0
20
0
0
INSERT
2
DRIL_HOLE_0
8
DRIL_PLTE_THRU_02
10
0
20
0
0
INSERT
2
DRIL_HOLE_0
8
DRIL_PLTE_THRU_03
10
0
20
0
0
INSERT
2
DRIL_HOLE_0
8
DRIL_PLTE_THRU_04
10
0
20
0
0
INSERT
2
PAD_0
8
PADS_INNER
10
0
20
0
0
INSERT
2
PAD_0
8
PADS_BOT
10
0
20
0
0
INSERT
2
PAD_64
8
PADS_TOP
10
0
20
0
50
90
0
ENDBLK
0
BLOCK
2
STK_TOP_74
8
0
10
0
20
0
3
STK_TOP_74
70
64
0
INSERT
2
DRIL_HOLE_0
8
DRIL_PLTE_THRU_01
10
0
20
0
0
INSERT
2
DRIL_HOLE_0
8
DRIL_PLTE_THRU_02
10
0
20
0
0
INSERT
2
DRIL_HOLE_0
8
DRIL_PLTE_THRU_03
10
0
20
0
0
INSERT
2
DRIL_HOLE_0
8
DRIL_PLTE_THRU_04
10
0
20
0
0
INSERT
2
PAD_0
8
PADS_INNER
10
0
20
0
0
INSERT
2
PAD_0
8
PADS_BOT
10
0
20
0
0
INSERT
2
PAD_64
8
PADS_TOP
10
0
20
0
0
ENDBLK
0
BLOCK
2
STK_TOP_75
8
0
10
0
20
0
3
STK_TOP_75
70
64
0
INSERT
2
DRIL_HOLE_0
8
DRIL_PLTE_THRU_01
10
0
20
0
0
INSERT
2
DRIL_HOLE_0
8
DRIL_PLTE_THRU_02
10
0
20
0
0
INSERT
2
DRIL_HOLE_0
8
DRIL_PLTE_THRU_03
10
0
20
0
0
INSERT
2
DRIL_HOLE_0
8
DRIL_PLTE_THRU_04
10
0
20
0
0
INSERT
2
PAD_0
8
PADS_INNER
10
0
20
0
0
INSERT
2
PAD_0
8
PADS_BOT
10
0
20
0
0
INSERT
2
PAD_65
8
PADS_TOP
10
0
20
0
0
ENDBLK
0
BLOCK
2
PART_BODY_TOP_83
8
0
10
0
20
0
3
PART_BODY_TOP_83
70
64
0
POLYLINE
8
PART_TOP_2DLINE_01
66
1
40
0.1
41
0.1
70
1
0
VERTEX
8
PART_TOP_2DLINE_01
10
-0.87
20
6.9
0
VERTEX
8
PART_TOP_2DLINE_01
10
6.58
20
6.9
0
VERTEX
8
PART_TOP_2DLINE_01
10
6.58
20
0.77
0
VERTEX
8
PART_TOP_2DLINE_01
10
-0.87
20
0.77
0
VERTEX
8
PART_TOP_2DLINE_01
10
-0.87
20
3.27
0
VERTEX
8
PART_TOP_2DLINE_01
10
-0.48
20
3.27
0
VERTEX
8
PART_TOP_2DLINE_01
10
-0.48
20
4.56
0
VERTEX
8
PART_TOP_2DLINE_01
10
-0.87
20
4.56
0
SEQEND
0
INSERT
2
SMOOTH_0$1
8
PART_TOP_2DLINE_01
10
-0.87
20
6.9
0
INSERT
2
SMOOTH_0$1
8
PART_TOP_2DLINE_01
10
6.58
20
6.9
0
INSERT
2
SMOOTH_0$1
8
PART_TOP_2DLINE_01
10
6.58
20
0.77
0
INSERT
2
SMOOTH_0$1
8
PART_TOP_2DLINE_01
10
-0.87
20
0.77
0
INSERT
2
SMOOTH_0$1
8
PART_TOP_2DLINE_01
10
-0.87
20
3.27
0
INSERT
2
SMOOTH_0$1
8
PART_TOP_2DLINE_01
10
-0.48
20
3.27
0
INSERT
2
SMOOTH_0$1
8
PART_TOP_2DLINE_01
10
-0.48
20
4.56
0
INSERT
2
SMOOTH_0$1
8
PART_TOP_2DLINE_01
10
-0.87
20
4.56
0
POLYLINE
8
PART_TOP_2DLINE_01
66
1
40
0.1
41
0.1
70
1
0
VERTEX
8
PART_TOP_2DLINE_01
10
-0.88
20
0.37
0
VERTEX
8
PART_TOP_2DLINE_01
10
-0.36
20
-0.15
0
VERTEX
8
PART_TOP_2DLINE_01
10
-0.86
20
-0.65
0
VERTEX
8
PART_TOP_2DLINE_01
10
-0.86
20
0.37
0
SEQEND
0
INSERT
2
SMOOTH_0$1
8
PART_TOP_2DLINE_01
10
-0.88
20
0.37
0
INSERT
2
SMOOTH_0$1
8
PART_TOP_2DLINE_01
10
-0.36
20
-0.15
0
INSERT
2
SMOOTH_0$1
8
PART_TOP_2DLINE_01
10
-0.86
20
-0.65
0
INSERT
2
SMOOTH_0$1
8
PART_TOP_2DLINE_01
10
-0.86
20
0.37
0
ENDBLK
0
BLOCK
2
STK_TOP_76
8
0
10
0
20
0
3
STK_TOP_76
70
64
0
INSERT
2
DRIL_HOLE_0
8
DRIL_PLTE_THRU_01
10
0
20
0
0
INSERT
2
DRIL_HOLE_0
8
DRIL_PLTE_THRU_02
10
0
20
0
0
INSERT
2
DRIL_HOLE_0
8
DRIL_PLTE_THRU_03
10
0
20
0
0
INSERT
2
DRIL_HOLE_0
8
DRIL_PLTE_THRU_04
10
0
20
0
0
INSERT
2
PAD_0
8
PADS_INNER
10
0
20
0
0
INSERT
2
PAD_0
8
PADS_BOT
10
0
20
0
0
INSERT
2
PAD_66
8
PADS_TOP
10
0
20
0
50
90
0
ENDBLK
0
BLOCK
2
PART_BODY_TOP_84
8
0
10
0
20
0
3
PART_BODY_TOP_84
70
64
0
POLYLINE
8
PART_TOP_2DLINE_01
66
1
40
0.2032
41
0.2032
0
VERTEX
8
PART_TOP_2DLINE_01
10
-2.367
20
-3.4775
0
VERTEX
8
PART_TOP_2DLINE_01
10
-2.963
20
-2.8815
0
VERTEX
8
PART_TOP_2DLINE_01
10
-2.963
20
-4.1255
0
VERTEX
8
PART_TOP_2DLINE_01
10
-2.3625
20
-3.525
0
SEQEND
0
INSERT
2
SMOOTH_0$2032
8
PART_TOP_2DLINE_01
10
-2.367
20
-3.4775
0
INSERT
2
SMOOTH_0$2032
8
PART_TOP_2DLINE_01
10
-2.963
20
-2.8815
0
INSERT
2
SMOOTH_0$2032
8
PART_TOP_2DLINE_01
10
-2.963
20
-4.1255
0
INSERT
2
SMOOTH_0$2032
8
PART_TOP_2DLINE_01
10
-2.3625
20
-3.525
0
POLYLINE
8
PART_TOP_2DLINE_126
66
1
40
0.1
41
0.1
70
1
0
VERTEX
8
PART_TOP_2DLINE_126
10
-2
20
1
0
VERTEX
8
PART_TOP_2DLINE_126
10
2
20
1
0
VERTEX
8
PART_TOP_2DLINE_126
10
2
20
-1
0
VERTEX
8
PART_TOP_2DLINE_126
10
-2
20
-1
0
SEQEND
0
INSERT
2
SMOOTH_0$1
8
PART_TOP_2DLINE_126
10
-2
20
1
0
INSERT
2
SMOOTH_0$1
8
PART_TOP_2DLINE_126
10
2
20
1
0
INSERT
2
SMOOTH_0$1
8
PART_TOP_2DLINE_126
10
2
20
-1
0
INSERT
2
SMOOTH_0$1
8
PART_TOP_2DLINE_126
10
-2
20
-1
0
ENDBLK
0
BLOCK
2
STK_TOP_77
8
0
10
0
20
0
3
STK_TOP_77
70
64
0
INSERT
2
DRIL_HOLE_0
8
DRIL_PLTE_THRU_01
10
0
20
0
0
INSERT
2
DRIL_HOLE_0
8
DRIL_PLTE_THRU_02
10
0
20
0
0
INSERT
2
DRIL_HOLE_0
8
DRIL_PLTE_THRU_03
10
0
20
0
0
INSERT
2
DRIL_HOLE_0
8
DRIL_PLTE_THRU_04
10
0
20
0
0
INSERT
2
PAD_0
8
PADS_INNER
10
0
20
0
0
INSERT
2
PAD_0
8
PADS_BOT
10
0
20
0
0
INSERT
2
PAD_67
8
PADS_TOP
10
0
20
0
50
90
0
ENDBLK
0
BLOCK
2
PART_BODY_TOP_86
8
0
10
0
20
0
3
PART_BODY_TOP_86
70
64
0
POLYLINE
8
PART_TOP_2DLINE_126
66
1
40
0.1
41
0.1
70
1
0
VERTEX
8
PART_TOP_2DLINE_126
10
-0.6
20
0.8
0
VERTEX
8
PART_TOP_2DLINE_126
10
2.9
20
0.8
0
VERTEX
8
PART_TOP_2DLINE_126
10
2.9
20
-0.8
0
VERTEX
8
PART_TOP_2DLINE_126
10
-0.6
20
-0.8
0
SEQEND
0
INSERT
2
SMOOTH_0$1
8
PART_TOP_2DLINE_126
10
-0.6
20
0.8
0
INSERT
2
SMOOTH_0$1
8
PART_TOP_2DLINE_126
10
2.9
20
0.8
0
INSERT
2
SMOOTH_0$1
8
PART_TOP_2DLINE_126
10
2.9
20
-0.8
0
INSERT
2
SMOOTH_0$1
8
PART_TOP_2DLINE_126
10
-0.6
20
-0.8
0
ENDBLK
0
BLOCK
2
STK_TOP_79
8
0
10
0
20
0
3
STK_TOP_79
70
64
0
INSERT
2
DRIL_HOLE_0
8
DRIL_PLTE_THRU_01
10
0
20
0
0
INSERT
2
DRIL_HOLE_0
8
DRIL_PLTE_THRU_02
10
0
20
0
0
INSERT
2
DRIL_HOLE_0
8
DRIL_PLTE_THRU_03
10
0
20
0
0
INSERT
2
DRIL_HOLE_0
8
DRIL_PLTE_THRU_04
10
0
20
0
0
INSERT
2
PAD_0
8
PADS_INNER
10
0
20
0
0
INSERT
2
PAD_0
8
PADS_BOT
10
0
20
0
0
INSERT
2
PAD_68
8
PADS_TOP
10
0
20
0
50
90
0
ENDBLK
0
BLOCK
2
STK_TOP_80
8
0
10
0
20
0
3
STK_TOP_80
70
64
0
INSERT
2
DRIL_HOLE_0
8
DRIL_PLTE_THRU_01
10
0
20
0
0
INSERT
2
DRIL_HOLE_0
8
DRIL_PLTE_THRU_02
10
0
20
0
0
INSERT
2
DRIL_HOLE_0
8
DRIL_PLTE_THRU_03
10
0
20
0
0
INSERT
2
DRIL_HOLE_0
8
DRIL_PLTE_THRU_04
10
0
20
0
0
INSERT
2
PAD_0
8
PADS_INNER
10
0
20
0
0
INSERT
2
PAD_0
8
PADS_BOT
10
0
20
0
0
INSERT
2
PAD_69
8
PADS_TOP
10
0
20
0
0
ENDBLK
0
BLOCK
2
PART_BODY_TOP_87
8
0
10
0
20
0
3
PART_BODY_TOP_87
70
64
0
POLYLINE
8
PART_TOP_2DLINE_01
66
1
40
0.127
41
0.127
70
1
0
VERTEX
8
PART_TOP_2DLINE_01
10
-21.68
20
-0.15
0
VERTEX
8
PART_TOP_2DLINE_01
10
-21.68
20
-4.825
0
VERTEX
8
PART_TOP_2DLINE_01
10
2.25
20
-4.825
0
VERTEX
8
PART_TOP_2DLINE_01
10
2.25
20
-0.15
0
VERTEX
8
PART_TOP_2DLINE_01
10
0.54
20
-0.15
0
VERTEX
8
PART_TOP_2DLINE_01
10
0.54
20
-0.85
0
VERTEX
8
PART_TOP_2DLINE_01
10
-20.03
20
-0.85
0
VERTEX
8
PART_TOP_2DLINE_01
10
-20.03
20
-0.15
0
SEQEND
0
INSERT
2
SMOOTH_0$127
8
PART_TOP_2DLINE_01
10
-21.68
20
-0.15
0
INSERT
2
SMOOTH_0$127
8
PART_TOP_2DLINE_01
10
-21.68
20
-4.825
0
INSERT
2
SMOOTH_0$127
8
PART_TOP_2DLINE_01
10
2.25
20
-4.825
0
INSERT
2
SMOOTH_0$127
8
PART_TOP_2DLINE_01
10
2.25
20
-0.15
0
INSERT
2
SMOOTH_0$127
8
PART_TOP_2DLINE_01
10
0.54
20
-0.15
0
INSERT
2
SMOOTH_0$127
8
PART_TOP_2DLINE_01
10
0.54
20
-0.85
0
INSERT
2
SMOOTH_0$127
8
PART_TOP_2DLINE_01
10
-20.03
20
-0.85
0
INSERT
2
SMOOTH_0$127
8
PART_TOP_2DLINE_01
10
-20.03
20
-0.15
0
ENDBLK
0
BLOCK
2
SYM_TOP_49
8
0
10
0
20
0
3
SYM_TOP_49
70
64
0
TEXT
8
SYM_NAME
10
0
20
0
40
1.778
1
FPC40PIN-0.5MM-FPC
41
0.75
0
TEXT
8
SYM_PART_TYPE_01
10
-11.146
20
-2.722
40
0.889
1
 
73
2
11
-11.146
21
-2.722
41
0.75
7
W0$127R0
0
TEXT
8
SYM_PART_NAME_01
10
-11.176
20
-2.602
40
0.889
1
 
41
0.75
7
W0$127R0
0
INSERT
2
PART_BODY_TOP_88
8
0
10
0
20
0
0
INSERT
2
STK_TOP_23
8
0
10
-19.5
20
0
0
TEXT
8
SYM_TERMINAL
10
0
20
-3.048
40
1.778
1
1
0
INSERT
2
STK_TOP_23
8
0
10
-19
20
0
0
TEXT
8
SYM_TERMINAL
10
0
20
-6.096
40
1.778
1
2
0
INSERT
2
STK_TOP_23
8
0
10
-18.5
20
0
0
TEXT
8
SYM_TERMINAL
10
0
20
-9.144
40
1.778
1
3
0
INSERT
2
STK_TOP_23
8
0
10
-18
20
0
0
TEXT
8
SYM_TERMINAL
10
0
20
-12.192
40
1.778
1
4
0
INSERT
2
STK_TOP_23
8
0
10
-17.5
20
0
0
TEXT
8
SYM_TERMINAL
10
0
20
-15.24
40
1.778
1
5
0
INSERT
2
STK_TOP_23
8
0
10
-17
20
0
0
TEXT
8
SYM_TERMINAL
10
0
20
-18.288
40
1.778
1
6
0
INSERT
2
STK_TOP_23
8
0
10
-16.5
20
0
0
TEXT
8
SYM_TERMINAL
10
0
20
-21.336
40
1.778
1
7
0
INSERT
2
STK_TOP_23
8
0
10
-16
20
0
0
TEXT
8
SYM_TERMINAL
10
0
20
-24.384
40
1.778
1
8
0
INSERT
2
STK_TOP_23
8
0
10
-15.5
20
0
0
TEXT
8
SYM_TERMINAL
10
0
20
-27.432
40
1.778
1
9
0
INSERT
2
STK_TOP_23
8
0
10
-15
20
0
0
TEXT
8
SYM_TERMINAL
10
0
20
-30.48
40
1.778
1
10
0
INSERT
2
STK_TOP_23
8
0
10
-14.5
20
0
0
TEXT
8
SYM_TERMINAL
10
0
20
-33.528
40
1.778
1
11
0
INSERT
2
STK_TOP_23
8
0
10
-14
20
0
0
TEXT
8
SYM_TERMINAL
10
0
20
-36.576
40
1.778
1
12
0
INSERT
2
STK_TOP_23
8
0
10
-13.5
20
0
0
TEXT
8
SYM_TERMINAL
10
0
20
-39.624
40
1.778
1
13
0
INSERT
2
STK_TOP_23
8
0
10
-13
20
0
0
TEXT
8
SYM_TERMINAL
10
0
20
-42.672
40
1.778
1
14
0
INSERT
2
STK_TOP_23
8
0
10
-12.5
20
0
0
TEXT
8
SYM_TERMINAL
10
0
20
-45.72
40
1.778
1
15
0
INSERT
2
STK_TOP_23
8
0
10
-12
20
0
0
TEXT
8
SYM_TERMINAL
10
0
20
-48.768
40
1.778
1
16
0
INSERT
2
STK_TOP_23
8
0
10
-11.5
20
0
0
TEXT
8
SYM_TERMINAL
10
0
20
-51.816
40
1.778
1
17
0
INSERT
2
STK_TOP_23
8
0
10
-11
20
0
0
TEXT
8
SYM_TERMINAL
10
0
20
-54.864
40
1.778
1
18
0
INSERT
2
STK_TOP_23
8
0
10
-10.5
20
0
0
TEXT
8
SYM_TERMINAL
10
0
20
-57.912
40
1.778
1
19
0
INSERT
2
STK_TOP_23
8
0
10
-10
20
0
0
TEXT
8
SYM_TERMINAL
10
0
20
-60.96
40
1.778
1
20
0
INSERT
2
STK_TOP_23
8
0
10
-9.5
20
0
0
TEXT
8
SYM_TERMINAL
10
0
20
-64.008
40
1.778
1
21
0
INSERT
2
STK_TOP_23
8
0
10
-9
20
0
0
TEXT
8
SYM_TERMINAL
10
0
20
-67.056
40
1.778
1
22
0
INSERT
2
STK_TOP_23
8
0
10
-8.5
20
0
0
TEXT
8
SYM_TERMINAL
10
0
20
-70.104
40
1.778
1
23
0
INSERT
2
STK_TOP_23
8
0
10
-8
20
0
0
TEXT
8
SYM_TERMINAL
10
0
20
-73.152
40
1.778
1
24
0
INSERT
2
STK_TOP_23
8
0
10
-7.5
20
0
0
TEXT
8
SYM_TERMINAL
10
0
20
-76.2
40
1.778
1
25
0
INSERT
2
STK_TOP_23
8
0
10
-7
20
0
0
TEXT
8
SYM_TERMINAL
10
0
20
-79.248
40
1.778
1
26
0
INSERT
2
STK_TOP_23
8
0
10
-6.5
20
0
0
TEXT
8
SYM_TERMINAL
10
0
20
-82.296
40
1.778
1
27
0
INSERT
2
STK_TOP_23
8
0
10
-6
20
0
0
TEXT
8
SYM_TERMINAL
10
0
20
-85.344
40
1.778
1
28
0
INSERT
2
STK_TOP_23
8
0
10
-5.5
20
0
0
TEXT
8
SYM_TERMINAL
10
0
20
-88.392
40
1.778
1
29
0
INSERT
2
STK_TOP_23
8
0
10
-5
20
0
0
TEXT
8
SYM_TERMINAL
10
0
20
-91.44
40
1.778
1
30
0
INSERT
2
STK_TOP_23
8
0
10
-4.5
20
0
0
TEXT
8
SYM_TERMINAL
10
0
20
-94.488
40
1.778
1
31
0
INSERT
2
STK_TOP_23
8
0
10
-4
20
0
0
TEXT
8
SYM_TERMINAL
10
0
20
-97.536
40
1.778
1
32
0
INSERT
2
STK_TOP_23
8
0
10
-3.5
20
0
0
TEXT
8
SYM_TERMINAL
10
0
20
-100.584
40
1.778
1
33
0
INSERT
2
STK_TOP_23
8
0
10
-3
20
0
0
TEXT
8
SYM_TERMINAL
10
0
20
-103.632
40
1.778
1
34
0
INSERT
2
STK_TOP_23
8
0
10
-2.5
20
0
0
TEXT
8
SYM_TERMINAL
10
0
20
-106.68
40
1.778
1
35
0
INSERT
2
STK_TOP_23
8
0
10
-2
20
0
0
TEXT
8
SYM_TERMINAL
10
0
20
-109.728
40
1.778
1
36
0
INSERT
2
STK_TOP_23
8
0
10
-1.5
20
0
0
TEXT
8
SYM_TERMINAL
10
0
20
-112.776
40
1.778
1
37
0
INSERT
2
STK_TOP_23
8
0
10
-1
20
0
0
TEXT
8
SYM_TERMINAL
10
0
20
-115.824
40
1.778
1
38
0
INSERT
2
STK_TOP_23
8
0
10
-0.5
20
0
0
TEXT
8
SYM_TERMINAL
10
0
20
-118.872
40
1.778
1
39
0
INSERT
2
STK_TOP_23
8
0
10
0
20
0
0
TEXT
8
SYM_TERMINAL
10
0
20
-121.92
40
1.778
1
40
0
INSERT
2
STK_TOP_24
8
0
10
-21.2
20
-2.775
0
TEXT
8
SYM_TERMINAL
10
0
20
-124.968
40
1.778
1
41
0
INSERT
2
STK_TOP_24
8
0
10
1.7
20
-2.775
0
TEXT
8
SYM_TERMINAL
10
0
20
-128.016
40
1.778
1
42
0
ENDBLK
0
BLOCK
2
PART_BODY_TOP_89
8
0
10
0
20
0
3
PART_BODY_TOP_89
70
64
0
POLYLINE
8
PART_TOP_2DLINE_01
66
1
40
0.127
41
0.127
70
1
0
VERTEX
8
PART_TOP_2DLINE_01
10
-2
20
3.6
0
VERTEX
8
PART_TOP_2DLINE_01
10
5.8
20
3.6
0
VERTEX
8
PART_TOP_2DLINE_01
10
5.8
20
-3.7
0
VERTEX
8
PART_TOP_2DLINE_01
10
-2
20
-3.7
0
SEQEND
0
INSERT
2
SMOOTH_0$127
8
PART_TOP_2DLINE_01
10
-2
20
3.6
0
INSERT
2
SMOOTH_0$127
8
PART_TOP_2DLINE_01
10
5.8
20
3.6
0
INSERT
2
SMOOTH_0$127
8
PART_TOP_2DLINE_01
10
5.8
20
-3.7
0
INSERT
2
SMOOTH_0$127
8
PART_TOP_2DLINE_01
10
-2
20
-3.7
0
ENDBLK
0
BLOCK
2
STK_TOP_81
8
0
10
0
20
0
3
STK_TOP_81
70
64
0
INSERT
2
DRIL_HOLE_1$3
8
DRIL_PLTE_THRU_01
10
0
20
0
0
INSERT
2
DRIL_HOLE_1$3
8
DRIL_PLTE_THRU_02
10
0
20
0
0
INSERT
2
DRIL_HOLE_1$3
8
DRIL_PLTE_THRU_03
10
0
20
0
0
INSERT
2
DRIL_HOLE_1$3
8
DRIL_PLTE_THRU_04
10
0
20
0
0
INSERT
2
PAD_70
8
PADS_INNER
10
0
20
0
0
INSERT
2
PAD_38
8
PADS_BOT
10
0
20
0
0
INSERT
2
PAD_38
8
PADS_TOP
10
0
20
0
0
ENDBLK
0
BLOCK
2
PART_BODY_TOP_90
8
0
10
0
20
0
3
PART_BODY_TOP_90
70
64
0
POLYLINE
8
PART_TOP_2DLINE_01
66
1
40
0.127
41
0.127
70
1
0
VERTEX
8
PART_TOP_2DLINE_01
10
-2
20
3.6
0
VERTEX
8
PART_TOP_2DLINE_01
10
9.5
20
3.6
0
VERTEX
8
PART_TOP_2DLINE_01
10
9.5
20
-3.7
0
VERTEX
8
PART_TOP_2DLINE_01
10
-2
20
-3.7
0
SEQEND
0
INSERT
2
SMOOTH_0$127
8
PART_TOP_2DLINE_01
10
-2
20
3.6
0
INSERT
2
SMOOTH_0$127
8
PART_TOP_2DLINE_01
10
9.5
20
3.6
0
INSERT
2
SMOOTH_0$127
8
PART_TOP_2DLINE_01
10
9.5
20
-3.7
0
INSERT
2
SMOOTH_0$127
8
PART_TOP_2DLINE_01
10
-2
20
-3.7
0
ENDBLK
0
BLOCK
2
PART_BODY_TOP_91
8
0
10
0
20
0
3
PART_BODY_TOP_91
70
64
0
ENDBLK
0
BLOCK
2
STK_TOP_82
8
0
10
0
20
0
3
STK_TOP_82
70
64
0
INSERT
2
DRIL_HOLE_3$5
8
DRIL_PLTE_THRU_01
10
0
20
0
0
INSERT
2
DRIL_HOLE_3$5
8
DRIL_PLTE_THRU_02
10
0
20
0
0
INSERT
2
DRIL_HOLE_3$5
8
DRIL_PLTE_THRU_03
10
0
20
0
0
INSERT
2
DRIL_HOLE_3$5
8
DRIL_PLTE_THRU_04
10
0
20
0
0
INSERT
2
PAD_71
8
PADS_INNER
10
0
20
0
0
INSERT
2
PAD_72
8
PADS_BOT
10
0
20
0
0
INSERT
2
PAD_72
8
PADS_TOP
10
0
20
0
0
ENDBLK
0
BLOCK
2
PART_BODY_TOP_92
8
0
10
0
20
0
3
PART_BODY_TOP_92
70
64
0
POLYLINE
8
PART_TOP_2DLINE_126
66
1
40
0.127
41
0.127
70
1
0
VERTEX
8
PART_TOP_2DLINE_126
10
1.1256913333
20
0.899998
0
VERTEX
8
PART_TOP_2DLINE_126
10
1.1256913333
20
-0.899998
0
VERTEX
8
PART_TOP_2DLINE_126
10
-1.1130646667
20
-0.899998
0
VERTEX
8
PART_TOP_2DLINE_126
10
-1.1130646667
20
0.899998
0
SEQEND
0
INSERT
2
SMOOTH_0$127
8
PART_TOP_2DLINE_126
10
1.1256913333
20
0.899998
0
INSERT
2
SMOOTH_0$127
8
PART_TOP_2DLINE_126
10
1.1256913333
20
-0.899998
0
INSERT
2
SMOOTH_0$127
8
PART_TOP_2DLINE_126
10
-1.1130646667
20
-0.899998
0
INSERT
2
SMOOTH_0$127
8
PART_TOP_2DLINE_126
10
-1.1130646667
20
0.899998
0
POLYLINE
8
PART_TOP_2DLINE_126
66
1
40
0.127
41
0.127
0
VERTEX
8
PART_TOP_2DLINE_126
10
0.86367
20
-0.9
0
VERTEX
8
PART_TOP_2DLINE_126
10
0.86367
20
0.9
0
SEQEND
0
INSERT
2
SMOOTH_0$127
8
PART_TOP_2DLINE_126
10
0.86367
20
-0.9
0
INSERT
2
SMOOTH_0$127
8
PART_TOP_2DLINE_126
10
0.86367
20
0.9
0
ENDBLK
0
BLOCK
2
STK_TOP_83
8
0
10
0
20
0
3
STK_TOP_83
70
64
0
INSERT
2
DRIL_HOLE_0
8
DRIL_PLTE_THRU_01
10
0
20
0
0
INSERT
2
DRIL_HOLE_0
8
DRIL_PLTE_THRU_02
10
0
20
0
0
INSERT
2
DRIL_HOLE_0
8
DRIL_PLTE_THRU_03
10
0
20
0
0
INSERT
2
DRIL_HOLE_0
8
DRIL_PLTE_THRU_04
10
0
20
0
0
INSERT
2
PAD_0
8
PADS_INNER
10
0
20
0
0
INSERT
2
PAD_0
8
PADS_BOT
10
0
20
0
0
INSERT
2
PAD_7
8
PADS_XR_121
10
0
20
0
0
INSERT
2
PAD_73
8
PADS_XR_123
10
0
20
0
0
INSERT
2
PAD_73
8
PADS_TOP
10
0
20
0
0
ENDBLK
0
BLOCK
2
PART_BODY_TOP_47
8
0
10
0
20
0
3
PART_BODY_TOP_47
70
64
0
POLYLINE
8
PART_TOP_2DLINE_00
66
1
40
0.1
41
0.1
0
VERTEX
8
PART_TOP_2DLINE_00
10
0.6096
20
1.1684
0
VERTEX
8
PART_TOP_2DLINE_00
10
2.4892
20
1.1684
0
VERTEX
8
PART_TOP_2DLINE_00
10
2.4892
20
-1.1684
0
VERTEX
8
PART_TOP_2DLINE_00
10
0.6096
20
-1.1684
0
SEQEND
0
INSERT
2
SMOOTH_0$1
8
PART_TOP_2DLINE_00
10
0.6096
20
1.1684
0
INSERT
2
SMOOTH_0$1
8
PART_TOP_2DLINE_00
10
2.4892
20
1.1684
0
INSERT
2
SMOOTH_0$1
8
PART_TOP_2DLINE_00
10
2.4892
20
-1.1684
0
INSERT
2
SMOOTH_0$1
8
PART_TOP_2DLINE_00
10
0.6096
20
-1.1684
0
POLYLINE
8
PART_TOP_2DLINE_00
66
1
40
0.1
41
0.1
0
VERTEX
8
PART_TOP_2DLINE_00
10
-0.6096
20
-1.1684
0
VERTEX
8
PART_TOP_2DLINE_00
10
-2.4892
20
-1.1684
0
VERTEX
8
PART_TOP_2DLINE_00
10
-2.4892
20
1.1684
0
VERTEX
8
PART_TOP_2DLINE_00
10
-0.6096
20
1.1684
0
SEQEND
0
INSERT
2
SMOOTH_0$1
8
PART_TOP_2DLINE_00
10
-0.6096
20
-1.1684
0
INSERT
2
SMOOTH_0$1
8
PART_TOP_2DLINE_00
10
-2.4892
20
-1.1684
0
INSERT
2
SMOOTH_0$1
8
PART_TOP_2DLINE_00
10
-2.4892
20
1.1684
0
INSERT
2
SMOOTH_0$1
8
PART_TOP_2DLINE_00
10
-0.6096
20
1.1684
0
ENDBLK
0
BLOCK
2
STK_TOP_10
8
0
10
0
20
0
3
STK_TOP_10
70
64
0
INSERT
2
DRIL_HOLE_0
8
DRIL_PLTE_THRU_01
10
0
20
0
0
INSERT
2
DRIL_HOLE_0
8
DRIL_PLTE_THRU_02
10
0
20
0
0
INSERT
2
DRIL_HOLE_0
8
DRIL_PLTE_THRU_03
10
0
20
0
0
INSERT
2
DRIL_HOLE_0
8
DRIL_PLTE_THRU_04
10
0
20
0
0
INSERT
2
PAD_0
8
PADS_INNER
10
0
20
0
0
INSERT
2
PAD_0
8
PADS_BOT
10
0
20
0
0
INSERT
2
PAD_74
8
PADS_TOP
10
0
20
0
50
90
0
ENDBLK
0
BLOCK
2
PART_BODY_TOP_93
8
0
10
0
20
0
3
PART_BODY_TOP_93
70
64
0
POLYLINE
8
PART_TOP_2DLINE_01
66
1
40
0.1
41
0.1
0
VERTEX
8
PART_TOP_2DLINE_01
10
2.64539
20
0.9599986667
0
VERTEX
8
PART_TOP_2DLINE_01
10
-1.99
20
0.9599986667
0
SEQEND
0
INSERT
2
SMOOTH_0$1
8
PART_TOP_2DLINE_01
10
2.64539
20
0.9599986667
0
INSERT
2
SMOOTH_0$1
8
PART_TOP_2DLINE_01
10
-1.99
20
0.9599986667
0
POLYLINE
8
PART_TOP_2DLINE_01
66
1
40
0.1
41
0.1
0
VERTEX
8
PART_TOP_2DLINE_01
10
2.64539
20
-1.0438826667
0
VERTEX
8
PART_TOP_2DLINE_01
10
-1.98
20
-1.0438826667
0
SEQEND
0
INSERT
2
SMOOTH_0$1
8
PART_TOP_2DLINE_01
10
2.64539
20
-1.0438826667
0
INSERT
2
SMOOTH_0$1
8
PART_TOP_2DLINE_01
10
-1.98
20
-1.0438826667
0
POLYLINE
8
PART_TOP_2DLINE_01
66
1
40
0.1
41
0.1
0
VERTEX
8
PART_TOP_2DLINE_01
10
-2.01
20
0.9399993333
0
VERTEX
8
PART_TOP_2DLINE_01
10
-2.49
20
0.4599993333
0
VERTEX
8
PART_TOP_2DLINE_01
10
-2.49
20
-0.5200006667
0
VERTEX
8
PART_TOP_2DLINE_01
10
-1.97
20
-1.0400006667
0
SEQEND
0
INSERT
2
SMOOTH_0$1
8
PART_TOP_2DLINE_01
10
-2.01
20
0.9399993333
0
INSERT
2
SMOOTH_0$1
8
PART_TOP_2DLINE_01
10
-2.49
20
0.4599993333
0
INSERT
2
SMOOTH_0$1
8
PART_TOP_2DLINE_01
10
-2.49
20
-0.5200006667
0
INSERT
2
SMOOTH_0$1
8
PART_TOP_2DLINE_01
10
-1.97
20
-1.0400006667
0
POLYLINE
8
PART_TOP_2DLINE_01
66
1
40
0.1
41
0.1
0
VERTEX
8
PART_TOP_2DLINE_01
10
-1.76
20
0.9599993333
0
VERTEX
8
PART_TOP_2DLINE_01
10
-1.76
20
-1.0400006667
0
SEQEND
0
INSERT
2
SMOOTH_0$1
8
PART_TOP_2DLINE_01
10
-1.76
20
0.9599993333
0
INSERT
2
SMOOTH_0$1
8
PART_TOP_2DLINE_01
10
-1.76
20
-1.0400006667
0
ENDBLK
0
BLOCK
2
STK_TOP_85
8
0
10
0
20
0
3
STK_TOP_85
70
64
0
INSERT
2
DRIL_HOLE_0
8
DRIL_PLTE_THRU_01
10
0
20
0
0
INSERT
2
DRIL_HOLE_0
8
DRIL_PLTE_THRU_02
10
0
20
0
0
INSERT
2
DRIL_HOLE_0
8
DRIL_PLTE_THRU_03
10
0
20
0
0
INSERT
2
DRIL_HOLE_0
8
DRIL_PLTE_THRU_04
10
0
20
0
0
INSERT
2
PAD_0
8
PADS_INNER
10
0
20
0
0
INSERT
2
PAD_0
8
PADS_BOT
10
0
20
0
0
INSERT
2
PAD_75
8
PADS_TOP
10
0
20
0
0
ENDBLK
0
BLOCK
2
STK_TOP_84
8
0
10
0
20
0
3
STK_TOP_84
70
64
0
INSERT
2
DRIL_HOLE_0
8
DRIL_PLTE_THRU_01
10
0
20
0
0
INSERT
2
DRIL_HOLE_0
8
DRIL_PLTE_THRU_02
10
0
20
0
0
INSERT
2
DRIL_HOLE_0
8
DRIL_PLTE_THRU_03
10
0
20
0
0
INSERT
2
DRIL_HOLE_0
8
DRIL_PLTE_THRU_04
10
0
20
0
0
INSERT
2
PAD_0
8
PADS_INNER
10
0
20
0
0
INSERT
2
PAD_0
8
PADS_BOT
10
0
20
0
0
INSERT
2
PAD_75
8
PADS_TOP
10
0
20
0
0
ENDBLK
0
BLOCK
2
PART_BODY_TOP_67
8
0
10
0
20
0
3
PART_BODY_TOP_67
70
64
0
POLYLINE
8
PART_TOP_2DLINE_126
66
1
40
0.1524
41
0.1524
70
1
0
VERTEX
8
PART_TOP_2DLINE_126
10
1.8001
20
-1
0
VERTEX
8
PART_TOP_2DLINE_126
10
1.8001
20
0.9999953333
0
VERTEX
8
PART_TOP_2DLINE_126
10
-1.8001
20
0.9999953333
0
VERTEX
8
PART_TOP_2DLINE_126
10
-1.8001
20
-1
0
SEQEND
0
INSERT
2
SMOOTH_0$1524
8
PART_TOP_2DLINE_126
10
1.8001
20
-1
0
INSERT
2
SMOOTH_0$1524
8
PART_TOP_2DLINE_126
10
1.8001
20
0.9999953333
0
INSERT
2
SMOOTH_0$1524
8
PART_TOP_2DLINE_126
10
-1.8001
20
0.9999953333
0
INSERT
2
SMOOTH_0$1524
8
PART_TOP_2DLINE_126
10
-1.8001
20
-1
0
POLYLINE
8
PART_TOP_2DLINE_118
66
1
40
0.1524
41
0.1524
70
1
0
VERTEX
8
PART_TOP_2DLINE_118
10
-1.5983986667
20
-0.6731
0
VERTEX
8
PART_TOP_2DLINE_118
10
1.5983986667
20
-0.6731
0
VERTEX
8
PART_TOP_2DLINE_118
10
1.5983986667
20
0.6731
0
VERTEX
8
PART_TOP_2DLINE_118
10
-1.5983986667
20
0.6731
0
SEQEND
0
INSERT
2
SMOOTH_0$1524
8
PART_TOP_2DLINE_118
10
-1.5983986667
20
-0.6731
0
INSERT
2
SMOOTH_0$1524
8
PART_TOP_2DLINE_118
10
1.5983986667
20
-0.6731
0
INSERT
2
SMOOTH_0$1524
8
PART_TOP_2DLINE_118
10
1.5983986667
20
0.6731
0
INSERT
2
SMOOTH_0$1524
8
PART_TOP_2DLINE_118
10
-1.5983986667
20
0.6731
0
POLYLINE
8
PART_TOP_2DLINE_119
66
1
40
0.1524
41
0.1524
70
1
0
VERTEX
8
PART_TOP_2DLINE_119
10
-1.5983986667
20
-0.6731
0
VERTEX
8
PART_TOP_2DLINE_119
10
1.5983986667
20
-0.6731
0
VERTEX
8
PART_TOP_2DLINE_119
10
1.5983986667
20
0.6731
0
VERTEX
8
PART_TOP_2DLINE_119
10
-1.5983986667
20
0.6731
0
SEQEND
0
INSERT
2
SMOOTH_0$1524
8
PART_TOP_2DLINE_119
10
-1.5983986667
20
-0.6731
0
INSERT
2
SMOOTH_0$1524
8
PART_TOP_2DLINE_119
10
1.5983986667
20
-0.6731
0
INSERT
2
SMOOTH_0$1524
8
PART_TOP_2DLINE_119
10
1.5983986667
20
0.6731
0
INSERT
2
SMOOTH_0$1524
8
PART_TOP_2DLINE_119
10
-1.5983986667
20
0.6731
0
ENDBLK
0
BLOCK
2
STK_TOP_48
8
0
10
0
20
0
3
STK_TOP_48
70
64
0
INSERT
2
DRIL_HOLE_0
8
DRIL_PLTE_THRU_01
10
0
20
0
0
INSERT
2
DRIL_HOLE_0
8
DRIL_PLTE_THRU_02
10
0
20
0
0
INSERT
2
DRIL_HOLE_0
8
DRIL_PLTE_THRU_03
10
0
20
0
0
INSERT
2
DRIL_HOLE_0
8
DRIL_PLTE_THRU_04
10
0
20
0
0
INSERT
2
PAD_0
8
PADS_INNER
10
0
20
0
0
INSERT
2
PAD_0
8
PADS_BOT
10
0
20
0
0
INSERT
2
PAD_76
8
PADS_TOP
10
0
20
0
50
90
0
ENDBLK
0
BLOCK
2
PART_BODY_TOP_68
8
0
10
0
20
0
3
PART_BODY_TOP_68
70
64
0
POLYLINE
8
PART_TOP_2DLINE_126
66
1
40
0.127
41
0.127
70
1
0
VERTEX
8
PART_TOP_2DLINE_126
10
-2.794
20
1.27
0
VERTEX
8
PART_TOP_2DLINE_126
10
2.794
20
1.27
0
VERTEX
8
PART_TOP_2DLINE_126
10
2.794
20
-1.27
0
VERTEX
8
PART_TOP_2DLINE_126
10
-2.794
20
-1.27
0
SEQEND
0
INSERT
2
SMOOTH_0$127
8
PART_TOP_2DLINE_126
10
-2.794
20
1.27
0
INSERT
2
SMOOTH_0$127
8
PART_TOP_2DLINE_126
10
2.794
20
1.27
0
INSERT
2
SMOOTH_0$127
8
PART_TOP_2DLINE_126
10
2.794
20
-1.27
0
INSERT
2
SMOOTH_0$127
8
PART_TOP_2DLINE_126
10
-2.794
20
-1.27
0
ENDBLK
0
BLOCK
2
STK_TOP_49
8
0
10
0
20
0
3
STK_TOP_49
70
64
0
INSERT
2
DRIL_HOLE_0
8
DRIL_PLTE_THRU_01
10
0
20
0
0
INSERT
2
DRIL_HOLE_0
8
DRIL_PLTE_THRU_02
10
0
20
0
0
INSERT
2
DRIL_HOLE_0
8
DRIL_PLTE_THRU_03
10
0
20
0
0
INSERT
2
DRIL_HOLE_0
8
DRIL_PLTE_THRU_04
10
0
20
0
0
INSERT
2
PAD_0
8
PADS_INNER
10
0
20
0
0
INSERT
2
PAD_0
8
PADS_BOT
10
0
20
0
0
INSERT
2
PAD_77
8
PADS_TOP
10
0
20
0
0
ENDBLK
0
BLOCK
2
SYM_TOP_30
8
0
10
0
20
0
3
SYM_TOP_30
70
64
0
TEXT
8
SYM_NAME
10
0
20
0
40
1.778
1
C1210
41
0.75
0
TEXT
8
SYM_PART_NAME_126
10
-2.5527
20
2.7051
40
0.889
1
 
41
0.75
7
W0$127R0
0
TEXT
8
SYM_ATTRIBUTE_126
10
-2.5527
20
1.4351
40
0.889
1
Comment
41
0.75
7
W0$127R0
0
INSERT
2
PART_BODY_TOP_69
8
0
10
0
20
0
0
INSERT
2
STK_TOP_50
8
0
10
-1.4
20
0
0
TEXT
8
SYM_TERMINAL
10
0
20
-3.048
40
1.778
1
1
0
INSERT
2
STK_TOP_50
8
0
10
1.3999993333
20
0
0
TEXT
8
SYM_TERMINAL
10
0
20
-6.096
40
1.778
1
2
0
ENDBLK
0
BLOCK
2
PART_BODY_TOP_70
8
0
10
0
20
0
3
PART_BODY_TOP_70
70
64
0
POLYLINE
8
PART_TOP_2DLINE_00
66
1
40
0.1
41
0.1
70
1
0
VERTEX
8
PART_TOP_2DLINE_00
10
-1.2
20
0.6
0
VERTEX
8
PART_TOP_2DLINE_00
10
1.2
20
0.6
0
VERTEX
8
PART_TOP_2DLINE_00
10
1.2
20
-0.6
0
VERTEX
8
PART_TOP_2DLINE_00
10
-1.2
20
-0.6
0
SEQEND
0
INSERT
2
SMOOTH_0$1
8
PART_TOP_2DLINE_00
10
-1.2
20
0.6
0
INSERT
2
SMOOTH_0$1
8
PART_TOP_2DLINE_00
10
1.2
20
0.6
0
INSERT
2
SMOOTH_0$1
8
PART_TOP_2DLINE_00
10
1.2
20
-0.6
0
INSERT
2
SMOOTH_0$1
8
PART_TOP_2DLINE_00
10
-1.2
20
-0.6
0
ENDBLK
0
BLOCK
2
PART_BODY_TOP_94
8
0
10
0
20
0
3
PART_BODY_TOP_94
70
64
0
POLYLINE
8
PART_TOP_2DLINE_126
66
1
40
0.1524
41
0.1524
70
1
0
VERTEX
8
PART_TOP_2DLINE_126
10
-0.4298013333
20
-0.5001
42
1
0
VERTEX
8
PART_TOP_2DLINE_126
10
-1.0703986667
20
-0.5001
42
1
0
SEQEND
0
POLYLINE
8
PART_TOP_2DLINE_126
66
1
40
0.1524
41
0.1524
70
1
0
VERTEX
8
PART_TOP_2DLINE_126
10
-1.5499
20
1.249898
0
VERTEX
8
PART_TOP_2DLINE_126
10
1.474998
20
1.249898
0
VERTEX
8
PART_TOP_2DLINE_126
10
1.474998
20
-1.2999993333
0
VERTEX
8
PART_TOP_2DLINE_126
10
-1.5499
20
-1.2999993333
0
VERTEX
8
PART_TOP_2DLINE_126
10
-1.5499
20
-0.1999
0
VERTEX
8
PART_TOP_2DLINE_126
10
-1.2499006667
20
-0.1999
0
VERTEX
8
PART_TOP_2DLINE_126
10
-1.2499006667
20
0.1998973333
0
VERTEX
8
PART_TOP_2DLINE_126
10
-1.5499
20
0.1998973333
0
SEQEND
0
INSERT
2
SMOOTH_0$1524
8
PART_TOP_2DLINE_126
10
-1.5499
20
1.249898
0
INSERT
2
SMOOTH_0$1524
8
PART_TOP_2DLINE_126
10
1.474998
20
1.249898
0
INSERT
2
SMOOTH_0$1524
8
PART_TOP_2DLINE_126
10
1.474998
20
-1.2999993333
0
INSERT
2
SMOOTH_0$1524
8
PART_TOP_2DLINE_126
10
-1.5499
20
-1.2999993333
0
INSERT
2
SMOOTH_0$1524
8
PART_TOP_2DLINE_126
10
-1.5499
20
-0.1999
0
INSERT
2
SMOOTH_0$1524
8
PART_TOP_2DLINE_126
10
-1.2499006667
20
-0.1999
0
INSERT
2
SMOOTH_0$1524
8
PART_TOP_2DLINE_126
10
-1.2499006667
20
0.1998973333
0
INSERT
2
SMOOTH_0$1524
8
PART_TOP_2DLINE_126
10
-1.5499
20
0.1998973333
0
POLYLINE
8
PART_TOP_2DLINE_118
66
1
40
0.1524
41
0.1524
70
1
0
VERTEX
8
PART_TOP_2DLINE_118
10
-1.7249006667
20
-2.4501013333
0
VERTEX
8
PART_TOP_2DLINE_118
10
1.7248986667
20
-2.4501013333
0
VERTEX
8
PART_TOP_2DLINE_118
10
1.7248986667
20
2.4500986667
0
VERTEX
8
PART_TOP_2DLINE_118
10
-1.7249006667
20
2.4500986667
0
SEQEND
0
INSERT
2
SMOOTH_0$1524
8
PART_TOP_2DLINE_118
10
-1.7249006667
20
-2.4501013333
0
INSERT
2
SMOOTH_0$1524
8
PART_TOP_2DLINE_118
10
1.7248986667
20
-2.4501013333
0
INSERT
2
SMOOTH_0$1524
8
PART_TOP_2DLINE_118
10
1.7248986667
20
2.4500986667
0
INSERT
2
SMOOTH_0$1524
8
PART_TOP_2DLINE_118
10
-1.7249006667
20
2.4500986667
0
POLYLINE
8
PART_TOP_2DLINE_119
66
1
40
0.1524
41
0.1524
70
1
0
VERTEX
8
PART_TOP_2DLINE_119
10
-1.7249006667
20
-2.4501013333
0
VERTEX
8
PART_TOP_2DLINE_119
10
1.7248986667
20
-2.4501013333
0
VERTEX
8
PART_TOP_2DLINE_119
10
1.7248986667
20
2.4500986667
0
VERTEX
8
PART_TOP_2DLINE_119
10
-1.7249006667
20
2.4500986667
0
SEQEND
0
INSERT
2
SMOOTH_0$1524
8
PART_TOP_2DLINE_119
10
-1.7249006667
20
-2.4501013333
0
INSERT
2
SMOOTH_0$1524
8
PART_TOP_2DLINE_119
10
1.7248986667
20
-2.4501013333
0
INSERT
2
SMOOTH_0$1524
8
PART_TOP_2DLINE_119
10
1.7248986667
20
2.4500986667
0
INSERT
2
SMOOTH_0$1524
8
PART_TOP_2DLINE_119
10
-1.7249006667
20
2.4500986667
0
ENDBLK
0
BLOCK
2
STK_TOP_86
8
0
10
0
20
0
3
STK_TOP_86
70
64
0
INSERT
2
DRIL_HOLE_0
8
DRIL_PLTE_THRU_01
10
0
20
0
0
INSERT
2
DRIL_HOLE_0
8
DRIL_PLTE_THRU_02
10
0
20
0
0
INSERT
2
DRIL_HOLE_0
8
DRIL_PLTE_THRU_03
10
0
20
0
0
INSERT
2
DRIL_HOLE_0
8
DRIL_PLTE_THRU_04
10
0
20
0
0
INSERT
2
PAD_0
8
PADS_INNER
10
0
20
0
0
INSERT
2
PAD_0
8
PADS_BOT
10
0
20
0
0
INSERT
2
PAD_78
8
PADS_TOP
10
0
20
0
50
90
0
ENDBLK
0
BLOCK
2
PART_BODY_TOP_95
8
0
10
0
20
0
3
PART_BODY_TOP_95
70
64
0
ENDBLK
0
BLOCK
2
STK_TOP_87
8
0
10
0
20
0
3
STK_TOP_87
70
64
0
INSERT
2
DRIL_HOLE_0
8
DRIL_PLTE_THRU_01
10
0
20
0
0
INSERT
2
DRIL_HOLE_0
8
DRIL_PLTE_THRU_02
10
0
20
0
0
INSERT
2
DRIL_HOLE_0
8
DRIL_PLTE_THRU_03
10
0
20
0
0
INSERT
2
DRIL_HOLE_0
8
DRIL_PLTE_THRU_04
10
0
20
0
0
INSERT
2
PAD_0
8
PADS_INNER
10
0
20
0
0
INSERT
2
PAD_0
8
PADS_BOT
10
0
20
0
0
INSERT
2
PAD_79
8
PADS_TOP
10
0
20
0
50
90
0
ENDBLK
0
BLOCK
2
STK_TOP_88
8
0
10
0
20
0
3
STK_TOP_88
70
64
0
INSERT
2
DRIL_HOLE_0
8
DRIL_PLTE_THRU_01
10
0
20
0
0
INSERT
2
DRIL_HOLE_0
8
DRIL_PLTE_THRU_02
10
0
20
0
0
INSERT
2
DRIL_HOLE_0
8
DRIL_PLTE_THRU_03
10
0
20
0
0
INSERT
2
DRIL_HOLE_0
8
DRIL_PLTE_THRU_04
10
0
20
0
0
INSERT
2
PAD_80
8
PADS_TOP_THER
10
0
20
0
0
INSERT
2
PAD_0
8
PADS_INNER
10
0
20
0
0
INSERT
2
PAD_0
8
PADS_BOT
10
0
20
0
0
INSERT
2
PAD_81
8
PADS_TOP
10
0
20
0
50
90
0
ENDBLK
0
BLOCK
2
PART_BODY_TOP_96
8
0
10
0
20
0
3
PART_BODY_TOP_96
70
64
0
POLYLINE
8
PART_TOP_2DLINE_00
66
1
40
0.127
41
0.127
0
VERTEX
8
PART_TOP_2DLINE_00
10
-0.5214366667
20
1.4998953333
0
VERTEX
8
PART_TOP_2DLINE_00
10
-0.249936
20
1.4998953333
0
SEQEND
0
INSERT
2
SMOOTH_0$127
8
PART_TOP_2DLINE_00
10
-0.5214366667
20
1.4998953333
0
INSERT
2
SMOOTH_0$127
8
PART_TOP_2DLINE_00
10
-0.249936
20
1.4998953333
0
POLYLINE
8
PART_TOP_2DLINE_00
66
1
40
0.127
41
0.127
0
VERTEX
8
PART_TOP_2DLINE_00
10
-0.5214366667
20
-1.4998953333
0
VERTEX
8
PART_TOP_2DLINE_00
10
-0.5214366667
20
1.4998953333
0
SEQEND
0
INSERT
2
SMOOTH_0$127
8
PART_TOP_2DLINE_00
10
-0.5214366667
20
-1.4998953333
0
INSERT
2
SMOOTH_0$127
8
PART_TOP_2DLINE_00
10
-0.5214366667
20
1.4998953333
0
POLYLINE
8
PART_TOP_2DLINE_00
66
1
40
0.127
41
0.127
0
VERTEX
8
PART_TOP_2DLINE_00
10
0.546862
20
-1.4998953333
0
VERTEX
8
PART_TOP_2DLINE_00
10
-0.5214366667
20
-1.4998953333
0
SEQEND
0
INSERT
2
SMOOTH_0$127
8
PART_TOP_2DLINE_00
10
0.546862
20
-1.4998953333
0
INSERT
2
SMOOTH_0$127
8
PART_TOP_2DLINE_00
10
-0.5214366667
20
-1.4998953333
0
POLYLINE
8
PART_TOP_2DLINE_00
66
1
40
0.127
41
0.127
0
VERTEX
8
PART_TOP_2DLINE_00
10
0.546862
20
1.4998953333
0
VERTEX
8
PART_TOP_2DLINE_00
10
0.546862
20
-1.4998953333
0
SEQEND
0
INSERT
2
SMOOTH_0$127
8
PART_TOP_2DLINE_00
10
0.546862
20
1.4998953333
0
INSERT
2
SMOOTH_0$127
8
PART_TOP_2DLINE_00
10
0.546862
20
-1.4998953333
0
POLYLINE
8
PART_TOP_2DLINE_00
66
1
40
0.127
41
0.127
0
VERTEX
8
PART_TOP_2DLINE_00
10
0.2499613333
20
1.4998953333
0
VERTEX
8
PART_TOP_2DLINE_00
10
0.546862
20
1.4998953333
0
SEQEND
0
INSERT
2
SMOOTH_0$127
8
PART_TOP_2DLINE_00
10
0.2499613333
20
1.4998953333
0
INSERT
2
SMOOTH_0$127
8
PART_TOP_2DLINE_00
10
0.546862
20
1.4998953333
0
POLYLINE
8
PART_TOP_2DLINE_00
66
1
40
0.127
41
0.127
0
VERTEX
8
PART_TOP_2DLINE_00
10
-0.249936
20
1.4998953333
42
1
0
VERTEX
8
PART_TOP_2DLINE_00
10
0.2499613333
20
1.4998953333
0
SEQEND
0
INSERT
2
SMOOTH_0$127
8
PART_TOP_2DLINE_00
10
-0.249936
20
1.4998953333
0
INSERT
2
SMOOTH_0$127
8
PART_TOP_2DLINE_00
10
0.2499613333
20
1.4998953333
0
POLYLINE
8
PART_TOP_2DLINE_00
66
1
40
0.1500886667
41
0.1500886667
70
1
0
VERTEX
8
PART_TOP_2DLINE_00
10
-2.1003513333
20
0.919734
42
1
0
VERTEX
8
PART_TOP_2DLINE_00
10
-2.6367486667
20
0.919734
42
1
0
SEQEND
0
POLYLINE
8
PART_TOP_2DLINE_127
66
1
40
0.0254
41
0.0254
70
1
0
VERTEX
8
PART_TOP_2DLINE_127
10
-1.9999453333
20
-1.35001
0
VERTEX
8
PART_TOP_2DLINE_127
10
-1.9999453333
20
1.35001
0
VERTEX
8
PART_TOP_2DLINE_127
10
1.9999453333
20
1.35001
0
VERTEX
8
PART_TOP_2DLINE_127
10
1.9999453333
20
-1.35001
0
SEQEND
0
INSERT
2
SMOOTH_0$0254
8
PART_TOP_2DLINE_127
10
-1.9999453333
20
-1.35001
0
INSERT
2
SMOOTH_0$0254
8
PART_TOP_2DLINE_127
10
-1.9999453333
20
1.35001
0
INSERT
2
SMOOTH_0$0254
8
PART_TOP_2DLINE_127
10
1.9999453333
20
1.35001
0
INSERT
2
SMOOTH_0$0254
8
PART_TOP_2DLINE_127
10
1.9999453333
20
-1.35001
0
ENDBLK
0
BLOCK
2
STK_TOP_90
8
0
10
0
20
0
3
STK_TOP_90
70
64
0
INSERT
2
DRIL_HOLE_0
8
DRIL_PLTE_THRU_01
10
0
20
0
0
INSERT
2
DRIL_HOLE_0
8
DRIL_PLTE_THRU_02
10
0
20
0
0
INSERT
2
DRIL_HOLE_0
8
DRIL_PLTE_THRU_03
10
0
20
0
0
INSERT
2
DRIL_HOLE_0
8
DRIL_PLTE_THRU_04
10
0
20
0
0
INSERT
2
PAD_0
8
PADS_INNER
10
0
20
0
0
INSERT
2
PAD_0
8
PADS_BOT
10
0
20
0
0
INSERT
2
PAD_82
8
PADS_XR_121
10
0
20
0
0
INSERT
2
PAD_83
8
PADS_XR_123
10
0
20
0
0
INSERT
2
PAD_83
8
PADS_TOP
10
0
20
0
0
ENDBLK
0
BLOCK
2
STK_TOP_89
8
0
10
0
20
0
3
STK_TOP_89
70
64
0
INSERT
2
DRIL_HOLE_0
8
DRIL_PLTE_THRU_01
10
0
20
0
0
INSERT
2
DRIL_HOLE_0
8
DRIL_PLTE_THRU_02
10
0
20
0
0
INSERT
2
DRIL_HOLE_0
8
DRIL_PLTE_THRU_03
10
0
20
0
0
INSERT
2
DRIL_HOLE_0
8
DRIL_PLTE_THRU_04
10
0
20
0
0
INSERT
2
PAD_0
8
PADS_INNER
10
0
20
0
0
INSERT
2
PAD_0
8
PADS_BOT
10
0
20
0
0
INSERT
2
PAD_84
8
PADS_XR_121
10
0
20
0
0
INSERT
2
PAD_85
8
PADS_XR_123
10
0
20
0
0
INSERT
2
PAD_85
8
PADS_TOP
10
0
20
0
0
ENDBLK
0
BLOCK
2
PART_BODY_TOP_97
8
0
10
0
20
0
3
PART_BODY_TOP_97
70
64
0
POLYLINE
8
PART_TOP_2DLINE_01
66
1
40
0.127
41
0.127
70
1
0
VERTEX
8
PART_TOP_2DLINE_01
10
-3.6
20
4
0
VERTEX
8
PART_TOP_2DLINE_01
10
3.8
20
4
0
VERTEX
8
PART_TOP_2DLINE_01
10
3.8
20
-2.5
0
VERTEX
8
PART_TOP_2DLINE_01
10
-3.6
20
-2.5
0
SEQEND
0
INSERT
2
SMOOTH_0$127
8
PART_TOP_2DLINE_01
10
-3.6
20
4
0
INSERT
2
SMOOTH_0$127
8
PART_TOP_2DLINE_01
10
3.8
20
4
0
INSERT
2
SMOOTH_0$127
8
PART_TOP_2DLINE_01
10
3.8
20
-2.5
0
INSERT
2
SMOOTH_0$127
8
PART_TOP_2DLINE_01
10
-3.6
20
-2.5
0
POLYLINE
8
PART_TOP_2DLINE_01
66
1
40
0.127
41
0.127
70
1
0
VERTEX
8
PART_TOP_2DLINE_01
10
-1.1
20
-2.6
0
VERTEX
8
PART_TOP_2DLINE_01
10
1.5
20
-2.6
0
VERTEX
8
PART_TOP_2DLINE_01
10
1.5
20
-6.1
0
VERTEX
8
PART_TOP_2DLINE_01
10
-1.1
20
-6.1
0
SEQEND
0
INSERT
2
SMOOTH_0$127
8
PART_TOP_2DLINE_01
10
-1.1
20
-2.6
0
INSERT
2
SMOOTH_0$127
8
PART_TOP_2DLINE_01
10
1.5
20
-2.6
0
INSERT
2
SMOOTH_0$127
8
PART_TOP_2DLINE_01
10
1.5
20
-6.1
0
INSERT
2
SMOOTH_0$127
8
PART_TOP_2DLINE_01
10
-1.1
20
-6.1
0
ENDBLK
0
BLOCK
2
STK_TOP_92
8
0
10
0
20
0
3
STK_TOP_92
70
64
0
INSERT
2
DRIL_HOLE_1$1
8
DRIL_PLTE_THRU_01
10
0
20
0
0
INSERT
2
DRIL_HOLE_1$1
8
DRIL_PLTE_THRU_02
10
0
20
0
0
INSERT
2
DRIL_HOLE_1$1
8
DRIL_PLTE_THRU_03
10
0
20
0
0
INSERT
2
DRIL_HOLE_1$1
8
DRIL_PLTE_THRU_04
10
0
20
0
0
INSERT
2
PAD_70
8
PADS_INNER
10
0
20
0
0
INSERT
2
PAD_86
8
PADS_BOT
10
0
20
0
0
INSERT
2
PAD_87
8
PADS_TOP
10
0
20
0
0
ENDBLK
0
BLOCK
2
STK_TOP_91
8
0
10
0
20
0
3
STK_TOP_91
70
64
0
INSERT
2
DRIL_HOLE_1$4
8
DRIL_PLTE_THRU_01
10
0
20
0
0
INSERT
2
DRIL_HOLE_1$4
8
DRIL_PLTE_THRU_02
10
0
20
0
0
INSERT
2
DRIL_HOLE_1$4
8
DRIL_PLTE_THRU_03
10
0
20
0
0
INSERT
2
DRIL_HOLE_1$4
8
DRIL_PLTE_THRU_04
10
0
20
0
0
INSERT
2
PAD_88
8
PADS_INNER
10
0
20
0
0
INSERT
2
PAD_88
8
PADS_BOT
10
0
20
0
0
INSERT
2
PAD_88
8
PADS_TOP
10
0
20
0
0
ENDBLK
0
BLOCK
2
PART_BODY_TOP_72
8
0
10
0
20
0
3
PART_BODY_TOP_72
70
64
0
POLYLINE
8
PART_TOP_2DLINE_00
66
1
40
0.1
41
0.1
70
1
0
VERTEX
8
PART_TOP_2DLINE_00
10
-3.05
20
2.95
0
VERTEX
8
PART_TOP_2DLINE_00
10
2.95
20
2.95
0
VERTEX
8
PART_TOP_2DLINE_00
10
2.95
20
-3.05
0
VERTEX
8
PART_TOP_2DLINE_00
10
-3.05
20
-3.05
0
SEQEND
0
INSERT
2
SMOOTH_0$1
8
PART_TOP_2DLINE_00
10
-3.05
20
2.95
0
INSERT
2
SMOOTH_0$1
8
PART_TOP_2DLINE_00
10
2.95
20
2.95
0
INSERT
2
SMOOTH_0$1
8
PART_TOP_2DLINE_00
10
2.95
20
-3.05
0
INSERT
2
SMOOTH_0$1
8
PART_TOP_2DLINE_00
10
-3.05
20
-3.05
0
POLYLINE
8
PART_TOP_2DLINE_00
66
1
40
0.4
41
0.4
70
1
0
VERTEX
8
PART_TOP_2DLINE_00
10
-1.1912713333
20
-0.05
42
1
0
VERTEX
8
PART_TOP_2DLINE_00
10
1.0912713333
20
-0.05
42
1
0
SEQEND
0
ENDBLK
0
BLOCK
2
STK_TOP_53
8
0
10
0
20
0
3
STK_TOP_53
70
64
0
INSERT
2
DRIL_HOLE_1$1
8
DRIL_PLTE_THRU_01
10
0
20
0
0
INSERT
2
DRIL_HOLE_1$1
8
DRIL_PLTE_THRU_02
10
0
20
0
0
INSERT
2
DRIL_HOLE_1$1
8
DRIL_PLTE_THRU_03
10
0
20
0
0
INSERT
2
DRIL_HOLE_1$1
8
DRIL_PLTE_THRU_04
10
0
20
0
0
INSERT
2
PAD_89
8
PADS_INNER
10
0
20
0
0
INSERT
2
PAD_90
8
PADS_BOT
10
0
20
0
0
INSERT
2
PAD_90
8
PADS_TOP
10
0
20
0
0
ENDBLK
0
BLOCK
2
STK_TOP_52
8
0
10
0
20
0
3
STK_TOP_52
70
64
0
INSERT
2
DRIL_HOLE_1$1
8
DRIL_PLTE_THRU_01
10
0
20
0
0
INSERT
2
DRIL_HOLE_1$1
8
DRIL_PLTE_THRU_02
10
0
20
0
0
INSERT
2
DRIL_HOLE_1$1
8
DRIL_PLTE_THRU_03
10
0
20
0
0
INSERT
2
DRIL_HOLE_1$1
8
DRIL_PLTE_THRU_04
10
0
20
0
0
INSERT
2
PAD_91
8
PADS_INNER
10
0
20
0
0
INSERT
2
PAD_91
8
PADS_BOT
10
0
20
0
0
INSERT
2
PAD_92
8
PADS_TOP
10
0
20
0
0
ENDBLK
0
BLOCK
2
PART_BODY_TOP_75
8
0
10
0
20
0
3
PART_BODY_TOP_75
70
64
0
POLYLINE
8
PART_TOP_2DLINE_126
66
1
40
0.127
41
0.127
0
VERTEX
8
PART_TOP_2DLINE_126
10
-6.9949053333
20
5.3540653333
0
VERTEX
8
PART_TOP_2DLINE_126
10
-5.3337453333
20
7.0152253333
0
VERTEX
8
PART_TOP_2DLINE_126
10
-5.2915813333
20
6.999986
0
VERTEX
8
PART_TOP_2DLINE_126
10
6.999986
20
6.999986
0
SEQEND
0
INSERT
2
SMOOTH_0$127
8
PART_TOP_2DLINE_126
10
-6.9949053333
20
5.3540653333
0
INSERT
2
SMOOTH_0$127
8
PART_TOP_2DLINE_126
10
-5.3337453333
20
7.0152253333
0
INSERT
2
SMOOTH_0$127
8
PART_TOP_2DLINE_126
10
-5.2915813333
20
6.999986
0
INSERT
2
SMOOTH_0$127
8
PART_TOP_2DLINE_126
10
6.999986
20
6.999986
0
POLYLINE
8
PART_TOP_2DLINE_126
66
1
40
0.127
41
0.127
0
VERTEX
8
PART_TOP_2DLINE_126
10
-6.999986
20
-6.999986
0
VERTEX
8
PART_TOP_2DLINE_126
10
6.999986
20
-6.999986
0
SEQEND
0
INSERT
2
SMOOTH_0$127
8
PART_TOP_2DLINE_126
10
-6.999986
20
-6.999986
0
INSERT
2
SMOOTH_0$127
8
PART_TOP_2DLINE_126
10
6.999986
20
-6.999986
0
POLYLINE
8
PART_TOP_2DLINE_126
66
1
40
0.127
41
0.127
0
VERTEX
8
PART_TOP_2DLINE_126
10
-5.7444633333
20
4.9479193333
0
VERTEX
8
PART_TOP_2DLINE_126
10
-4.6883313333
20
5.9999873333
0
VERTEX
8
PART_TOP_2DLINE_126
10
5.999988
20
5.9999873333
0
SEQEND
0
INSERT
2
SMOOTH_0$127
8
PART_TOP_2DLINE_126
10
-5.7444633333
20
4.9479193333
0
INSERT
2
SMOOTH_0$127
8
PART_TOP_2DLINE_126
10
-4.6883313333
20
5.9999873333
0
INSERT
2
SMOOTH_0$127
8
PART_TOP_2DLINE_126
10
5.999988
20
5.9999873333
0
POLYLINE
8
PART_TOP_2DLINE_126
66
1
40
0.127
41
0.127
0
VERTEX
8
PART_TOP_2DLINE_126
10
-5.999988
20
-5.999988
0
VERTEX
8
PART_TOP_2DLINE_126
10
5.999988
20
-5.999988
0
SEQEND
0
INSERT
2
SMOOTH_0$127
8
PART_TOP_2DLINE_126
10
-5.999988
20
-5.999988
0
INSERT
2
SMOOTH_0$127
8
PART_TOP_2DLINE_126
10
5.999988
20
-5.999988
0
POLYLINE
8
PART_TOP_2DLINE_126
66
1
40
0.127
41
0.127
0
VERTEX
8
PART_TOP_2DLINE_126
10
-5.73913
20
4.5222153333
0
VERTEX
8
PART_TOP_2DLINE_126
10
-4.5232313333
20
5.7500513333
0
VERTEX
8
PART_TOP_2DLINE_126
10
5.750052
20
5.7500513333
0
SEQEND
0
INSERT
2
SMOOTH_0$127
8
PART_TOP_2DLINE_126
10
-5.73913
20
4.5222153333
0
INSERT
2
SMOOTH_0$127
8
PART_TOP_2DLINE_126
10
-4.5232313333
20
5.7500513333
0
INSERT
2
SMOOTH_0$127
8
PART_TOP_2DLINE_126
10
5.750052
20
5.7500513333
0
POLYLINE
8
PART_TOP_2DLINE_126
66
1
40
0.127
41
0.127
0
VERTEX
8
PART_TOP_2DLINE_126
10
-5.750052
20
-5.750052
0
VERTEX
8
PART_TOP_2DLINE_126
10
5.750052
20
-5.750052
0
SEQEND
0
INSERT
2
SMOOTH_0$127
8
PART_TOP_2DLINE_126
10
-5.750052
20
-5.750052
0
INSERT
2
SMOOTH_0$127
8
PART_TOP_2DLINE_126
10
5.750052
20
-5.750052
0
POLYLINE
8
PART_TOP_2DLINE_126
66
1
40
0.127
41
0.127
70
1
0
VERTEX
8
PART_TOP_2DLINE_126
10
-5.750052
20
-6.5001133333
0
VERTEX
8
PART_TOP_2DLINE_126
10
-5.750052
20
5.5001153333
0
VERTEX
8
PART_TOP_2DLINE_126
10
-4.7500533333
20
6.5001133333
0
VERTEX
8
PART_TOP_2DLINE_126
10
5.750052
20
6.5001133333
0
VERTEX
8
PART_TOP_2DLINE_126
10
5.750052
20
-6.5001133333
0
SEQEND
0
INSERT
2
SMOOTH_0$127
8
PART_TOP_2DLINE_126
10
-5.750052
20
-6.5001133333
0
INSERT
2
SMOOTH_0$127
8
PART_TOP_2DLINE_126
10
-5.750052
20
5.5001153333
0
INSERT
2
SMOOTH_0$127
8
PART_TOP_2DLINE_126
10
-4.7500533333
20
6.5001133333
0
INSERT
2
SMOOTH_0$127
8
PART_TOP_2DLINE_126
10
5.750052
20
6.5001133333
0
INSERT
2
SMOOTH_0$127
8
PART_TOP_2DLINE_126
10
5.750052
20
-6.5001133333
0
POLYLINE
8
PART_TOP_2DLINE_126
66
1
40
0.127
41
0.127
70
1
0
VERTEX
8
PART_TOP_2DLINE_126
10
-5.999988
20
-7.999984
0
VERTEX
8
PART_TOP_2DLINE_126
10
-5.999988
20
6.999986
0
VERTEX
8
PART_TOP_2DLINE_126
10
-4.9999893333
20
7.9999833333
0
VERTEX
8
PART_TOP_2DLINE_126
10
5.999988
20
7.9999833333
0
VERTEX
8
PART_TOP_2DLINE_126
10
5.999988
20
-7.999984
0
SEQEND
0
INSERT
2
SMOOTH_0$127
8
PART_TOP_2DLINE_126
10
-5.999988
20
-7.999984
0
INSERT
2
SMOOTH_0$127
8
PART_TOP_2DLINE_126
10
-5.999988
20
6.999986
0
INSERT
2
SMOOTH_0$127
8
PART_TOP_2DLINE_126
10
-4.9999893333
20
7.9999833333
0
INSERT
2
SMOOTH_0$127
8
PART_TOP_2DLINE_126
10
5.999988
20
7.9999833333
0
INSERT
2
SMOOTH_0$127
8
PART_TOP_2DLINE_126
10
5.999988
20
-7.999984
0
POLYLINE
8
PART_TOP_2DLINE_126
66
1
40
0.127
41
0.127
70
1
0
VERTEX
8
PART_TOP_2DLINE_126
10
-6.999986
20
-8.9999813333
0
VERTEX
8
PART_TOP_2DLINE_126
10
6.999986
20
-8.9999813333
0
VERTEX
8
PART_TOP_2DLINE_126
10
6.999986
20
8.9999813333
0
VERTEX
8
PART_TOP_2DLINE_126
10
-5.999988
20
8.9999813333
0
VERTEX
8
PART_TOP_2DLINE_126
10
-6.999986
20
7.9999833333
0
SEQEND
0
INSERT
2
SMOOTH_0$127
8
PART_TOP_2DLINE_126
10
-6.999986
20
-8.9999813333
0
INSERT
2
SMOOTH_0$127
8
PART_TOP_2DLINE_126
10
6.999986
20
-8.9999813333
0
INSERT
2
SMOOTH_0$127
8
PART_TOP_2DLINE_126
10
6.999986
20
8.9999813333
0
INSERT
2
SMOOTH_0$127
8
PART_TOP_2DLINE_126
10
-5.999988
20
8.9999813333
0
INSERT
2
SMOOTH_0$127
8
PART_TOP_2DLINE_126
10
-6.999986
20
7.9999833333
0
POLYLINE
8
PART_TOP_2DLINE_119
66
1
40
0.0254
41
0.0254
70
1
0
VERTEX
8
PART_TOP_2DLINE_119
10
-3.424936
20
-6.925056
0
VERTEX
8
PART_TOP_2DLINE_119
10
3.424936
20
-6.925056
0
VERTEX
8
PART_TOP_2DLINE_119
10
3.424936
20
6.9250553333
0
VERTEX
8
PART_TOP_2DLINE_119
10
-3.424936
20
6.9250553333
0
SEQEND
0
INSERT
2
SMOOTH_0$0254
8
PART_TOP_2DLINE_119
10
-3.424936
20
-6.925056
0
INSERT
2
SMOOTH_0$0254
8
PART_TOP_2DLINE_119
10
3.424936
20
-6.925056
0
INSERT
2
SMOOTH_0$0254
8
PART_TOP_2DLINE_119
10
3.424936
20
6.9250553333
0
INSERT
2
SMOOTH_0$0254
8
PART_TOP_2DLINE_119
10
-3.424936
20
6.9250553333
0
POLYLINE
8
PART_TOP_2DLINE_120
66
1
40
0.0254
41
0.0254
70
1
0
VERTEX
8
PART_TOP_2DLINE_120
10
-3.424936
20
-6.925056
0
VERTEX
8
PART_TOP_2DLINE_120
10
3.424936
20
-6.925056
0
VERTEX
8
PART_TOP_2DLINE_120
10
3.424936
20
6.9250553333
0
VERTEX
8
PART_TOP_2DLINE_120
10
-3.424936
20
6.9250553333
0
SEQEND
0
INSERT
2
SMOOTH_0$0254
8
PART_TOP_2DLINE_120
10
-3.424936
20
-6.925056
0
INSERT
2
SMOOTH_0$0254
8
PART_TOP_2DLINE_120
10
3.424936
20
-6.925056
0
INSERT
2
SMOOTH_0$0254
8
PART_TOP_2DLINE_120
10
3.424936
20
6.9250553333
0
INSERT
2
SMOOTH_0$0254
8
PART_TOP_2DLINE_120
10
-3.424936
20
6.9250553333
0
ENDBLK
0
BLOCK
2
STK_TOP_61
8
0
10
0
20
0
3
STK_TOP_61
70
64
0
INSERT
2
DRIL_HOLE_0
8
DRIL_PLTE_THRU_01
10
0
20
0
0
INSERT
2
DRIL_HOLE_0
8
DRIL_PLTE_THRU_02
10
0
20
0
0
INSERT
2
DRIL_HOLE_0
8
DRIL_PLTE_THRU_03
10
0
20
0
0
INSERT
2
DRIL_HOLE_0
8
DRIL_PLTE_THRU_04
10
0
20
0
0
INSERT
2
PAD_0
8
PADS_INNER
10
0
20
0
0
INSERT
2
PAD_0
8
PADS_BOT
10
0
20
0
0
INSERT
2
PAD_93
8
PADS_TOP
10
0
20
0
0
ENDBLK
0
BLOCK
2
STK_TOP_62
8
0
10
0
20
0
3
STK_TOP_62
70
64
0
INSERT
2
DRIL_HOLE_0
8
DRIL_PLTE_THRU_01
10
0
20
0
0
INSERT
2
DRIL_HOLE_0
8
DRIL_PLTE_THRU_02
10
0
20
0
0
INSERT
2
DRIL_HOLE_0
8
DRIL_PLTE_THRU_03
10
0
20
0
0
INSERT
2
DRIL_HOLE_0
8
DRIL_PLTE_THRU_04
10
0
20
0
0
INSERT
2
PAD_0
8
PADS_INNER
10
0
20
0
0
INSERT
2
PAD_0
8
PADS_BOT
10
0
20
0
0
INSERT
2
PAD_0
8
PADS_TOP
10
0
20
0
0
ENDBLK
0
BLOCK
2
PART_BODY_TOP_88
8
0
10
0
20
0
3
PART_BODY_TOP_88
70
64
0
POLYLINE
8
PART_TOP_2DLINE_01
66
1
40
0.127
41
0.127
70
1
0
VERTEX
8
PART_TOP_2DLINE_01
10
-21.68
20
-0.15
0
VERTEX
8
PART_TOP_2DLINE_01
10
-21.68
20
-4.825
0
VERTEX
8
PART_TOP_2DLINE_01
10
2.25
20
-4.825
0
VERTEX
8
PART_TOP_2DLINE_01
10
2.25
20
-0.15
0
VERTEX
8
PART_TOP_2DLINE_01
10
0.54
20
-0.15
0
VERTEX
8
PART_TOP_2DLINE_01
10
0.54
20
-0.85
0
VERTEX
8
PART_TOP_2DLINE_01
10
-20.03
20
-0.85
0
VERTEX
8
PART_TOP_2DLINE_01
10
-20.03
20
-0.15
0
SEQEND
0
INSERT
2
SMOOTH_0$127
8
PART_TOP_2DLINE_01
10
-21.68
20
-0.15
0
INSERT
2
SMOOTH_0$127
8
PART_TOP_2DLINE_01
10
-21.68
20
-4.825
0
INSERT
2
SMOOTH_0$127
8
PART_TOP_2DLINE_01
10
2.25
20
-4.825
0
INSERT
2
SMOOTH_0$127
8
PART_TOP_2DLINE_01
10
2.25
20
-0.15
0
INSERT
2
SMOOTH_0$127
8
PART_TOP_2DLINE_01
10
0.54
20
-0.15
0
INSERT
2
SMOOTH_0$127
8
PART_TOP_2DLINE_01
10
0.54
20
-0.85
0
INSERT
2
SMOOTH_0$127
8
PART_TOP_2DLINE_01
10
-20.03
20
-0.85
0
INSERT
2
SMOOTH_0$127
8
PART_TOP_2DLINE_01
10
-20.03
20
-0.15
0
ENDBLK
0
BLOCK
2
PART_BODY_TOP_69
8
0
10
0
20
0
3
PART_BODY_TOP_69
70
64
0
POLYLINE
8
PART_TOP_2DLINE_126
66
1
40
0.1524
41
0.1524
0
VERTEX
8
PART_TOP_2DLINE_126
10
-0.616
20
1.5
0
VERTEX
8
PART_TOP_2DLINE_126
10
2.4892
20
1.5
0
VERTEX
8
PART_TOP_2DLINE_126
10
2.4892
20
-1.4
0
VERTEX
8
PART_TOP_2DLINE_126
10
-0.664
20
-1.4
0
SEQEND
0
INSERT
2
SMOOTH_0$1524
8
PART_TOP_2DLINE_126
10
-0.616
20
1.5
0
INSERT
2
SMOOTH_0$1524
8
PART_TOP_2DLINE_126
10
2.4892
20
1.5
0
INSERT
2
SMOOTH_0$1524
8
PART_TOP_2DLINE_126
10
2.4892
20
-1.4
0
INSERT
2
SMOOTH_0$1524
8
PART_TOP_2DLINE_126
10
-0.664
20
-1.4
0
POLYLINE
8
PART_TOP_2DLINE_126
66
1
40
0.1524
41
0.1524
0
VERTEX
8
PART_TOP_2DLINE_126
10
-0.6096
20
-1.4
0
VERTEX
8
PART_TOP_2DLINE_126
10
-2.4892
20
-1.4
0
VERTEX
8
PART_TOP_2DLINE_126
10
-2.4892
20
1.5
0
VERTEX
8
PART_TOP_2DLINE_126
10
-0.6096
20
1.5
0
SEQEND
0
INSERT
2
SMOOTH_0$1524
8
PART_TOP_2DLINE_126
10
-0.6096
20
-1.4
0
INSERT
2
SMOOTH_0$1524
8
PART_TOP_2DLINE_126
10
-2.4892
20
-1.4
0
INSERT
2
SMOOTH_0$1524
8
PART_TOP_2DLINE_126
10
-2.4892
20
1.5
0
INSERT
2
SMOOTH_0$1524
8
PART_TOP_2DLINE_126
10
-0.6096
20
1.5
0
POLYLINE
8
PART_TOP_2DLINE_119
66
1
40
0.1524
41
0.1524
0
VERTEX
8
PART_TOP_2DLINE_119
10
0.6096
20
1.5
0
VERTEX
8
PART_TOP_2DLINE_119
10
2.4892
20
1.5
0
VERTEX
8
PART_TOP_2DLINE_119
10
2.4892
20
-1.4
0
VERTEX
8
PART_TOP_2DLINE_119
10
0.6096
20
-1.4
0
SEQEND
0
INSERT
2
SMOOTH_0$1524
8
PART_TOP_2DLINE_119
10
0.6096
20
1.5
0
INSERT
2
SMOOTH_0$1524
8
PART_TOP_2DLINE_119
10
2.4892
20
1.5
0
INSERT
2
SMOOTH_0$1524
8
PART_TOP_2DLINE_119
10
2.4892
20
-1.4
0
INSERT
2
SMOOTH_0$1524
8
PART_TOP_2DLINE_119
10
0.6096
20
-1.4
0
POLYLINE
8
PART_TOP_2DLINE_119
66
1
40
0.1524
41
0.1524
0
VERTEX
8
PART_TOP_2DLINE_119
10
-0.6096
20
-1.4
0
VERTEX
8
PART_TOP_2DLINE_119
10
-2.4892
20
-1.4
0
VERTEX
8
PART_TOP_2DLINE_119
10
-2.4892
20
1.5
0
VERTEX
8
PART_TOP_2DLINE_119
10
-0.6096
20
1.5
0
SEQEND
0
INSERT
2
SMOOTH_0$1524
8
PART_TOP_2DLINE_119
10
-0.6096
20
-1.4
0
INSERT
2
SMOOTH_0$1524
8
PART_TOP_2DLINE_119
10
-2.4892
20
-1.4
0
INSERT
2
SMOOTH_0$1524
8
PART_TOP_2DLINE_119
10
-2.4892
20
1.5
0
INSERT
2
SMOOTH_0$1524
8
PART_TOP_2DLINE_119
10
-0.6096
20
1.5
0
ENDBLK
0
BLOCK
2
STK_TOP_50
8
0
10
0
20
0
3
STK_TOP_50
70
64
0
INSERT
2
DRIL_HOLE_0
8
DRIL_PLTE_THRU_01
10
0
20
0
0
INSERT
2
DRIL_HOLE_0
8
DRIL_PLTE_THRU_02
10
0
20
0
0
INSERT
2
DRIL_HOLE_0
8
DRIL_PLTE_THRU_03
10
0
20
0
0
INSERT
2
DRIL_HOLE_0
8
DRIL_PLTE_THRU_04
10
0
20
0
0
INSERT
2
PAD_0
8
PADS_INNER
10
0
20
0
0
INSERT
2
PAD_0
8
PADS_BOT
10
0
20
0
0
INSERT
2
PAD_94
8
PADS_TOP
10
0
20
0
50
90
0
ENDBLK
999
*** POWERPCB  PCB PARAMETER ***
0
BLOCK
2
PCB_PARAMS
8
0
10
0
20
0
3
PCB_PARAMS
70
64
999
 *  1.Job name           2.Backupfile name       3.CursorType
999
 *  4.TearDropFlag       5.HighlighNetsFlag      6.HatchDisplayFlag
999
 *  7.PadsFlag           8.TracksFlag            9.ViasFlag
999
 * 10.CopperFlag        11.LinesFlag            12.TextFlag
999
 * 13.TopComponentFlag  14.BottomComponentFlag  16.ObjectSnapFlags
0
TEXT
8
PCB_PARAMS
10
0
20
-3.048
40
1.778
1
A:=3308SHAJIN_20200410.PCB <> 5 0 1 1 1 1 1 1 1 1 1 1 32 502 0
999
 *  1.RefDesHeight       2.RefDesWidth           3.DefaultWidth
999
 *  4.VGX                5.VGY                   6.OVR
999
 *  7.HatchGrid          8.ObjectSnapRadius
0
TEXT
8
PCB_PARAMS
10
0
20
-6.096
40
1.778
1
B:=2.54 0.254 0.1 0.05 0.05 0.0762 0.1 0.05
999
 *  1.ScaleFactor        2.NetAttributeFlags     3.BackupInterval
999
 *  4.WorkingLevel       5.HatchMode             6.HatchDirection
999
 *  7.ConnectionColor    8.BackgroundColor       9.ForegroundColor
999
 * 10.BoardOutlineColor
0
TEXT
8
PCB_PARAMS
10
0
20
-9.144
40
1.778
1
C:=2.9538857937 10002 5 1 0 0 0 0 15 15
999
 * MitreAngle0 - MitreAngle6
0
TEXT
8
PCB_PARAMS
10
0
20
-12.192
40
1.778
1
D:=324000000 324000000 324000000 324000000 324000000 324000000 324000000
999
 * Hatch & Keepout Parameters
0
TEXT
8
PCB_PARAMS
10
0
20
-15.24
40
1.778
1
E:=0.5 0 0 2.54 0 1
999
 * Fanout Parameters
0
TEXT
8
PCB_PARAMS
10
0
20
-18.288
40
1.778
1
F:=0.635 0.635 6.35 1 2 0 1 1 0 0 1 1 1 1
999
 * Pad Entry Parameters
0
TEXT
8
PCB_PARAMS
10
0
20
-21.336
40
1.778
1
P:= 1 1 1 1
999
 * DFF Parameters
0
TEXT
8
PCB_PARAMS
10
0
20
-24.384
40
1.778
1
Q:=89.9999 3967 114300 114300 114300 5 4 114300 114300 114300 114300 1 114300 1 114300 1 114300 0
0
ENDBLK
0
BLOCK
2
DRIL_SYMBOL_0
8
0
10
0
20
0
3
DRIL_SYMBOL_0
70
64
0
ENDBLK
0
BLOCK
2
DRIL_SYMBOL_0$8
8
0
10
0
20
0
3
DRIL_SYMBOL_0$8
70
64
0
POLYLINE
8
DRIL_SYMBOL
66
1
40
0.0508
41
0.0508
0
VERTEX
8
DRIL_SYMBOL
10
0
20
-0.254
0
VERTEX
8
DRIL_SYMBOL
10
0
20
0.254
0
SEQEND
0
POLYLINE
8
DRIL_SYMBOL
66
1
40
0.0508
41
0.0508
0
VERTEX
8
DRIL_SYMBOL
10
-0.254
20
0
0
VERTEX
8
DRIL_SYMBOL
10
0.254
20
0
0
SEQEND
0
ENDBLK
0
BLOCK
2
DRIL_SYMBOL_0$6
8
0
10
0
20
0
3
DRIL_SYMBOL_0$6
70
64
0
POLYLINE
8
DRIL_SYMBOL
66
1
40
0.0508
41
0.0508
0
VERTEX
8
DRIL_SYMBOL
10
0
20
-0.254
0
VERTEX
8
DRIL_SYMBOL
10
0
20
0.254
0
SEQEND
0
POLYLINE
8
DRIL_SYMBOL
66
1
40
0.0508
41
0.0508
0
VERTEX
8
DRIL_SYMBOL
10
-0.254
20
0
0
VERTEX
8
DRIL_SYMBOL
10
0.254
20
0
0
SEQEND
0
ENDBLK
0
BLOCK
2
DRIL_SYMBOL_0$65
8
0
10
0
20
0
3
DRIL_SYMBOL_0$65
70
64
0
POLYLINE
8
DRIL_SYMBOL
66
1
40
0.0508
41
0.0508
0
VERTEX
8
DRIL_SYMBOL
10
0
20
-0.254
0
VERTEX
8
DRIL_SYMBOL
10
0
20
0.254
0
SEQEND
0
POLYLINE
8
DRIL_SYMBOL
66
1
40
0.0508
41
0.0508
0
VERTEX
8
DRIL_SYMBOL
10
-0.254
20
0
0
VERTEX
8
DRIL_SYMBOL
10
0.254
20
0
0
SEQEND
0
ENDBLK
0
BLOCK
2
DRIL_SYMBOL_0$9
8
0
10
0
20
0
3
DRIL_SYMBOL_0$9
70
64
0
POLYLINE
8
DRIL_SYMBOL
66
1
40
0.0508
41
0.0508
0
VERTEX
8
DRIL_SYMBOL
10
0
20
-0.254
0
VERTEX
8
DRIL_SYMBOL
10
0
20
0.254
0
SEQEND
0
POLYLINE
8
DRIL_SYMBOL
66
1
40
0.0508
41
0.0508
0
VERTEX
8
DRIL_SYMBOL
10
-0.254
20
0
0
VERTEX
8
DRIL_SYMBOL
10
0.254
20
0
0
SEQEND
0
ENDBLK
0
BLOCK
2
DRIL_SYMBOL_0$7874
8
0
10
0
20
0
3
DRIL_SYMBOL_0$7874
70
64
0
POLYLINE
8
DRIL_SYMBOL
66
1
40
0.0508
41
0.0508
0
VERTEX
8
DRIL_SYMBOL
10
0
20
-0.254
0
VERTEX
8
DRIL_SYMBOL
10
0
20
0.254
0
SEQEND
0
POLYLINE
8
DRIL_SYMBOL
66
1
40
0.0508
41
0.0508
0
VERTEX
8
DRIL_SYMBOL
10
-0.254
20
0
0
VERTEX
8
DRIL_SYMBOL
10
0.254
20
0
0
SEQEND
0
ENDBLK
0
BLOCK
2
DRIL_SYMBOL_2$3
8
0
10
0
20
0
3
DRIL_SYMBOL_2$3
70
64
0
POLYLINE
8
DRIL_SYMBOL
66
1
40
0.0508
41
0.0508
0
VERTEX
8
DRIL_SYMBOL
10
0
20
-0.254
0
VERTEX
8
DRIL_SYMBOL
10
0
20
0.254
0
SEQEND
0
POLYLINE
8
DRIL_SYMBOL
66
1
40
0.0508
41
0.0508
0
VERTEX
8
DRIL_SYMBOL
10
-0.254
20
0
0
VERTEX
8
DRIL_SYMBOL
10
0.254
20
0
0
SEQEND
0
ENDBLK
0
BLOCK
2
DRIL_SYMBOL_2$286
8
0
10
0
20
0
3
DRIL_SYMBOL_2$286
70
64
0
POLYLINE
8
DRIL_SYMBOL
66
1
40
0.0508
41
0.0508
0
VERTEX
8
DRIL_SYMBOL
10
0
20
-0.254
0
VERTEX
8
DRIL_SYMBOL
10
0
20
0.254
0
SEQEND
0
POLYLINE
8
DRIL_SYMBOL
66
1
40
0.0508
41
0.0508
0
VERTEX
8
DRIL_SYMBOL
10
-0.254
20
0
0
VERTEX
8
DRIL_SYMBOL
10
0.254
20
0
0
SEQEND
0
ENDBLK
0
BLOCK
2
DRIL_SYMBOL_3$8
8
0
10
0
20
0
3
DRIL_SYMBOL_3$8
70
64
0
POLYLINE
8
DRIL_SYMBOL
66
1
40
0.0508
41
0.0508
0
VERTEX
8
DRIL_SYMBOL
10
0
20
-0.254
0
VERTEX
8
DRIL_SYMBOL
10
0
20
0.254
0
SEQEND
0
POLYLINE
8
DRIL_SYMBOL
66
1
40
0.0508
41
0.0508
0
VERTEX
8
DRIL_SYMBOL
10
-0.254
20
0
0
VERTEX
8
DRIL_SYMBOL
10
0.254
20
0
0
SEQEND
0
ENDBLK
0
BLOCK
2
DRIL_SYMBOL_1$7999986667
8
0
10
0
20
0
3
DRIL_SYMBOL_1$7999986667
70
64
0
POLYLINE
8
DRIL_SYMBOL
66
1
40
0.0508
41
0.0508
0
VERTEX
8
DRIL_SYMBOL
10
0
20
-0.254
0
VERTEX
8
DRIL_SYMBOL
10
0
20
0.254
0
SEQEND
0
POLYLINE
8
DRIL_SYMBOL
66
1
40
0.0508
41
0.0508
0
VERTEX
8
DRIL_SYMBOL
10
-0.254
20
0
0
VERTEX
8
DRIL_SYMBOL
10
0.254
20
0
0
SEQEND
0
ENDBLK
0
BLOCK
2
DRIL_SYMBOL_0$7112
8
0
10
0
20
0
3
DRIL_SYMBOL_0$7112
70
64
0
POLYLINE
8
DRIL_SYMBOL
66
1
40
0.0508
41
0.0508
0
VERTEX
8
DRIL_SYMBOL
10
0
20
-0.254
0
VERTEX
8
DRIL_SYMBOL
10
0
20
0.254
0
SEQEND
0
POLYLINE
8
DRIL_SYMBOL
66
1
40
0.0508
41
0.0508
0
VERTEX
8
DRIL_SYMBOL
10
-0.254
20
0
0
VERTEX
8
DRIL_SYMBOL
10
0.254
20
0
0
SEQEND
0
ENDBLK
0
BLOCK
2
DRIL_SYMBOL_1$016
8
0
10
0
20
0
3
DRIL_SYMBOL_1$016
70
64
0
POLYLINE
8
DRIL_SYMBOL
66
1
40
0.0508
41
0.0508
0
VERTEX
8
DRIL_SYMBOL
10
0
20
-0.254
0
VERTEX
8
DRIL_SYMBOL
10
0
20
0.254
0
SEQEND
0
POLYLINE
8
DRIL_SYMBOL
66
1
40
0.0508
41
0.0508
0
VERTEX
8
DRIL_SYMBOL
10
-0.254
20
0
0
VERTEX
8
DRIL_SYMBOL
10
0.254
20
0
0
SEQEND
0
ENDBLK
0
BLOCK
2
DRIL_SYMBOL_1$3
8
0
10
0
20
0
3
DRIL_SYMBOL_1$3
70
64
0
POLYLINE
8
DRIL_SYMBOL
66
1
40
0.0508
41
0.0508
0
VERTEX
8
DRIL_SYMBOL
10
0
20
-0.254
0
VERTEX
8
DRIL_SYMBOL
10
0
20
0.254
0
SEQEND
0
POLYLINE
8
DRIL_SYMBOL
66
1
40
0.0508
41
0.0508
0
VERTEX
8
DRIL_SYMBOL
10
-0.254
20
0
0
VERTEX
8
DRIL_SYMBOL
10
0.254
20
0
0
SEQEND
0
ENDBLK
0
BLOCK
2
DRIL_SYMBOL_3$5
8
0
10
0
20
0
3
DRIL_SYMBOL_3$5
70
64
0
POLYLINE
8
DRIL_SYMBOL
66
1
40
0.0508
41
0.0508
0
VERTEX
8
DRIL_SYMBOL
10
0
20
-0.254
0
VERTEX
8
DRIL_SYMBOL
10
0
20
0.254
0
SEQEND
0
POLYLINE
8
DRIL_SYMBOL
66
1
40
0.0508
41
0.0508
0
VERTEX
8
DRIL_SYMBOL
10
-0.254
20
0
0
VERTEX
8
DRIL_SYMBOL
10
0.254
20
0
0
SEQEND
0
ENDBLK
0
BLOCK
2
DRIL_SYMBOL_1$1
8
0
10
0
20
0
3
DRIL_SYMBOL_1$1
70
64
0
POLYLINE
8
DRIL_SYMBOL
66
1
40
0.0508
41
0.0508
0
VERTEX
8
DRIL_SYMBOL
10
0
20
-0.254
0
VERTEX
8
DRIL_SYMBOL
10
0
20
0.254
0
SEQEND
0
POLYLINE
8
DRIL_SYMBOL
66
1
40
0.0508
41
0.0508
0
VERTEX
8
DRIL_SYMBOL
10
-0.254
20
0
0
VERTEX
8
DRIL_SYMBOL
10
0.254
20
0
0
SEQEND
0
ENDBLK
0
BLOCK
2
DRIL_SYMBOL_1$4
8
0
10
0
20
0
3
DRIL_SYMBOL_1$4
70
64
0
POLYLINE
8
DRIL_SYMBOL
66
1
40
0.0508
41
0.0508
0
VERTEX
8
DRIL_SYMBOL
10
0
20
-0.254
0
VERTEX
8
DRIL_SYMBOL
10
0
20
0.254
0
SEQEND
0
POLYLINE
8
DRIL_SYMBOL
66
1
40
0.0508
41
0.0508
0
VERTEX
8
DRIL_SYMBOL
10
-0.254
20
0
0
VERTEX
8
DRIL_SYMBOL
10
0.254
20
0
0
SEQEND
0
ENDBLK
999
*** POWERPCB  SMOOTH CIRCLE ***
0
BLOCK
2
SMOOTH_0$1
8
0
10
0
20
0
3
SMOOTH_0$1
70
64
0
POLYLINE
8
0
66
1
40
0.05
41
0.05
70
1
0
VERTEX
8
0
10
-0.025
20
0
42
1
0
VERTEX
8
0
10
0.025
20
0
42
1
0
SEQEND
0
ENDBLK
0
BLOCK
2
SMOOTH_0$254
8
0
10
0
20
0
3
SMOOTH_0$254
70
64
0
POLYLINE
8
0
66
1
40
0.127
41
0.127
70
1
0
VERTEX
8
0
10
-0.0635
20
0
42
1
0
VERTEX
8
0
10
0.0635
20
0
42
1
0
SEQEND
0
ENDBLK
0
BLOCK
2
SMOOTH_0$199898
8
0
10
0
20
0
3
SMOOTH_0$199898
70
64
0
POLYLINE
8
0
66
1
40
0.0999486667
41
0.0999486667
70
1
0
VERTEX
8
0
10
-0.049974
20
0
42
1
0
VERTEX
8
0
10
0.049974
20
0
42
1
0
SEQEND
0
ENDBLK
0
BLOCK
2
SMOOTH_0$2
8
0
10
0
20
0
3
SMOOTH_0$2
70
64
0
POLYLINE
8
0
66
1
40
0.1
41
0.1
70
1
0
VERTEX
8
0
10
-0.05
20
0
42
1
0
VERTEX
8
0
10
0.05
20
0
42
1
0
SEQEND
0
ENDBLK
0
BLOCK
2
SMOOTH_0$1524
8
0
10
0
20
0
3
SMOOTH_0$1524
70
64
0
POLYLINE
8
0
66
1
40
0.0762
41
0.0762
70
1
0
VERTEX
8
0
10
-0.0381
20
0
42
1
0
VERTEX
8
0
10
0.0381
20
0
42
1
0
SEQEND
0
ENDBLK
0
BLOCK
2
SMOOTH_0$0254
8
0
10
0
20
0
3
SMOOTH_0$0254
70
64
0
POLYLINE
8
0
66
1
40
0.0127
41
0.0127
70
1
0
VERTEX
8
0
10
-0.00635
20
0
42
1
0
VERTEX
8
0
10
0.00635
20
0
42
1
0
SEQEND
0
ENDBLK
0
BLOCK
2
SMOOTH_0$0508
8
0
10
0
20
0
3
SMOOTH_0$0508
70
64
0
POLYLINE
8
0
66
1
40
0.0254
41
0.0254
70
1
0
VERTEX
8
0
10
-0.0127
20
0
42
1
0
VERTEX
8
0
10
0.0127
20
0
42
1
0
SEQEND
0
ENDBLK
0
BLOCK
2
SMOOTH_0$127
8
0
10
0
20
0
3
SMOOTH_0$127
70
64
0
POLYLINE
8
0
66
1
40
0.0635
41
0.0635
70
1
0
VERTEX
8
0
10
-0.03175
20
0
42
1
0
VERTEX
8
0
10
0.03175
20
0
42
1
0
SEQEND
0
ENDBLK
0
BLOCK
2
SMOOTH_0$2032
8
0
10
0
20
0
3
SMOOTH_0$2032
70
64
0
POLYLINE
8
0
66
1
40
0.1016
41
0.1016
70
1
0
VERTEX
8
0
10
-0.0508
20
0
42
1
0
VERTEX
8
0
10
0.0508
20
0
42
1
0
SEQEND
0
ENDBLK
0
BLOCK
2
SMOOTH_0$10008
8
0
10
0
20
0
3
SMOOTH_0$10008
70
64
0
POLYLINE
8
0
66
1
40
0.05004
41
0.05004
70
1
0
VERTEX
8
0
10
-0.02502
20
0
42
1
0
VERTEX
8
0
10
0.02502
20
0
42
1
0
SEQEND
0
ENDBLK
0
BLOCK
2
SMOOTH_0$100076
8
0
10
0
20
0
3
SMOOTH_0$100076
70
64
0
POLYLINE
8
0
66
1
40
0.050038
41
0.050038
70
1
0
VERTEX
8
0
10
-0.0250186667
20
0
42
1
0
VERTEX
8
0
10
0.0250186667
20
0
42
1
0
SEQEND
0
ENDBLK
0
BLOCK
2
SMOOTH_0$1999
8
0
10
0
20
0
3
SMOOTH_0$1999
70
64
0
POLYLINE
8
0
66
1
40
0.09995
41
0.09995
70
1
0
VERTEX
8
0
10
-0.0499746667
20
0
42
1
0
VERTEX
8
0
10
0.0499746667
20
0
42
1
0
SEQEND
0
ENDBLK
0
BLOCK
2
SMOOTH_0$3048
8
0
10
0
20
0
3
SMOOTH_0$3048
70
64
0
POLYLINE
8
0
66
1
40
0.1524
41
0.1524
70
1
0
VERTEX
8
0
10
-0.0762
20
0
42
1
0
VERTEX
8
0
10
0.0762
20
0
42
1
0
SEQEND
0
ENDBLK
0
BLOCK
2
SMOOTH_0$0127
8
0
10
0
20
0
3
SMOOTH_0$0127
70
64
0
POLYLINE
8
0
66
1
40
0.00635
41
0.00635
70
1
0
VERTEX
8
0
10
-0.0031746667
20
0
42
1
0
VERTEX
8
0
10
0.0031746667
20
0
42
1
0
SEQEND
0
ENDBLK
0
BLOCK
2
PAD_0
8
0
10
0
20
0
3
PAD_0
70
64
0
POLYLINE
8
0
70
1
66
1
0
VERTEX
8
0
10
0
20
0
42
1
0
VERTEX
8
0
10
0
20
0
42
1
0
SEQEND
0
ENDBLK
0
BLOCK
2
PAD_1
8
0
10
0
20
0
3
PAD_1
70
64
0
POLYLINE
8
0
66
1
40
1.15
41
1.15
0
VERTEX
8
0
10
-0.6999993333
20
0
0
VERTEX
8
0
10
0.6999993333
20
0
0
SEQEND
0
ENDBLK
0
BLOCK
2
PAD_2
8
0
10
0
20
0
3
PAD_2
70
64
0
POLYLINE
8
0
66
1
40
0.9
41
0.9
0
VERTEX
8
0
10
-0.65
20
0
0
VERTEX
8
0
10
0.65
20
0
0
SEQEND
0
ENDBLK
0
BLOCK
2
PAD_3
8
0
10
0
20
0
3
PAD_3
70
64
0
POLYLINE
8
0
66
1
40
0.8
41
0.8
0
VERTEX
8
0
10
-0.5
20
0
0
VERTEX
8
0
10
0.5
20
0
0
SEQEND
0
ENDBLK
0
BLOCK
2
PAD_4
8
0
10
0
20
0
3
PAD_4
70
64
0
POLYLINE
8
0
66
1
40
0.999998
41
0.999998
0
VERTEX
8
0
10
-0.899998
20
0
0
VERTEX
8
0
10
0.899998
20
0
0
SEQEND
0
ENDBLK
0
BLOCK
2
PAD_5
8
0
10
0
20
0
3
PAD_5
70
64
0
POLYLINE
8
0
66
1
40
0.5
41
0.5
0
VERTEX
8
0
10
-0.25
20
0
0
VERTEX
8
0
10
0.25
20
0
0
SEQEND
0
ENDBLK
0
BLOCK
2
PAD_6
8
0
10
0
20
0
3
PAD_6
70
64
0
POLYLINE
8
0
66
1
40
0.7
41
0.7
0
VERTEX
8
0
10
-0.45
20
0
0
VERTEX
8
0
10
0.45
20
0
0
SEQEND
0
ENDBLK
0
BLOCK
2
PAD_7
8
0
10
0
20
0
3
PAD_7
70
64
0
POLYLINE
8
0
66
1
40
1.1
41
1.1
0
VERTEX
8
0
10
-0.55
20
0
0
VERTEX
8
0
10
0.55
20
0
0
SEQEND
0
ENDBLK
0
BLOCK
2
PAD_8
8
0
10
0
20
0
3
PAD_8
70
64
0
POLYLINE
8
0
66
1
40
1.4
41
1.4
0
VERTEX
8
0
10
-0.7
20
0
0
VERTEX
8
0
10
0.7
20
0
0
SEQEND
0
ENDBLK
0
BLOCK
2
PAD_9
8
0
10
0
20
0
3
PAD_9
70
64
0
POLYLINE
8
0
70
1
66
1
40
0.55
41
0.55
0
VERTEX
8
0
10
0
20
-0.275
42
1
0
VERTEX
8
0
10
0
20
0.275
42
1
0
SEQEND
0
ENDBLK
0
BLOCK
2
PAD_10
8
0
10
0
20
0
3
PAD_10
70
64
0
POLYLINE
8
0
70
1
66
1
40
0.7
41
0.7
0
VERTEX
8
0
10
0
20
-0.35
42
1
0
VERTEX
8
0
10
0
20
0.35
42
1
0
SEQEND
0
ENDBLK
0
BLOCK
2
PAD_11
8
0
10
0
20
0
3
PAD_11
70
64
0
POLYLINE
8
0
66
1
40
0.9100006667
41
0.9100006667
0
VERTEX
8
0
10
-0.61
20
0
0
VERTEX
8
0
10
0.61
20
0
0
SEQEND
0
ENDBLK
0
BLOCK
2
PAD_12
8
0
10
0
20
0
3
PAD_12
70
64
0
POLYLINE
8
0
66
1
40
0.5
41
0.5
0
VERTEX
8
0
10
-0.25
20
0
0
VERTEX
8
0
10
0.25
20
0
0
SEQEND
0
ENDBLK
0
BLOCK
2
PAD_13
8
0
10
0
20
0
3
PAD_13
70
64
0
POLYLINE
8
0
66
1
40
0.635
41
0.635
0
VERTEX
8
0
10
-0.3175
20
0
0
VERTEX
8
0
10
0.3175
20
0
0
SEQEND
0
ENDBLK
0
BLOCK
2
PAD_14
8
0
10
0
20
0
3
PAD_14
70
64
0
POLYLINE
8
0
70
1
66
1
40
0.127
41
0.127
0
VERTEX
8
0
10
-0.889
20
-0.0635
0
VERTEX
8
0
10
0.889
20
-0.0635
42
1
0
VERTEX
8
0
10
0.889
20
0.0635
0
VERTEX
8
0
10
-0.889
20
0.0635
42
1
0
SEQEND
0
ENDBLK
0
BLOCK
2
PAD_15
8
0
10
0
20
0
3
PAD_15
70
64
0
POLYLINE
8
0
66
1
40
1.524
41
1.524
0
VERTEX
8
0
10
-1.016
20
0
0
VERTEX
8
0
10
1.016
20
0
0
SEQEND
0
ENDBLK
0
BLOCK
2
PAD_16
8
0
10
0
20
0
3
PAD_16
70
64
0
POLYLINE
8
0
66
1
40
2
41
2
0
VERTEX
8
0
10
-1.5
20
0
0
VERTEX
8
0
10
1.5
20
0
0
SEQEND
0
ENDBLK
0
BLOCK
2
PAD_17
8
0
10
0
20
0
3
PAD_17
70
64
0
POLYLINE
8
0
70
1
66
1
40
0.35
41
0.35
0
VERTEX
8
0
10
-0.4
20
-0.175
0
VERTEX
8
0
10
0.4
20
-0.175
42
1
0
VERTEX
8
0
10
0.4
20
0.175
0
VERTEX
8
0
10
-0.4
20
0.175
42
1
0
SEQEND
0
ENDBLK
0
BLOCK
2
PAD_18
8
0
10
0
20
0
3
PAD_18
70
64
0
POLYLINE
8
0
70
1
66
1
40
0.5
41
0.5
0
VERTEX
8
0
10
-0.45
20
-0.25
0
VERTEX
8
0
10
0.45
20
-0.25
42
1
0
VERTEX
8
0
10
0.45
20
0.25
0
VERTEX
8
0
10
-0.45
20
0.25
42
1
0
SEQEND
0
ENDBLK
0
BLOCK
2
PAD_19
8
0
10
0
20
0
3
PAD_19
70
64
0
POLYLINE
8
0
70
1
66
1
40
0.35
41
0.35
0
VERTEX
8
0
10
-0.55
20
-0.175
0
VERTEX
8
0
10
0.55
20
-0.175
42
1
0
VERTEX
8
0
10
0.55
20
0.175
0
VERTEX
8
0
10
-0.55
20
0.175
42
1
0
SEQEND
0
ENDBLK
0
BLOCK
2
PAD_20
8
0
10
0
20
0
3
PAD_20
70
64
0
POLYLINE
8
0
70
1
66
1
40
0.5
41
0.5
0
VERTEX
8
0
10
-0.55
20
-0.25
0
VERTEX
8
0
10
0.55
20
-0.25
42
1
0
VERTEX
8
0
10
0.55
20
0.25
0
VERTEX
8
0
10
-0.55
20
0.25
42
1
0
SEQEND
0
ENDBLK
0
BLOCK
2
PAD_21
8
0
10
0
20
0
3
PAD_21
70
64
0
POLYLINE
8
0
70
1
66
1
40
0.35
41
0.35
0
VERTEX
8
0
10
-0.6
20
-0.175
0
VERTEX
8
0
10
0.6
20
-0.175
42
1
0
VERTEX
8
0
10
0.6
20
0.175
0
VERTEX
8
0
10
-0.6
20
0.175
42
1
0
SEQEND
0
ENDBLK
0
BLOCK
2
PAD_22
8
0
10
0
20
0
3
PAD_22
70
64
0
POLYLINE
8
0
70
1
66
1
40
0.325
41
0.325
0
VERTEX
8
0
10
0
20
-0.1625
42
1
0
VERTEX
8
0
10
0
20
0.1625
42
1
0
SEQEND
0
ENDBLK
0
BLOCK
2
PAD_23
8
0
10
0
20
0
3
PAD_23
70
64
0
POLYLINE
8
0
66
1
40
0.6
41
0.6
0
VERTEX
8
0
10
-0.575
20
0
0
VERTEX
8
0
10
0.575
20
0
0
SEQEND
0
ENDBLK
0
BLOCK
2
PAD_24
8
0
10
0
20
0
3
PAD_24
70
64
0
POLYLINE
8
0
66
1
40
0.3
41
0.3
0
VERTEX
8
0
10
-0.575
20
0
0
VERTEX
8
0
10
0.575
20
0
0
SEQEND
0
ENDBLK
0
BLOCK
2
PAD_25
8
0
10
0
20
0
3
PAD_25
70
64
0
POLYLINE
8
0
66
1
40
0.3
41
0.3
0
VERTEX
8
0
10
-0.65
20
0
0
VERTEX
8
0
10
0.65
20
0
0
SEQEND
0
ENDBLK
0
BLOCK
2
PAD_26
8
0
10
0
20
0
3
PAD_26
70
64
0
POLYLINE
8
0
66
1
40
1.4
41
1.4
0
VERTEX
8
0
10
-0.9
20
0
0
VERTEX
8
0
10
0.9
20
0
0
SEQEND
0
ENDBLK
0
BLOCK
2
PAD_27
8
0
10
0
20
0
3
PAD_27
70
64
0
POLYLINE
8
0
66
1
40
0.699998
41
0.699998
0
VERTEX
8
0
10
-0.799998
20
0
0
VERTEX
8
0
10
0.799998
20
0
0
SEQEND
0
ENDBLK
0
BLOCK
2
PAD_28
8
0
10
0
20
0
3
PAD_28
70
64
0
POLYLINE
8
0
66
1
40
1.3999966667
41
1.3999966667
0
VERTEX
8
0
10
-0.799998
20
0
0
VERTEX
8
0
10
0.799998
20
0
0
SEQEND
0
ENDBLK
0
BLOCK
2
PAD_29
8
0
10
0
20
0
3
PAD_29
70
64
0
POLYLINE
8
0
66
1
40
1.1999973333
41
1.1999973333
0
VERTEX
8
0
10
-1.0999973333
20
0
0
VERTEX
8
0
10
1.0999973333
20
0
0
SEQEND
0
ENDBLK
0
BLOCK
2
PAD_30
8
0
10
0
20
0
3
PAD_30
70
64
0
POLYLINE
8
0
70
1
66
1
40
0.45
41
0.45
0
VERTEX
8
0
10
0
20
-0.225
42
1
0
VERTEX
8
0
10
0
20
0.225
42
1
0
SEQEND
0
ENDBLK
0
BLOCK
2
PAD_31
8
0
10
0
20
0
3
PAD_31
70
64
0
POLYLINE
8
0
70
1
66
1
40
0.6
41
0.6
0
VERTEX
8
0
10
-0.65
20
-0.3
0
VERTEX
8
0
10
0.65
20
-0.3
42
1
0
VERTEX
8
0
10
0.65
20
0.3
0
VERTEX
8
0
10
-0.65
20
0.3
42
1
0
SEQEND
0
ENDBLK
0
BLOCK
2
PAD_32
8
0
10
0
20
0
3
PAD_32
70
64
0
POLYLINE
8
0
70
1
66
1
40
0.75
41
0.75
0
VERTEX
8
0
10
-0.65
20
-0.375
0
VERTEX
8
0
10
0.65
20
-0.375
42
1
0
VERTEX
8
0
10
0.65
20
0.375
0
VERTEX
8
0
10
-0.65
20
0.375
42
1
0
SEQEND
0
ENDBLK
0
BLOCK
2
PAD_33
8
0
10
0
20
0
3
PAD_33
70
64
0
POLYLINE
8
0
70
1
66
1
40
0.5
41
0.5
0
VERTEX
8
0
10
-0.75
20
-0.25
0
VERTEX
8
0
10
0.75
20
-0.25
42
1
0
VERTEX
8
0
10
0.75
20
0.25
0
VERTEX
8
0
10
-0.75
20
0.25
42
1
0
SEQEND
0
ENDBLK
0
BLOCK
2
PAD_34
8
0
10
0
20
0
3
PAD_34
70
64
0
POLYLINE
8
0
70
1
66
1
40
0.6
41
0.6
0
VERTEX
8
0
10
-0.8
20
-0.3
0
VERTEX
8
0
10
0.8
20
-0.3
42
1
0
VERTEX
8
0
10
0.8
20
0.3
0
VERTEX
8
0
10
-0.8
20
0.3
42
1
0
SEQEND
0
ENDBLK
0
BLOCK
2
PAD_35
8
0
10
0
20
0
3
PAD_35
70
64
0
POLYLINE
8
0
66
1
40
0.6
41
0.6
0
VERTEX
8
0
10
-0.9
20
0
0
VERTEX
8
0
10
0.9
20
0
0
SEQEND
0
ENDBLK
0
BLOCK
2
PAD_36
8
0
10
0
20
0
3
PAD_36
70
64
0
POLYLINE
8
0
66
1
40
2.1
41
2.1
0
VERTEX
8
0
10
-1.5
20
0
0
VERTEX
8
0
10
1.5
20
0
0
SEQEND
0
ENDBLK
0
BLOCK
2
PAD_37
8
0
10
0
20
0
3
PAD_37
70
64
0
POLYLINE
8
0
70
1
66
1
40
0.65
41
0.65
0
VERTEX
8
0
10
0
20
-0.325
42
1
0
VERTEX
8
0
10
0
20
0.325
42
1
0
SEQEND
0
ENDBLK
0
BLOCK
2
PAD_38
8
0
10
0
20
0
3
PAD_38
70
64
0
POLYLINE
8
0
70
1
66
1
40
1.25
41
1.25
0
VERTEX
8
0
10
0
20
-0.625
42
1
0
VERTEX
8
0
10
0
20
0.625
42
1
0
SEQEND
0
ENDBLK
0
BLOCK
2
PAD_39
8
0
10
0
20
0
3
PAD_39
70
64
0
POLYLINE
8
0
70
1
66
1
40
1.524
41
1.524
0
VERTEX
8
0
10
0
20
-0.762
42
1
0
VERTEX
8
0
10
0
20
0.762
42
1
0
SEQEND
0
ENDBLK
0
BLOCK
2
PAD_40
8
0
10
0
20
0
3
PAD_40
70
64
0
POLYLINE
8
0
70
1
66
1
40
1.9
41
1.9
0
VERTEX
8
0
10
0
20
-0.95
42
1
0
VERTEX
8
0
10
0
20
0.95
42
1
0
SEQEND
0
ENDBLK
0
BLOCK
2
PAD_41
8
0
10
0
20
0
3
PAD_41
70
64
0
POLYLINE
8
0
66
1
40
2.2000006667
41
2.2000006667
0
VERTEX
8
0
10
-1.1
20
0
0
VERTEX
8
0
10
1.1
20
0
0
SEQEND
0
ENDBLK
0
BLOCK
2
PAD_42
8
0
10
0
20
0
3
PAD_42
70
64
0
POLYLINE
8
0
66
1
40
1.5748
41
1.5748
0
VERTEX
8
0
10
-0.7874
20
0
0
VERTEX
8
0
10
0.7874
20
0
0
SEQEND
0
ENDBLK
0
BLOCK
2
PAD_43
8
0
10
0
20
0
3
PAD_43
70
64
0
POLYLINE
8
0
70
1
66
1
40
0.7874
41
0.7874
0
VERTEX
8
0
10
0
20
-0.3937
42
1
0
VERTEX
8
0
10
0
20
0.3937
42
1
0
SEQEND
0
ENDBLK
0
BLOCK
2
PAD_44
8
0
10
0
20
0
3
PAD_44
70
64
0
POLYLINE
8
0
66
1
40
1.15
41
1.15
0
VERTEX
8
0
10
-2
20
0
0
VERTEX
8
0
10
2
20
0
0
SEQEND
0
ENDBLK
0
BLOCK
2
PAD_45
8
0
10
0
20
0
3
PAD_45
70
64
0
POLYLINE
8
0
66
1
40
2.2
41
2.2
0
VERTEX
8
0
10
-1.75
20
0
0
VERTEX
8
0
10
1.75
20
0
0
SEQEND
0
ENDBLK
0
BLOCK
2
PAD_46
8
0
10
0
20
0
3
PAD_46
70
64
0
POLYLINE
8
0
66
1
40
0.6
41
0.6
0
VERTEX
8
0
10
-1
20
0
0
VERTEX
8
0
10
1
20
0
0
SEQEND
0
ENDBLK
0
BLOCK
2
PAD_47
8
0
10
0
20
0
3
PAD_47
70
64
0
POLYLINE
8
0
66
1
40
0.8
41
0.8
0
VERTEX
8
0
10
-0.4
20
0
0
VERTEX
8
0
10
0.4
20
0
0
SEQEND
0
ENDBLK
0
BLOCK
2
PAD_48
8
0
10
0
20
0
3
PAD_48
70
64
0
POLYLINE
8
0
66
1
0
VERTEX
8
0
10
0
20
0
0
VERTEX
8
0
10
0
20
0
0
SEQEND
0
ENDBLK
0
BLOCK
2
PAD_49
8
0
10
0
20
0
3
PAD_49
70
64
0
POLYLINE
8
0
66
1
40
1
41
1
0
VERTEX
8
0
10
-0.6999993333
20
0
0
VERTEX
8
0
10
0.6999993333
20
0
0
SEQEND
0
ENDBLK
0
BLOCK
2
PAD_50
8
0
10
0
20
0
3
PAD_50
70
64
0
POLYLINE
8
0
66
1
40
1
41
1
0
VERTEX
8
0
10
-0.8
20
0
0
VERTEX
8
0
10
0.8
20
0
0
SEQEND
0
ENDBLK
0
BLOCK
2
PAD_51
8
0
10
0
20
0
3
PAD_51
70
64
0
POLYLINE
8
0
66
1
40
0.7
41
0.7
0
VERTEX
8
0
10
-0.7
20
0
0
VERTEX
8
0
10
0.7
20
0
0
SEQEND
0
ENDBLK
0
BLOCK
2
PAD_52
8
0
10
0
20
0
3
PAD_52
70
64
0
POLYLINE
8
0
66
1
40
1.5
41
1.5
0
VERTEX
8
0
10
-1.5
20
0
0
VERTEX
8
0
10
1.5
20
0
0
SEQEND
0
ENDBLK
0
BLOCK
2
PAD_53
8
0
10
0
20
0
3
PAD_53
70
64
0
POLYLINE
8
0
70
1
66
1
40
0.15
41
0.15
0
VERTEX
8
0
10
0
20
-0.075
42
1
0
VERTEX
8
0
10
0
20
0.075
42
1
0
SEQEND
0
ENDBLK
0
BLOCK
2
PAD_54
8
0
10
0
20
0
3
PAD_54
70
64
0
POLYLINE
8
0
70
1
66
1
40
0.1
41
0.1
0
VERTEX
8
0
10
-0.05
20
-0.05
0
VERTEX
8
0
10
0.05
20
-0.05
42
1
0
VERTEX
8
0
10
0.05
20
0.05
0
VERTEX
8
0
10
-0.05
20
0.05
42
1
0
SEQEND
0
ENDBLK
0
BLOCK
2
PAD_55
8
0
10
0
20
0
3
PAD_55
70
64
0
POLYLINE
8
0
66
1
40
0.6499986667
41
0.6499986667
0
VERTEX
8
0
10
-0.53
20
0
0
VERTEX
8
0
10
0.53
20
0
0
SEQEND
0
ENDBLK
0
BLOCK
2
PAD_56
8
0
10
0
20
0
3
PAD_56
70
64
0
POLYLINE
8
0
70
1
66
1
40
0.1651
41
0.1651
0
VERTEX
8
0
10
-0.7239
20
-0.08255
0
VERTEX
8
0
10
0.7239
20
-0.08255
42
1
0
VERTEX
8
0
10
0.7239
20
0.08255
0
VERTEX
8
0
10
-0.7239
20
0.08255
42
1
0
SEQEND
0
ENDBLK
0
BLOCK
2
PAD_57
8
0
10
0
20
0
3
PAD_57
70
64
0
POLYLINE
8
0
70
1
66
1
40
0.2999993333
41
0.2999993333
0
VERTEX
8
0
10
-0.2499993333
20
-0.1499993333
0
VERTEX
8
0
10
0.2499993333
20
-0.1499993333
42
1
0
VERTEX
8
0
10
0.2499993333
20
0.1499993333
0
VERTEX
8
0
10
-0.2499993333
20
0.1499993333
42
1
0
SEQEND
0
ENDBLK
0
BLOCK
2
PAD_58
8
0
10
0
20
0
3
PAD_58
70
64
0
POLYLINE
8
0
66
1
40
0.5999986667
41
0.5999986667
0
VERTEX
8
0
10
-0.5499986667
20
0
0
VERTEX
8
0
10
0.5499986667
20
0
0
SEQEND
0
ENDBLK
0
BLOCK
2
PAD_59
8
0
10
0
20
0
3
PAD_59
70
64
0
POLYLINE
8
0
66
1
40
0.3
41
0.3
0
VERTEX
8
0
10
-0.775
20
0
0
VERTEX
8
0
10
0.775
20
0
0
SEQEND
0
ENDBLK
0
BLOCK
2
PAD_60
8
0
10
0
20
0
3
PAD_60
70
64
0
POLYLINE
8
0
66
1
40
0.25
41
0.25
0
VERTEX
8
0
10
-0.75
20
0
0
VERTEX
8
0
10
0.75
20
0
0
SEQEND
0
ENDBLK
0
BLOCK
2
PAD_61
8
0
10
0
20
0
3
PAD_61
70
64
0
POLYLINE
8
0
66
1
40
0.3
41
0.3
0
VERTEX
8
0
10
-0.375
20
0
0
VERTEX
8
0
10
0.375
20
0
0
SEQEND
0
ENDBLK
0
BLOCK
2
PAD_62
8
0
10
0
20
0
3
PAD_62
70
64
0
POLYLINE
8
0
66
1
40
0.25
41
0.25
0
VERTEX
8
0
10
-0.35
20
0
0
VERTEX
8
0
10
0.35
20
0
0
SEQEND
0
ENDBLK
0
BLOCK
2
PAD_63
8
0
10
0
20
0
3
PAD_63
70
64
0
POLYLINE
8
0
66
1
40
0.4
41
0.4
0
VERTEX
8
0
10
-0.3
20
0
0
VERTEX
8
0
10
0.3
20
0
0
SEQEND
0
ENDBLK
0
BLOCK
2
PAD_64
8
0
10
0
20
0
3
PAD_64
70
64
0
POLYLINE
8
0
66
1
40
0.299974
41
0.299974
0
VERTEX
8
0
10
-0.40005
20
0
0
VERTEX
8
0
10
0.40005
20
0
0
SEQEND
0
ENDBLK
0
BLOCK
2
PAD_65
8
0
10
0
20
0
3
PAD_65
70
64
0
POLYLINE
8
0
66
1
40
2.70002
41
2.70002
0
VERTEX
8
0
10
-1.35001
20
0
0
VERTEX
8
0
10
1.35001
20
0
0
SEQEND
0
ENDBLK
0
BLOCK
2
PAD_66
8
0
10
0
20
0
3
PAD_66
70
64
0
POLYLINE
8
0
66
1
40
0.4
41
0.4
0
VERTEX
8
0
10
-0.65
20
0
0
VERTEX
8
0
10
0.65
20
0
0
SEQEND
0
ENDBLK
0
BLOCK
2
PAD_67
8
0
10
0
20
0
3
PAD_67
70
64
0
POLYLINE
8
0
66
1
40
0.6096
41
0.6096
0
VERTEX
8
0
10
-1.143
20
0
0
VERTEX
8
0
10
1.143
20
0
0
SEQEND
0
ENDBLK
0
BLOCK
2
PAD_68
8
0
10
0
20
0
3
PAD_68
70
64
0
POLYLINE
8
0
66
1
40
0.65
41
0.65
0
VERTEX
8
0
10
-0.65
20
0
0
VERTEX
8
0
10
0.65
20
0
0
SEQEND
0
ENDBLK
0
BLOCK
2
PAD_69
8
0
10
0
20
0
3
PAD_69
70
64
0
POLYLINE
8
0
70
1
66
1
40
0.275
41
0.275
0
VERTEX
8
0
10
0
20
-0.1375
42
1
0
VERTEX
8
0
10
0
20
0.1375
42
1
0
SEQEND
0
ENDBLK
0
BLOCK
2
PAD_70
8
0
10
0
20
0
3
PAD_70
70
64
0
POLYLINE
8
0
70
1
66
1
40
0.762
41
0.762
0
VERTEX
8
0
10
0
20
-0.381
42
1
0
VERTEX
8
0
10
0
20
0.381
42
1
0
SEQEND
0
ENDBLK
0
BLOCK
2
PAD_71
8
0
10
0
20
0
3
PAD_71
70
64
0
POLYLINE
8
0
70
1
66
1
40
2
41
2
0
VERTEX
8
0
10
0
20
-1
42
1
0
VERTEX
8
0
10
0
20
1
42
1
0
SEQEND
0
ENDBLK
0
BLOCK
2
PAD_72
8
0
10
0
20
0
3
PAD_72
70
64
0
POLYLINE
8
0
70
1
66
1
40
3
41
3
0
VERTEX
8
0
10
0
20
-1.5
42
1
0
VERTEX
8
0
10
0
20
1.5
42
1
0
SEQEND
0
ENDBLK
0
BLOCK
2
PAD_73
8
0
10
0
20
0
3
PAD_73
70
64
0
POLYLINE
8
0
66
1
40
1
41
1
0
VERTEX
8
0
10
-0.5
20
0
0
VERTEX
8
0
10
0.5
20
0
0
SEQEND
0
ENDBLK
0
BLOCK
2
PAD_74
8
0
10
0
20
0
3
PAD_74
70
64
0
POLYLINE
8
0
66
1
40
1.5999993333
41
1.5999993333
0
VERTEX
8
0
10
-0.8999993333
20
0
0
VERTEX
8
0
10
0.8999993333
20
0
0
SEQEND
0
ENDBLK
0
BLOCK
2
PAD_75
8
0
10
0
20
0
3
PAD_75
70
64
0
POLYLINE
8
0
66
1
40
0.5999986667
41
0.5999986667
0
VERTEX
8
0
10
-0.6
20
0
0
VERTEX
8
0
10
0.6
20
0
0
SEQEND
0
ENDBLK
0
BLOCK
2
PAD_76
8
0
10
0
20
0
3
PAD_76
70
64
0
POLYLINE
8
0
66
1
40
1.3462
41
1.3462
0
VERTEX
8
0
10
-0.6985
20
0
0
VERTEX
8
0
10
0.6985
20
0
0
SEQEND
0
ENDBLK
0
BLOCK
2
PAD_77
8
0
10
0
20
0
3
PAD_77
70
64
0
POLYLINE
8
0
66
1
40
1.6
41
1.6
0
VERTEX
8
0
10
-0.8
20
0
0
VERTEX
8
0
10
0.8
20
0
0
SEQEND
0
ENDBLK
0
BLOCK
2
PAD_78
8
0
10
0
20
0
3
PAD_78
70
64
0
POLYLINE
8
0
70
1
66
1
40
0.1999993333
41
0.1999993333
0
VERTEX
8
0
10
-0.5500506667
20
-0.0999993333
0
VERTEX
8
0
10
0.5500506667
20
-0.0999993333
42
1
0
VERTEX
8
0
10
0.5500506667
20
0.0999993333
0
VERTEX
8
0
10
-0.5500506667
20
0.0999993333
42
1
0
SEQEND
0
ENDBLK
0
BLOCK
2
PAD_79
8
0
10
0
20
0
3
PAD_79
70
64
0
POLYLINE
8
0
66
1
40
0.6
41
0.6
0
VERTEX
8
0
10
-1.25
20
0
0
VERTEX
8
0
10
1.25
20
0
0
SEQEND
0
ENDBLK
0
BLOCK
2
PAD_80
8
0
10
0
20
0
3
PAD_80
70
64
0
POLYLINE
8
0
70
1
66
1
0
VERTEX
8
0
10
0
20
-0.6985
42
1
0
VERTEX
8
0
10
0
20
0.6985
42
1
0
SEQEND
0
POLYLINE
8
0
70
1
66
1
0
VERTEX
8
0
10
-1.143
20
-1.143
0
VERTEX
8
0
10
1.143
20
-1.143
0
VERTEX
8
0
10
1.143
20
1.143
0
VERTEX
8
0
10
-1.143
20
1.143
0
SEQEND
0
POLYLINE
8
0
66
1
40
0.381
41
0.381
0
VERTEX
8
0
10
0.493914
20
0.493914
0
VERTEX
8
0
10
1.143
20
1.143
0
SEQEND
0
POLYLINE
8
0
66
1
40
0.381
41
0.381
0
VERTEX
8
0
10
-0.493914
20
0.493914
0
VERTEX
8
0
10
-1.143
20
1.143
0
SEQEND
0
POLYLINE
8
0
66
1
40
0.381
41
0.381
0
VERTEX
8
0
10
-0.493914
20
-0.493914
0
VERTEX
8
0
10
-1.143
20
-1.143
0
SEQEND
0
POLYLINE
8
0
66
1
40
0.381
41
0.381
0
VERTEX
8
0
10
0.493914
20
-0.493914
0
VERTEX
8
0
10
1.143
20
-1.143
0
SEQEND
0
ENDBLK
0
BLOCK
2
PAD_81
8
0
10
0
20
0
3
PAD_81
70
64
0
POLYLINE
8
0
66
1
40
2
41
2
0
VERTEX
8
0
10
-1.35
20
0
0
VERTEX
8
0
10
1.35
20
0
0
SEQEND
0
ENDBLK
0
BLOCK
2
PAD_82
8
0
10
0
20
0
3
PAD_82
70
64
0
POLYLINE
8
0
70
1
66
1
40
0.3499993333
41
0.3499993333
0
VERTEX
8
0
10
-0.2499486667
20
-0.1749993333
0
VERTEX
8
0
10
0.2499486667
20
-0.1749993333
42
1
0
VERTEX
8
0
10
0.2499486667
20
0.1749993333
0
VERTEX
8
0
10
-0.2499486667
20
0.1749993333
42
1
0
SEQEND
0
ENDBLK
0
BLOCK
2
PAD_83
8
0
10
0
20
0
3
PAD_83
70
64
0
POLYLINE
8
0
70
1
66
1
40
0.2999486667
41
0.2999486667
0
VERTEX
8
0
10
-0.2501006667
20
-0.149974
0
VERTEX
8
0
10
0.2501006667
20
-0.149974
42
1
0
VERTEX
8
0
10
0.2501006667
20
0.149974
0
VERTEX
8
0
10
-0.2501006667
20
0.149974
42
1
0
SEQEND
0
ENDBLK
0
BLOCK
2
PAD_84
8
0
10
0
20
0
3
PAD_84
70
64
0
POLYLINE
8
0
66
1
40
0.6999986667
41
0.6999986667
0
VERTEX
8
0
10
-0.599948
20
0
0
VERTEX
8
0
10
0.599948
20
0
0
SEQEND
0
ENDBLK
0
BLOCK
2
PAD_85
8
0
10
0
20
0
3
PAD_85
70
64
0
POLYLINE
8
0
66
1
40
0.5998973333
41
0.5998973333
0
VERTEX
8
0
10
-0.5500493333
20
0
0
VERTEX
8
0
10
0.5500493333
20
0
0
SEQEND
0
ENDBLK
0
BLOCK
2
PAD_86
8
0
10
0
20
0
3
PAD_86
70
64
0
POLYLINE
8
0
70
1
66
1
40
0.9
41
0.9
0
VERTEX
8
0
10
0
20
-0.45
42
1
0
VERTEX
8
0
10
0
20
0.45
42
1
0
SEQEND
0
ENDBLK
0
BLOCK
2
PAD_87
8
0
10
0
20
0
3
PAD_87
70
64
0
POLYLINE
8
0
70
1
66
1
40
0.75
41
0.75
0
VERTEX
8
0
10
0
20
-0.375
42
1
0
VERTEX
8
0
10
0
20
0.375
42
1
0
SEQEND
0
ENDBLK
0
BLOCK
2
PAD_88
8
0
10
0
20
0
3
PAD_88
70
64
0
POLYLINE
8
0
70
1
66
1
40
1
41
1
0
VERTEX
8
0
10
0
20
-0.5
42
1
0
VERTEX
8
0
10
0
20
0.5
42
1
0
SEQEND
0
ENDBLK
0
BLOCK
2
PAD_89
8
0
10
0
20
0
3
PAD_89
70
64
0
POLYLINE
8
0
66
1
40
1.6
41
1.6
0
VERTEX
8
0
10
-1.8
20
0
0
VERTEX
8
0
10
0.6
20
0
0
SEQEND
0
ENDBLK
0
BLOCK
2
PAD_90
8
0
10
0
20
0
3
PAD_90
70
64
0
POLYLINE
8
0
66
1
40
1.6
41
1.6
0
VERTEX
8
0
10
-2.1
20
0
0
VERTEX
8
0
10
0.9
20
0
0
SEQEND
0
ENDBLK
0
BLOCK
2
PAD_91
8
0
10
0
20
0
3
PAD_91
70
64
0
POLYLINE
8
0
66
1
40
1.6
41
1.6
0
VERTEX
8
0
10
-0.6
20
0
0
VERTEX
8
0
10
1.8
20
0
0
SEQEND
0
ENDBLK
0
BLOCK
2
PAD_92
8
0
10
0
20
0
3
PAD_92
70
64
0
POLYLINE
8
0
66
1
40
1.6
41
1.6
0
VERTEX
8
0
10
-0.9
20
0
0
VERTEX
8
0
10
2.1
20
0
0
SEQEND
0
ENDBLK
0
BLOCK
2
PAD_93
8
0
10
0
20
0
3
PAD_93
70
64
0
POLYLINE
8
0
70
1
66
1
40
0.125
41
0.125
0
VERTEX
8
0
10
0
20
-0.0625
42
1
0
VERTEX
8
0
10
0
20
0.0625
42
1
0
SEQEND
0
ENDBLK
0
BLOCK
2
PAD_94
8
0
10
0
20
0
3
PAD_94
70
64
0
POLYLINE
8
0
66
1
40
1.5999993333
41
1.5999993333
0
VERTEX
8
0
10
-1.25
20
0
0
VERTEX
8
0
10
1.25
20
0
0
SEQEND
0
ENDBLK
999
*** POWERPCB  DRILL HOLE ***
0
BLOCK
2
DRIL_HOLE_0
8
0
10
0
20
0
3
DRIL_HOLE_0
70
64
0
POLYLINE
8
0
66
1
70
1
0
VERTEX
8
0
10
0
20
0
42
1
0
VERTEX
8
0
10
0
20
0
42
1
0
SEQEND
0
INSERT
2
DRIL_SYMBOL_0
8
0
10
0
20
0
0
ENDBLK
0
BLOCK
2
DRIL_HOLE_0$8
8
0
10
0
20
0
3
DRIL_HOLE_0$8
70
64
0
POLYLINE
8
0
66
1
40
0.4
41
0.4
70
1
0
VERTEX
8
0
10
-0.2
20
0
42
1
0
VERTEX
8
0
10
0.2
20
0
42
1
0
SEQEND
0
INSERT
2
DRIL_SYMBOL_0$8
8
0
10
0
20
0
0
ENDBLK
0
BLOCK
2
DRIL_HOLE_0$6
8
0
10
0
20
0
3
DRIL_HOLE_0$6
70
64
0
POLYLINE
8
0
66
1
40
0.3
41
0.3
70
1
0
VERTEX
8
0
10
-0.15
20
0
42
1
0
VERTEX
8
0
10
0.15
20
0
42
1
0
SEQEND
0
INSERT
2
DRIL_SYMBOL_0$6
8
0
10
0
20
0
0
ENDBLK
0
BLOCK
2
DRIL_HOLE_0$65
8
0
10
0
20
0
3
DRIL_HOLE_0$65
70
64
0
POLYLINE
8
0
66
1
40
0.325
41
0.325
70
1
0
VERTEX
8
0
10
-0.1625
20
0
42
1
0
VERTEX
8
0
10
0.1625
20
0
42
1
0
SEQEND
0
INSERT
2
DRIL_SYMBOL_0$65
8
0
10
0
20
0
0
ENDBLK
0
BLOCK
2
DRIL_HOLE_0$9
8
0
10
0
20
0
3
DRIL_HOLE_0$9
70
64
0
POLYLINE
8
0
66
1
40
0.45
41
0.45
70
1
0
VERTEX
8
0
10
-0.225
20
0
42
1
0
VERTEX
8
0
10
0.225
20
0
42
1
0
SEQEND
0
INSERT
2
DRIL_SYMBOL_0$9
8
0
10
0
20
0
0
ENDBLK
0
BLOCK
2
DRIL_HOLE_0$7874
8
0
10
0
20
0
3
DRIL_HOLE_0$7874
70
64
0
POLYLINE
8
0
66
1
40
0.3937
41
0.3937
70
1
0
VERTEX
8
0
10
-0.19685
20
0
42
1
0
VERTEX
8
0
10
0.19685
20
0
42
1
0
SEQEND
0
INSERT
2
DRIL_SYMBOL_0$7874
8
0
10
0
20
0
0
ENDBLK
0
BLOCK
2
DRIL_HOLE_2$3
8
0
10
0
20
0
3
DRIL_HOLE_2$3
70
64
0
POLYLINE
8
0
66
1
40
1.15
41
1.15
70
1
0
VERTEX
8
0
10
-0.575
20
0
42
1
0
VERTEX
8
0
10
0.575
20
0
42
1
0
SEQEND
0
INSERT
2
DRIL_SYMBOL_2$3
8
0
10
0
20
0
0
ENDBLK
0
BLOCK
2
DRIL_HOLE_2$286
8
0
10
0
20
0
3
DRIL_HOLE_2$286
70
64
0
POLYLINE
8
0
66
1
40
1.143
41
1.143
70
1
0
VERTEX
8
0
10
-0.5715
20
0
42
1
0
VERTEX
8
0
10
0.5715
20
0
42
1
0
SEQEND
0
INSERT
2
DRIL_SYMBOL_2$286
8
0
10
0
20
0
0
ENDBLK
0
BLOCK
2
DRIL_HOLE_3$8
8
0
10
0
20
0
3
DRIL_HOLE_3$8
70
64
0
POLYLINE
8
0
66
1
40
1.9
41
1.9
70
1
0
VERTEX
8
0
10
-0.95
20
0
42
1
0
VERTEX
8
0
10
0.95
20
0
42
1
0
SEQEND
0
INSERT
2
DRIL_SYMBOL_3$8
8
0
10
0
20
0
0
ENDBLK
0
BLOCK
2
DRIL_HOLE_1$7999986667
8
0
10
0
20
0
3
DRIL_HOLE_1$7999986667
70
64
0
POLYLINE
8
0
66
1
40
0.8999993333
41
0.8999993333
70
1
0
VERTEX
8
0
10
-0.4499993333
20
0
42
1
0
VERTEX
8
0
10
0.4499993333
20
0
42
1
0
SEQEND
0
INSERT
2
DRIL_SYMBOL_1$7999986667
8
0
10
0
20
0
0
ENDBLK
0
BLOCK
2
DRIL_HOLE_0$7112
8
0
10
0
20
0
3
DRIL_HOLE_0$7112
70
64
0
POLYLINE
8
0
66
1
40
0.3556
41
0.3556
70
1
0
VERTEX
8
0
10
-0.1778
20
0
42
1
0
VERTEX
8
0
10
0.1778
20
0
42
1
0
SEQEND
0
INSERT
2
DRIL_SYMBOL_0$7112
8
0
10
0
20
0
0
ENDBLK
0
BLOCK
2
DRIL_HOLE_1$016
8
0
10
0
20
0
3
DRIL_HOLE_1$016
70
64
0
POLYLINE
8
0
66
1
40
0.508
41
0.508
70
1
0
VERTEX
8
0
10
-0.254
20
0
42
1
0
VERTEX
8
0
10
0.254
20
0
42
1
0
SEQEND
0
INSERT
2
DRIL_SYMBOL_1$016
8
0
10
0
20
0
0
ENDBLK
0
BLOCK
2
DRIL_HOLE_1$3
8
0
10
0
20
0
3
DRIL_HOLE_1$3
70
64
0
POLYLINE
8
0
66
1
40
0.65
41
0.65
70
1
0
VERTEX
8
0
10
-0.325
20
0
42
1
0
VERTEX
8
0
10
0.325
20
0
42
1
0
SEQEND
0
INSERT
2
DRIL_SYMBOL_1$3
8
0
10
0
20
0
0
ENDBLK
0
BLOCK
2
DRIL_HOLE_3$5
8
0
10
0
20
0
3
DRIL_HOLE_3$5
70
64
0
POLYLINE
8
0
66
1
40
1.75
41
1.75
70
1
0
VERTEX
8
0
10
-0.875
20
0
42
1
0
VERTEX
8
0
10
0.875
20
0
42
1
0
SEQEND
0
INSERT
2
DRIL_SYMBOL_3$5
8
0
10
0
20
0
0
ENDBLK
0
BLOCK
2
DRIL_HOLE_1$1
8
0
10
0
20
0
3
DRIL_HOLE_1$1
70
64
0
POLYLINE
8
0
66
1
40
0.55
41
0.55
70
1
0
VERTEX
8
0
10
-0.275
20
0
42
1
0
VERTEX
8
0
10
0.275
20
0
42
1
0
SEQEND
0
INSERT
2
DRIL_SYMBOL_1$1
8
0
10
0
20
0
0
ENDBLK
0
BLOCK
2
DRIL_HOLE_1$4
8
0
10
0
20
0
3
DRIL_HOLE_1$4
70
64
0
POLYLINE
8
0
66
1
40
0.7
41
0.7
70
1
0
VERTEX
8
0
10
-0.35
20
0
42
1
0
VERTEX
8
0
10
0.35
20
0
42
1
0
SEQEND
0
INSERT
2
DRIL_SYMBOL_1$4
8
0
10
0
20
0
0
ENDBLK
0
BLOCK
2
DRIL_SLOT_0002300059000000900
8
0
10
0
20
0
3
DRIL_SLOT_0002300059000000900
70
64
0
POLYLINE
8
0
70
1
66
1
40
0.3
41
0.3
0
VERTEX
8
0
10
0.15
20
-0.45
0
VERTEX
8
0
10
0.15
20
0.45
42
1
0
VERTEX
8
0
10
-0.15
20
0.45
0
VERTEX
8
0
10
-0.15
20
-0.45
42
1
0
SEQEND
0
ENDBLK
0
BLOCK
2
DRIL_SLOT_0003100078000000900
8
0
10
0
20
0
3
DRIL_SLOT_0003100078000000900
70
64
0
POLYLINE
8
0
70
1
66
1
40
0.3937
41
0.3937
0
VERTEX
8
0
10
0.19685
20
-0.5969
0
VERTEX
8
0
10
0.19685
20
0.5969
42
1
0
VERTEX
8
0
10
-0.19685
20
0.5969
0
VERTEX
8
0
10
-0.19685
20
-0.5969
42
1
0
SEQEND
0
ENDBLK
0
BLOCK
2
DRIL_SLOT_0002300078000000900
8
0
10
0
20
0
3
DRIL_SLOT_0002300078000000900
70
64
0
POLYLINE
8
0
70
1
66
1
40
0.3
41
0.3
0
VERTEX
8
0
10
0.15
20
-0.6906
0
VERTEX
8
0
10
0.15
20
0.6906
42
1
0
VERTEX
8
0
10
-0.15
20
0.6906
0
VERTEX
8
0
10
-0.15
20
-0.6906
42
1
0
SEQEND
0
ENDBLK
0
ENDSEC
0
SECTION
2
ENTITIES
999
*** POWERPCB  DBLAYER ***
0
INSERT
2
DBLAYERS
8
0
10
0
20
0
999
*** POWERPCB  BOARD ***
0
INSERT
2
BOARD_33
8
0
10
-120
20
75.4
999
*** POWERPCB  2DLINE ***
0
INSERT
2
DRAWING_1
8
0
10
-23.4
20
0.1
0
INSERT
2
DRAWING_2
8
0
10
-120
20
-0.1
999
*** POWERPCB  COMPONENT ***
0
INSERT
2
PART_TOP_0
8
0
10
-59.6
20
12.8
50
270
0
INSERT
2
PART_TOP_1
8
0
10
-67.65
20
17.15
0
INSERT
2
PART_TOP_2
8
0
10
-16.8
20
2.55
0
INSERT
2
PART_TOP_3
8
0
10
-74.75
20
17.15
50
270
0
INSERT
2
PART_TOP_4
8
0
10
-96.7
20
51
50
90
0
INSERT
2
PART_TOP_5
8
0
10
-14.8
20
40.6
50
180
0
INSERT
2
PART_TOP_6
8
0
10
-106.95
20
49.45
0
INSERT
2
PART_TOP_7
8
0
10
-28.5
20
51.1
50
180
0
INSERT
2
PART_TOP_8
8
0
10
-97.05
20
57.6
50
90
0
INSERT
2
PART_TOP_9
8
0
10
-36.3
20
60
0
INSERT
2
PART_TOP_10
8
0
10
-12.3
20
46.95
50
180
0
INSERT
2
PART_TOP_11
8
0
10
-28.2
20
49.85
50
180
0
INSERT
2
PART_TOP_12
8
0
10
-99.4
20
15.7
50
270
0
INSERT
2
PART_TOP_13
8
0
10
-95.4
20
10.65
50
270
0
INSERT
2
PART_TOP_14
8
0
10
-94.55
20
18.6
50
90
0
INSERT
2
PART_TOP_15
8
0
10
-29.3
20
22.7
50
270
0
INSERT
2
PART_TOP_16
8
0
10
-95.6
20
18.6
50
90
0
INSERT
2
PART_TOP_17
8
0
10
-97.9
20
18.2
50
180
0
INSERT
2
PART_TOP_18
8
0
10
-53.2
20
61.65
50
180
0
INSERT
2
PART_TOP_19
8
0
10
-31.35
20
23.8
50
90
0
INSERT
2
PART_TOP_20
8
0
10
-55.3
20
63.4
50
270
0
INSERT
2
PART_TOP_21
8
0
10
-110.6
20
67.15
50
270
0
INSERT
2
PART_TOP_22
8
0
10
-97.2
20
62.55
0
INSERT
2
PART_TOP_23
8
0
10
-97.2
20
63.85
0
INSERT
2
PART_TOP_24
8
0
10
-18.05
20
2.15
50
90
0
INSERT
2
PART_TOP_25
8
0
10
-20.75
20
2.15
50
90
0
INSERT
2
PART_TOP_26
8
0
10
-21.65
20
11.2
50
180
0
INSERT
2
PART_TOP_27
8
0
10
-3.9
20
37
50
90
0
INSERT
2
PART_TOP_28
8
0
10
-18.7
20
37.25
50
270
0
INSERT
2
PART_TOP_29
8
0
10
-16.8
20
16.5
50
180
0
INSERT
2
PART_TOP_30
8
0
10
-16.8
20
17.6
50
180
0
INSERT
2
PART_TOP_31
8
0
10
-16.8
20
18.7
50
180
0
INSERT
2
PART_TOP_32
8
0
10
-100.65
20
51.1
50
90
0
INSERT
2
PART_TOP_33
8
0
10
-97.65
20
51.1
50
90
0
INSERT
2
PART_TOP_34
8
0
10
-99.65
20
51.1
50
90
0
INSERT
2
PART_TOP_35
8
0
10
-98.65
20
51.1
50
90
0
INSERT
2
PART_TOP_36
8
0
10
-16.8
20
9.9
50
180
0
INSERT
2
PART_TOP_37
8
0
10
-16.8
20
11
50
180
0
INSERT
2
PART_TOP_38
8
0
10
-16.8
20
12.1
50
180
0
INSERT
2
PART_TOP_39
8
0
10
-16.8
20
13.45
50
180
0
INSERT
2
PART_TOP_40
8
0
10
-109.8
20
38.2
50
180
0
INSERT
2
PART_TOP_41
8
0
10
-92.65
20
35.7
0
INSERT
2
PART_TOP_42
8
0
10
-57.3
20
63.3
50
270
0
INSERT
2
PART_TOP_43
8
0
10
-102.8
20
30.5
0
INSERT
2
PART_TOP_44
8
0
10
-71.25
20
70.8
0
INSERT
2
PART_TOP_45
8
0
10
-71.25
20
69.8
50
180
0
INSERT
2
PART_TOP_46
8
0
10
-71.25
20
68.85
0
INSERT
2
PART_TOP_47
8
0
10
-110.35
20
57.5
50
270
0
INSERT
2
PART_TOP_48
8
0
10
-110.35
20
59.5
50
90
0
INSERT
2
PART_TOP_49
8
0
10
-102.8
20
31.8
0
INSERT
2
PART_TOP_50
8
0
10
-102.8
20
33.35
0
INSERT
2
PART_TOP_51
8
0
10
-102.8
20
29.05
0
INSERT
2
PART_TOP_52
8
0
10
-99.1
20
48.6
0
INSERT
2
PART_TOP_53
8
0
10
-53.2
20
2.3
0
INSERT
2
PART_TOP_54
8
0
10
-73.7
20
11.2
0
INSERT
2
PART_TOP_55
8
0
10
-3.9
20
15.5
0
INSERT
2
PART_TOP_56
8
0
10
-121.6
20
43.8
50
270
0
INSERT
2
PART_TOP_57
8
0
10
-21.2
20
67.3
50
90
0
INSERT
2
PART_TOP_58
8
0
10
-67.3
20
65.9
50
180
0
INSERT
2
PART_TOP_59
8
0
10
-111.9
20
28.9
0
INSERT
2
PART_TOP_60
8
0
10
-111.1
20
11.2
50
90
0
INSERT
2
PART_TOP_61
8
0
10
-15.35
20
37.45
50
180
0
INSERT
2
PART_TOP_62
8
0
10
-106.2
20
53.7
0
INSERT
2
PART_TOP_63
8
0
10
-12.15
20
49
0
INSERT
2
PART_TOP_64
8
0
10
-8.7
20
62.3
50
180
0
INSERT
2
PART_TOP_65
8
0
10
-8.75
20
60.8
50
180
0
INSERT
2
PART_TOP_66
8
0
10
-8.75
20
59.3
50
180
0
INSERT
2
PART_TOP_73
8
0
10
-34
20
22.7
50
270
0
INSERT
2
PART_TOP_74
8
0
10
-38.25
20
22.7
50
270
0
INSERT
2
PART_TOP_75
8
0
10
-25.65
20
58.25
50
270
0
INSERT
2
PART_TOP_76
8
0
10
-8.25
20
42.45
0
INSERT
2
PART_TOP_77
8
0
10
-94.55
20
65.5
0
INSERT
2
PART_TOP_78
8
0
10
-73.8
20
17.15
50
90
0
INSERT
2
PART_TOP_79
8
0
10
-28.1
20
23
50
270
0
INSERT
2
PART_TOP_80
8
0
10
-100.65
20
53.05
50
270
0
INSERT
2
PART_TOP_81
8
0
10
-98.65
20
53.05
50
270
0
INSERT
2
PART_TOP_82
8
0
10
-99.65
20
53.05
50
270
0
INSERT
2
PART_TOP_83
8
0
10
-18.65
20
33.45
50
180
0
INSERT
2
PART_TOP_84
8
0
10
-12.35
20
32.5
50
180
0
INSERT
2
PART_TOP_85
8
0
10
-20.4
20
32.5
0
INSERT
2
PART_TOP_86
8
0
10
-18.65
20
32.5
0
INSERT
2
PART_TOP_87
8
0
10
-70.7
20
17.15
50
90
0
INSERT
2
PART_TOP_88
8
0
10
-18.8
20
18.7
0
INSERT
2
PART_TOP_89
8
0
10
-18.8
20
16.5
0
INSERT
2
PART_TOP_90
8
0
10
-18.75
20
12.1
0
INSERT
2
PART_TOP_91
8
0
10
-18.75
20
11
0
INSERT
2
PART_TOP_92
8
0
10
-18.75
20
9.9
0
INSERT
2
PART_TOP_93
8
0
10
-109.2
20
45.1
50
270
0
INSERT
2
PART_TOP_94
8
0
10
-75.7
20
17.15
50
270
0
INSERT
2
PART_TOP_95
8
0
10
-109.2
20
46.95
50
270
0
INSERT
2
PART_TOP_96
8
0
10
-38.1
20
60
0
INSERT
2
PART_TOP_97
8
0
10
-104.85
20
43.65
50
90
0
INSERT
2
PART_TOP_98
8
0
10
-106.25
20
41.4
50
180
0
INSERT
2
PART_TOP_99
8
0
10
-104.85
20
41.8
50
270
0
INSERT
2
PART_TOP_100
8
0
10
-8.75
20
64.6
50
90
0
INSERT
2
PART_TOP_101
8
0
10
-9.75
20
64.6
50
90
0
INSERT
2
PART_TOP_102
8
0
10
-7.75
20
64.6
50
90
0
INSERT
2
PART_TOP_103
8
0
10
-23
20
57.85
50
270
0
INSERT
2
PART_TOP_104
8
0
10
-30.95
20
22.45
50
180
0
INSERT
2
PART_TOP_105
8
0
10
-25.4
20
60.55
0
INSERT
2
PART_TOP_106
8
0
10
-27.15
20
60.55
50
180
0
INSERT
2
PART_TOP_107
8
0
10
-9.9
20
56.25
50
180
0
INSERT
2
PART_TOP_108
8
0
10
-9.95
20
55.3
50
180
0
INSERT
2
PART_TOP_109
8
0
10
-10.25
20
52.95
0
INSERT
2
PART_TOP_110
8
0
10
-10.25
20
51.95
0
INSERT
2
PART_TOP_111
8
0
10
-8.25
20
45.45
50
90
0
INSERT
2
PART_TOP_112
8
0
10
-30.95
20
21.45
0
INSERT
2
PART_TOP_113
8
0
10
-90.3
20
15.85
50
180
0
INSERT
2
PART_TOP_114
8
0
10
-92.1
20
15.85
0
INSERT
2
PART_TOP_115
8
0
10
-99.4
20
17.45
50
270
0
INSERT
2
PART_TOP_116
8
0
10
-92.1
20
16.8
0
INSERT
2
PART_TOP_117
8
0
10
-41.3
20
23.65
50
180
0
INSERT
2
PART_TOP_118
8
0
10
-65.3
20
63.55
50
270
0
INSERT
2
PART_TOP_119
8
0
10
-108.7
20
64.85
50
180
0
INSERT
2
PART_TOP_120
8
0
10
-104.95
20
67.55
0
INSERT
2
PART_TOP_121
8
0
10
-108.7
20
65.85
50
180
0
INSERT
2
PART_TOP_122
8
0
10
-103.2
20
67.55
50
180
0
INSERT
2
PART_TOP_123
8
0
10
-97.2
20
66.95
0
INSERT
2
PART_TOP_124
8
0
10
-110.6
20
68.9
50
90
0
INSERT
2
PART_TOP_125
8
0
10
-110.6
20
70.7
50
90
0
INSERT
2
PART_TOP_126
8
0
10
-26.2
20
23
50
270
0
INSERT
2
PART_TOP_127
8
0
10
-97.2
20
65.95
0
INSERT
2
PART_TOP_128
8
0
10
-110.6
20
72.5
50
90
0
INSERT
2
PART_TOP_129
8
0
10
-108.3
20
60.7
50
270
0
INSERT
2
PART_TOP_130
8
0
10
-97.2
20
60.3
0
INSERT
2
PART_TOP_131
8
0
10
-45.8
20
10.1
50
180
0
INSERT
2
PART_TOP_132
8
0
10
-47.2
20
15.65
50
90
0
INSERT
2
PART_TOP_133
8
0
10
-48.2
20
15.65
50
90
0
INSERT
2
PART_TOP_134
8
0
10
-75.7
20
63.65
50
90
0
INSERT
2
PART_TOP_135
8
0
10
-75.7
20
65.4
50
270
0
INSERT
2
PART_TOP_136
8
0
10
-74.7
20
65.35
50
90
0
INSERT
2
PART_TOP_137
8
0
10
-25.25
20
23
50
270
0
INSERT
2
PART_TOP_138
8
0
10
-74.7
20
68.95
50
90
0
INSERT
2
PART_TOP_139
8
0
10
-69.45
20
6.05
50
90
0
INSERT
2
PART_TOP_140
8
0
10
-89.55
20
31.8
50
180
0
INSERT
2
PART_TOP_141
8
0
10
-95.4
20
31.8
0
INSERT
2
PART_TOP_142
8
0
10
-88.4
20
40.3
50
270
0
INSERT
2
PART_TOP_143
8
0
10
-9.9
20
58.05
0
INSERT
2
PART_TOP_144
8
0
10
-21.65
20
10.25
0
INSERT
2
PART_TOP_145
8
0
10
-21.65
20
12.2
0
INSERT
2
PART_TOP_146
8
0
10
-19.4
20
2.55
0
INSERT
2
PART_TOP_147
8
0
10
-43.35
20
7.2
50
180
0
INSERT
2
PART_TOP_148
8
0
10
-43.35
20
9.2
50
180
0
INSERT
2
PART_TOP_149
8
0
10
-43.35
20
11.2
50
180
0
INSERT
2
PART_TOP_150
8
0
10
-43.35
20
13.2
50
180
0
INSERT
2
PART_TOP_151
8
0
10
-39.65
20
66.65
50
90
0
INSERT
2
PART_TOP_152
8
0
10
-46.3
20
66.65
50
90
0
INSERT
2
PART_TOP_153
8
0
10
-51.7
20
22.2
50
90
0
INSERT
2
PART_TOP_154
8
0
10
-82.5
20
64.25
50
180
0
INSERT
2
PART_TOP_155
8
0
10
-92.4
20
32.75
50
270
0
INSERT
2
PART_TOP_156
8
0
10
-65.8
20
11.75
50
270
0
INSERT
2
PART_TOP_157
8
0
10
-24.55
20
5.2
50
180
0
INSERT
2
PART_TOP_158
8
0
10
-16.8
20
34.5
0
INSERT
2
PART_TOP_159
8
0
10
-106.55
20
46.8
50
90
0
INSERT
2
PART_TOP_160
8
0
10
-21.85
20
50.45
0
INSERT
2
PART_TOP_161
8
0
10
-95.85
20
14.95
50
270
0
INSERT
2
PART_TOP_162
8
0
10
-99.1
20
60.3
50
90
0
INSERT
2
PART_TOP_163
8
0
10
-105.25
20
70.75
50
90
0
INSERT
2
PART_TOP_164
8
0
10
-92.85
20
21.25
50
180
0
INSERT
2
PART_TOP_165
8
0
10
-21.3
20
48.4
0
INSERT
2
PART_TOP_166
8
0
10
-26.3
20
48.4
0
INSERT
2
PART_TOP_167
8
0
10
-115
20
68.3
50
90
0
INSERT
2
PART_TOP_168
8
0
10
-114.8
20
54.5
50
90
0
INSERT
2
PART_TOP_169
8
0
10
-3.5
20
3.9
0
INSERT
2
PART_TOP_170
8
0
10
-106.7
20
67.55
0
INSERT
2
PART_TOP_171
8
0
10
-50.1
20
15.25
50
180
0
INSERT
2
PART_TOP_172
8
0
10
-9.85
20
48.8
50
270
0
INSERT
2
PART_TOP_173
8
0
10
-103.45
20
58.35
0
INSERT
2
PART_TOP_174
8
0
10
-97.15
20
11.45
50
180
0
INSERT
2
PART_TOP_175
8
0
10
-91.6
20
13.5
50
90
0
INSERT
2
PART_TOP_176
8
0
10
-75.7
20
67.15
50
90
0
INSERT
2
PART_TOP_180
8
0
10
-10.25
20
50.95
0
INSERT
2
PART_TOP_181
8
0
10
-97.65
20
53.05
50
270
0
INSERT
2
PART_TOP_182
8
0
10
-18.8
20
17.6
0
INSERT
2
PART_TOP_183
8
0
10
-96
20
3.9
0
INSERT
2
PART_TOP_184
8
0
10
-3.5
20
71.4
0
INSERT
2
PART_TOP_185
8
0
10
-96
20
71.4
0
INSERT
2
PART_TOP_186
8
0
10
-19.3
20
49.85
0
INSERT
2
PART_TOP_187
8
0
10
-8.8
20
39.8
0
INSERT
2
PART_TOP_188
8
0
10
-8.1
20
54.15
50
180
0
INSERT
2
PART_TOP_189
8
0
10
-8.1
20
55.3
50
180
0
INSERT
2
PART_TOP_190
8
0
10
-90.3
20
16.8
50
180
0
INSERT
2
PART_TOP_191
8
0
10
-94.7
20
23.35
0
INSERT
2
PART_TOP_192
8
0
10
-92.1
20
17.8
0
INSERT
2
PART_TOP_193
8
0
10
-92.55
20
13.5
50
270
0
INSERT
2
PART_TOP_194
8
0
10
-59.15
20
9.2
50
270
0
INSERT
2
PART_TOP_195
8
0
10
-97.2
20
61.6
50
180
0
INSERT
2
PART_TOP_196
8
0
10
-97.2
20
64.85
50
180
0
INSERT
2
PART_TOP_197
8
0
10
-45.8
20
8.95
50
180
0
INSERT
2
PART_TOP_198
8
0
10
-17.85
20
40.55
0
INSERT
2
PART_TOP_199
8
0
10
-95.5
20
51.25
50
90
0
INSERT
2
PART_TOP_200
8
0
10
-105.85
20
40
0
INSERT
2
PART_TOP_201
8
0
10
-101.2
20
57.5
50
90
0
INSERT
2
PART_TOP_202
8
0
10
-99.45
20
57.5
50
90
0
INSERT
2
PART_TOP_203
8
0
10
-14.75
20
47.7
50
270
0
INSERT
2
PART_TOP_204
8
0
10
-98.25
20
22.25
50
270
0
INSERT
2
PART_TOP_205
8
0
10
-96.45
20
22.25
50
270
0
INSERT
2
PART_TOP_206
8
0
10
-89.55
20
13.1
0
INSERT
2
PART_TOP_207
8
0
10
-92.35
20
10.35
50
270
0
INSERT
2
PART_TOP_208
8
0
10
-98.9
20
9.4
50
90
0
INSERT
2
PART_TOP_209
8
0
10
-56
20
61.65
0
INSERT
2
PART_TOP_210
8
0
10
-106
20
58.35
50
180
0
INSERT
2
PART_TOP_211
8
0
10
-108.85
20
67.35
50
180
0
INSERT
2
PART_TOP_212
8
0
10
-88.8
20
33.55
50
90
0
INSERT
2
PART_TOP_213
8
0
10
-65.15
20
5.35
50
270
0
INSERT
2
PART_TOP_214
8
0
10
-49.2
20
8
0
INSERT
2
PART_TOP_215
8
0
10
-54.65
20
10.45
50
270
0
INSERT
2
PART_TOP_216
8
0
10
-27.15
20
23
50
90
0
INSERT
2
PART_TOP_217
8
0
10
-96.55
20
18.6
50
90
0
INSERT
2
PART_TOP_218
8
0
10
-93.5
20
10.65
50
270
0
INSERT
2
PART_TOP_219
8
0
10
-94.45
20
10.65
50
270
0
INSERT
2
PART_TOP_220
8
0
10
-53.8
20
63.4
50
270
0
INSERT
2
PART_TOP_221
8
0
10
-75.7
20
61.85
50
90
0
INSERT
2
PART_TOP_222
8
0
10
-90
20
33.3
50
90
0
INSERT
2
PART_TOP_223
8
0
10
-66.9
20
5.35
50
270
0
INSERT
2
PART_TOP_224
8
0
10
-20.4
20
33.45
0
INSERT
2
PART_TOP_225
8
0
10
-16.85
20
15.4
50
180
0
INSERT
2
PART_TOP_226
8
0
10
-18.65
20
14.4
50
270
0
INSERT
2
PART_TOP_227
8
0
10
-98
20
57.6
50
90
0
INSERT
2
PART_TOP_228
8
0
10
-105.2
20
49.45
50
180
0
INSERT
2
PART_TOP_229
8
0
10
-111.35
20
50.7
50
180
0
INSERT
2
PART_TOP_230
8
0
10
-101.7
20
21.95
50
180
0
INSERT
2
PART_TOP_231
8
0
10
-92.1
20
14.9
0
INSERT
2
PART_TOP_232
8
0
10
-73.7
20
67.15
50
270
0
INSERT
2
PART_TOP_233
8
0
10
-21.05
20
49.85
50
180
0
INSERT
2
PART_TOP_234
8
0
10
-52.65
20
11.3
50
270
0
INSERT
2
PART_TOP_235
8
0
10
-24.7
20
50.5
0
INSERT
2
PART_TOP_236
8
0
10
-95.65
20
55.35
50
180
0
INSERT
2
PART_TOP_237
8
0
10
-96.7
20
8.55
0
INSERT
2
PART_TOP_238
8
0
10
-90.3
20
17.8
50
180
0
INSERT
2
PART_TOP_239
8
0
10
-20.4
20
31.55
0
INSERT
2
PART_TOP_240
8
0
10
-108.7
20
49.45
0
INSERT
2
PART_TOP_241
8
0
10
-49.2
20
10.1
0
INSERT
2
PART_TOP_242
8
0
10
-69.7
20
17.15
50
90
0
INSERT
2
PART_TOP_243
8
0
10
-68.45
20
6.05
50
270
0
INSERT
2
PART_TOP_244
8
0
10
-56.55
20
10.55
0
INSERT
2
PART_TOP_245
8
0
10
-56.55
20
11.5
0
INSERT
2
PART_TOP_246
8
0
10
-57.25
20
9.15
50
90
0
INSERT
2
PART_TOP_247
8
0
10
-58.2
20
9.2
50
90
0
INSERT
2
PART_TOP_248
8
0
10
-56.8
20
12.65
0
INSERT
2
PART_TOP_249
8
0
10
-56.8
20
14.05
0
INSERT
2
PART_TOP_250
8
0
10
-48.25
20
13
50
270
0
INSERT
2
PART_TOP_251
8
0
10
-56.25
20
9.15
50
270
0
INSERT
2
PART_TOP_252
8
0
10
-68.45
20
4.15
50
270
0
INSERT
2
PART_TOP_253
8
0
10
-71.55
20
13.95
50
90
0
INSERT
2
PART_TOP_254
8
0
10
-63.75
20
6.05
50
90
0
INSERT
2
PART_TOP_255
8
0
10
-48
20
5.2
0
INSERT
2
PART_TOP_256
8
0
10
-91.05
20
38.9
50
180
0
INSERT
2
PART_TOP_257
8
0
10
-11.9
20
71.05
50
180
0
INSERT
2
PART_TOP_258
8
0
10
-31.25
20
67.4
50
90
0
INSERT
2
PART_TOP_259
8
0
10
-93.75
20
37.5
50
270
0
INSERT
2
PART_TOP_260
8
0
10
-90.2
20
36.7
50
180
0
INSERT
2
PART_TOP_261
8
0
10
-93.75
20
39.5
50
90
0
INSERT
2
PART_TOP_262
8
0
10
-93.75
20
41.3
50
90
0
INSERT
2
PART_TOP_263
8
0
10
-75.7
20
68.95
50
270
0
INSERT
2
PART_TOP_264
8
0
10
-73.7
20
68.95
50
90
0
INSERT
2
PART_TOP_265
8
0
10
-74.7
20
67.15
50
90
999
*** POWERPCB  PCB PARAMETER ***
0
INSERT
2
PCB_PARAMS
8
0
10
0
20
0
0
ENDSEC
0
EOF
